tow; prn15; p-rng1; phase1; dopp1(carr); dopp1(range); bias1(Hz); p-rng2; phase2; dopp2(carr); dopp2(range); bias2(Hz); dopp1(eph); dopp2(eph); ebias1(ph); ebias1(rg); res-rg; res-carr 
579777.956; 89; 2194961.22363; -47447.501953125; 47447.501953125; -1.15346e+07; 1.1582e+07; 0; 0; -0; -0; 0; 2146.51; 1602.91; 45301; -1.15367e+07; 1.83122; 0.00375813
579778.956; 89; 2194573.34082; -49507.177734375; 2059.67578125; 2038.34; 21.3378; 0; 0; -0; -0; 0; 2146.18; 1602.67; -86.5027; -107.841; 5.49473; -0.129335
579779.956; 89; 2194181.61816; -51566.06640625; 2058.888671875; 2058.52; 0.372219; 0; 0; -0; -0; 0; 2145.84; 1602.42; -86.956; -87.3282; 5.61715; -0.0376131
579780.956; 89; 2193790.34961; -53624.4248046875; 2058.3583984375; 2056.13; 2.22827; 0; 0; -0; -0; 0; 2145.51; 1602.17; -87.1525; -89.3807; 6.14579; 0.0415723
579781.956; 89; 2193398.83594; -55682.109375; 2057.6845703125; 2057.42; 0.266338; 0; 0; -0; -0; 0; 2145.18; 1601.92; -87.4924; -87.7588; 5.9353; -0.144725
579782.956; 89; 2193005.47363; -57739.6416015625; 2057.5322265625; 2067.13; -9.60064; 0; 0; -0; -0; 0; 2144.84; 1601.67; -87.3109; -77.7103; 4.23066; -0.0146489
579783.956; 89; 2192616.6123; -59797.0927734375; 2057.451171875; 2043.48; 13.9711; 0; 0; -0; -0; 0; 2144.51; 1601.42; -87.0578; -101.029; 6.49837; -0.300919
579784.956; 89; 2192221.67969; -61853.880859375; 2056.7880859375; 2075.38; -18.5968; 0; 0; -0; -0; 0; 2144.18; 1601.17; -87.387; -68.7901; 3.0662; -0.150277
579785.956; 89; 2191830.8291; -63910.5322265625; 2056.6513671875; 2053.93; 2.71768; 0; 0; -0; -0; 0; 2143.84; 1600.92; -87.1894; -89.9071; 3.35894; -0.297688
579786.956; 89; 2191441.44531; -65967.091796875; 2056.5595703125; 2046.23; 10.3339; 0; 0; -0; -0; 0; 2143.51; 1600.67; -86.947; -97.2809; 5.13058; -0.401025
579787.956; 89; 2191047.38477; -68023.287109375; 2056.1953125; 2070.8; -14.6068; 0; 0; -0; -0; 0; 2143.17; 1600.42; -86.9771; -72.3702; 2.44138; -0.257382
579788.956; 89; 2190655.27832; -70079.3974609375; 2056.1103515625; 2060.53; -4.42293; 0; 0; -0; -0; 0; 2142.84; 1600.17; -86.7276; -82.3046; 1.39121; -0.392828
579789.956; 89; 2190264.42773; -72135.158203125; 2055.7607421875; 2053.93; 1.82705; 0; 0; -0; -0; 0; 2142.5; 1599.92; -86.7428; -88.5699; 1.80465; -0.279605
579790.956; 89; 2189873.57812; -74190.44140625; 2055.283203125; 2053.93; 1.35464; 0; 0; -0; -0; 0; 2142.17; 1599.67; -86.8857; -88.2403; 2.05716; -0.245824
579791.956; 89; 2189483.6709; -76245.2626953125; 2054.8212890625; 2048.98; 5.84498; 0; 0; -0; -0; 0; 2141.83; 1599.42; -87.0131; -92.858; 3.27589; -0.120828
579792.956; 89; 2189091.84375; -78300.255859375; 2054.9931640625; 2059.07; -4.0724; 0; 0; -0; -0; 0; 2141.5; 1599.17; -86.5065; -82.4341; 2.33717; -0.2507
579793.956; 89; 2188700.85352; -80354.2646484375; 2054.0087890625; 2054.67; -0.65876; 0; 0; -0; -0; 0; 2141.16; 1598.92; -87.1561; -86.4974; 2.10885; -0.313512
579794.956; 89; 2188305.74609; -82409.0419921875; 2054.77734375; 2076.3; -21.5262; 0; 0; -0; -0; 0; 2140.83; 1598.67; -86.053; -64.5268; -1.81208; -0.12497
579795.956; 89; 2187918.38574; -84463.998046875; 2054.9560546875; 2035.59; 19.3637; 0; 0; -0; -0; 0; 2140.5; 1598.42; -85.5394; -104.903; 1.78036; -0.194848
579796.956; 89; 2187525.61621; -86517.2685546875; 2053.2705078125; 2064.02; -10.7473; 0; 0; -0; -0; 0; 2140.16; 1598.17; -86.89; -76.1427; -0.106099; -0.033637
579797.956; 89; 2187135.70898; -88570.302734375; 2053.0341796875; 2048.98; 4.05787; 0; 0; -0; -0; 0; 2139.83; 1597.92; -86.7912; -90.8491; 0.411765; -0.26194
579798.956; 89; 2186744.71875; -90622.71484375; 2052.412109375; 2054.67; -2.25544; 0; 0; -0; -0; 0; 2139.49; 1597.67; -87.0782; -84.8228; 0.222217; -0.0216255
579799.956; 89; 2186352.43848; -92674.9033203125; 2052.1884765625; 2061.45; -9.25827; 0; 0; -0; -0; 0; 2139.16; 1597.42; -86.9669; -77.7086; -1.86213; -0.317385
579800.956; 89; 2185963.19336; -94726.857421875; 2051.9541015625; 2045.5; 6.4572; 0; 0; -0; -0; 0; 2138.82; 1597.17; -86.8658; -93.323; -0.529638; -0.198113
579801.956; 89; 2185572.4834; -96778.791015625; 2051.93359375; 2053.19; -1.26111; 0; 0; -0; -0; 0; 2138.48; 1596.92; -86.5512; -85.2901; -0.720184; -0.139142
579802.956; 89; 2185182.12207; -98830.3349609375; 2051.5439453125; 2051.36; 0.18132; 0; 0; -0; -0; 0; 2138.15; 1596.67; -86.6055; -86.7868; -0.393545; 0.139626
579803.956; 89; 2184790.15527; -100881.4375; 2051.1025390625; 2059.8; -8.69688; 0; 0; -0; -0; 0; 2137.81; 1596.42; -86.7114; -78.0145; -2.18174; 0.00403575
579804.956; 89; 2184400.42188; -102932.205078125; 2050.767578125; 2048.06; 2.70475; 0; 0; -0; -0; 0; 2137.48; 1596.17; -86.7109; -89.4157; -1.67325; -0.00441147
579805.956; 89; 2184012.85254; -104982.6083984375; 2050.4033203125; 2036.69; 13.7127; 0; 0; -0; -0; 0; 2137.14; 1595.92; -86.7397; -100.452; 0.759863; -0.169733
579806.956; 89; 2183622.42188; -107032.8076171875; 2050.19921875; 2051.73; -1.52777; 0; 0; -0; -0; 0; 2136.81; 1595.67; -86.6082; -85.0804; 0.371544; -0.251826
579807.956; 89; 2183231.50195; -109082.4404296875; 2049.6328125; 2054.3; -4.66524; 0; 0; -0; -0; 0; 2136.47; 1595.42; -86.8388; -82.1736; -0.181878; 0.0757091
579808.956; 89; 2182845.67773; -111131.986328125; 2049.5458984375; 2027.52; 22.0259; 0; 0; -0; -0; 0; 2136.14; 1595.17; -86.5898; -108.616; 3.6367; -0.278729
579809.956; 89; 2182454.47852; -113181.0615234375; 2049.0751953125; 2055.77; -6.69057; 0; 0; -0; -0; 0; 2135.8; 1594.92; -86.7248; -80.0342; 2.42104; -0.208376
579810.956; 89; 2182063.20996; -115230.705078125; 2049.6435546875; 2056.13; -6.48658; 0; 0; -0; -0; 0; 2135.46; 1594.66; -85.8204; -79.3338; 1.29183; -0.0979913
579811.956; 89; 2181677.41992; -117278.7568359375; 2048.0517578125; 2027.34; 20.7114; 0; 0; -0; -0; 0; 2135.13; 1594.41; -87.0764; -107.788; 4.78249; -0.517285
579812.956; 89; 2181286.22168; -119327.173828125; 2048.4169921875; 2055.76; -7.34365; 0; 0; -0; -0; 0; 2134.79; 1594.16; -86.3749; -79.0313; 3.94973; 0.0447198
579813.956; 89; 2180895.16211; -121374.529296875; 2047.35546875; 2055.03; -7.67644; 0; 0; -0; -0; 0; 2134.46; 1593.91; -87.1005; -79.424; 2.11644; -0.311524
579814.956; 89; 2180507.13867; -123421.703125; 2047.173828125; 2039.08; 8.0969; 0; 0; -0; -0; 0; 2134.12; 1593.66; -86.9458; -95.0427; 3.87542; -0.0885355
579815.956; 89; 2180115.41602; -125468.8564453125; 2047.1533203125; 2058.52; -11.3631; 0; 0; -0; -0; 0; 2133.78; 1593.41; -86.6301; -75.267; 1.74985; -0.0498472
579816.956; 89; 2179723.72852; -127515.375; 2046.5185546875; 2058.33; -11.8132; 0; 0; -0; -0; 0; 2133.45; 1593.16; -86.9286; -75.1155; -0.493124; -0.044268
579817.956; 89; 2179334.55371; -129561.58984375; 2046.21484375; 2045.13; 1.08744; 0; 0; -0; -0; 0; 2133.11; 1592.91; -86.8959; -87.9833; -0.385056; -0.137892
579818.956; 89; 2178946.98438; -131607.24609375; 2045.65625; 2036.69; 8.96564; 0; 0; -0; -0; 0; 2132.77; 1592.66; -87.1178; -96.0835; 1.53676; 0.0729908
579819.956; 89; 2178556.9375; -133652.234375; 2044.98828125; 2049.71; -4.72188; 0; 0; -0; -0; 0; 2132.44; 1592.4; -87.4493; -82.7274; 0.226011; -0.325204
579820.956; 89; 2178169.26367; -135697.486328125; 2045.251953125; 2037.24; 8.01224; 0; 0; -0; -0; 0; 2132.1; 1592.15; -86.8491; -94.8614; 1.64464; -0.412771
579821.956; 89; 2177777.95996; -137742.3193359375; 2044.8330078125; 2056.31; -11.4819; 0; 0; -0; -0; 0; 2131.76; 1591.9; -86.9314; -75.4495; -0.521196; -0.378138
579822.956; 89; 2177391.6123; -139786.9931640625; 2044.673828125; 2030.27; 14.4032; 0; 0; -0; -0; 0; 2131.43; 1591.65; -86.7536; -101.157; 2.26649; -0.317639
579823.956; 89; 2177003.62402; -141831.2861328125; 2044.29296875; 2038.89; 5.40079; 0; 0; -0; -0; 0; 2131.09; 1591.4; -86.7979; -92.1986; 3.13826; -0.454236
579824.956; 89; 2176616.29883; -143875.03125; 2043.7451171875; 2035.41; 8.33748; 0; 0; -0; -0; 0; 2130.75; 1591.15; -87.0086; -95.3461; 4.81894; -0.345246
579825.956; 89; 2176230.05566; -145918.1943359375; 2043.1630859375; 2029.72; 13.4416; 0; 0; -0; -0; 0; 2130.42; 1590.9; -87.2537; -100.695; 7.00209; -0.69004
579826.956; 89; 2175838.4375; -147961.38671875; 2043.1923828125; 2057.97; -14.775; 0; 0; -0; -0; 0; 2130.08; 1590.64; -86.8875; -72.1126; 4.38298; -0.478379
579827.956; 89; 2175452.22949; -150004.3720703125; 2042.9853515625; 2029.54; 13.4486; 0; 0; -0; -0; 0; 2129.74; 1590.39; -86.7574; -100.206; 6.69859; -0.692837
579828.956; 89; 2175060.40234; -152047.400390625; 2043.0283203125; 2059.07; -16.0372; 0; 0; -0; -0; 0; 2129.41; 1590.14; -86.3771; -70.3399; 4.01482; -0.31321
579829.956; 89; 2174673.9502; -154090.4677734375; 2043.0673828125; 2030.82; 12.2476; 0; 0; -0; -0; 0; 2129.07; 1589.89; -86.0008; -98.2485; 6.07001; -0.566098
579830.956; 89; 2174282.54102; -156133.173828125; 2042.7060546875; 2056.87; -14.1631; 0; 0; -0; -0; 0; 2128.73; 1589.64; -86.025; -71.8619; 3.76358; -0.171541
579831.956; 89; 2173896.40332; -158174.5595703125; 2041.3857421875; 2029.17; 12.2185; 0; 0; -0; -0; 0; 2128.39; 1589.38; -87.0077; -99.2262; 5.61431; -0.622512
579832.956; 89; 2173506.21582; -160216.650390625; 2042.0908203125; 2050.45; -8.35833; 0; 0; -0; -0; 0; 2128.06; 1589.13; -85.9654; -77.607; 4.34523; -0.290862
579833.956; 89; 2173117.18066; -162257.3447265625; 2040.6943359375; 2044.39; -3.69921; 0; 0; -0; -0; 0; 2127.72; 1588.88; -87.0242; -83.325; 3.27972; -0.631056
579834.956; 89; 2172724.93457; -164298.0966796875; 2040.751953125; 2061.27; -20.5152; 0; 0; -0; -0; 0; 2127.38; 1588.63; -86.629; -66.1138; -0.184778; -0.186996
579835.956; 89; 2172340.01855; -166338.642578125; 2040.5458984375; 2022.75; 17.7986; 0; 0; -0; -0; 0; 2127.04; 1588.38; -86.4975; -104.296; 3.10162; -0.278989
579836.956; 89; 2171950.94824; -168378.814453125; 2040.171875; 2044.58; -4.40642; 0; 0; -0; -0; 0; 2126.71; 1588.12; -86.5336; -82.1272; 2.5792; 0.0343612
579837.956; 89; 2171563.0293; -170418.373046875; 2039.55859375; 2038.53; 1.03078; 0; 0; -0; -0; 0; 2126.37; 1587.87; -86.809; -87.8398; 2.67224; -0.0682131
579838.956; 89; 2171176.4375; -172457.677734375; 2039.3046875; 2031.55; 7.75108; 0; 0; -0; -0; 0; 2126.03; 1587.62; -86.7251; -94.4762; 4.23436; 0.0176427
579839.956; 89; 2170789.14746; -174497.2431640625; 2039.5654296875; 2035.22; 4.34254; 0; 0; -0; -0; 0; 2125.69; 1587.37; -86.1266; -90.4691; 4.96519; -0.0764403
579840.956; 89; 2170402.66016; -176535.8720703125; 2038.62890625; 2031; 7.62441; 0; 0; -0; -0; 0; 2125.35; 1587.11; -86.725; -94.3495; 6.33474; -0.152978
579841.956; 89; 2170009.75098; -178574.150390625; 2038.2783203125; 2064.75; -26.4734; 0; 0; -0; -0; 0; 2125.02; 1586.86; -86.7376; -60.2642; 1.75719; 0.2962
579842.956; 89; 2169625.32227; -180612.328125; 2038.177734375; 2020.19; 17.9912; 0; 0; -0; -0; 0; 2124.68; 1586.61; -86.4998; -104.491; 4.94254; 0.0556364
579843.956; 89; 2169235.72949; -182650.947265625; 2038.619140625; 2047.32; -8.7047; 0; 0; -0; -0; 0; 2124.34; 1586.36; -85.7203; -77.0156; 2.99178; -0.232891
579844.956; 89; 2168848.2998; -184688.2548828125; 2037.3076171875; 2035.96; 1.35087; 0; 0; -0; -0; 0; 2124; 1586.1; -86.6934; -88.0443; 3.45749; -0.0244712
579845.956; 89; 2168459.33398; -186725.1337890625; 2036.87890625; 2044.03; -7.15028; 0; 0; -0; -0; 0; 2123.66; 1585.85; -86.7838; -79.6335; 2.29612; 0.168688
579846.956; 89; 2168071.48535; -188762.3330078125; 2037.19921875; 2038.16; -0.959103; 0; 0; -0; -0; 0; 2123.32; 1585.6; -86.1252; -85.1661; 2.14363; 0.191887
579847.956; 89; 2167682.625; -190799.0419921875; 2036.708984375; 2043.47; -6.76596; 0; 0; -0; -0; 0; 2122.99; 1585.35; -86.2767; -79.5108; 0.685957; 0.0195996
579848.956; 89; 2167294.56738; -192835.306640625; 2036.2646484375; 2039.26; -2.99189; 0; 0; -0; -0; 0; 2122.65; 1585.09; -86.3825; -83.3906; 0.367486; 0.261442
579849.956; 89; 2166907.45117; -194871.0673828125; 2035.7607421875; 2034.31; 1.45132; 0; 0; -0; -0; 0; 2122.31; 1584.84; -86.5479; -87.9992; 0.611752; 0.222146
579850.956; 89; 2166518.17188; -196906.416015625; 2035.3486328125; 2045.68; -10.3279; 0; 0; -0; -0; 0; 2121.97; 1584.59; -86.6212; -76.2933; -1.16706; 0.39598
579851.956; 89; 2166132.4873; -198941.5107421875; 2035.0947265625; 2026.79; 8.30863; 0; 0; -0; -0; 0; 2121.63; 1584.33; -86.5363; -94.8449; 0.334149; 0.306197
579852.956; 89; 2165747.74512; -200976.5009765625; 2034.990234375; 2021.83; 13.1564; 0; 0; -0; -0; 0; 2121.29; 1584.08; -86.3019; -99.4583; 2.78209; 0.2433
579853.956; 89; 2165357.90723; -203011.19140625; 2034.6904296875; 2048.61; -13.9215; 0; 0; -0; -0; 0; 2120.95; 1583.83; -86.2628; -72.3413; 0.368105; 0.464617
579854.956; 89; 2164971.38477; -205045.4169921875; 2034.2255859375; 2031.19; 3.03634; 0; 0; -0; -0; 0; 2120.61; 1583.58; -86.3887; -89.4251; 0.920763; 0.427161
579855.956; 89; 2164585.10645; -207079.1650390625; 2033.748046875; 2029.91; 3.84177; 0; 0; -0; -0; 0; 2120.28; 1583.32; -86.5272; -90.369; 1.61692; 0.38149
579856.956; 89; 2164197.43262; -209112.6123046875; 2033.447265625; 2037.24; -3.79245; 0; 0; -0; -0; 0; 2119.94; 1583.07; -86.4887; -82.6963; 1.01586; 0.488138
579857.956; 89; 2163812.51562; -211145.7763671875; 2033.1640625; 2022.75; 10.4116; 0; 0; -0; -0; 0; 2119.6; 1582.82; -86.4329; -96.8445; 2.64343; 0.130487
579858.956; 89; 2163425.57422; -213178.8486328125; 2033.072265625; 2033.39; -0.318548; 0; 0; -0; -0; 0; 2119.26; 1582.56; -86.1852; -85.8667; 2.5996; 0.143336
579859.956; 89; 2163035.91113; -215211.744140625; 2032.8955078125; 2047.69; -14.7978; 0; 0; -0; -0; 0; 2118.92; 1582.31; -86.0226; -71.2248; 0.0640689; 0.411951
579860.956; 89; 2162650.33105; -217244.1025390625; 2032.3583984375; 2026.24; 6.12141; 0; 0; -0; -0; 0; 2118.58; 1582.06; -86.2204; -92.3418; 0.981703; 0.159729
579861.956; 89; 2162264.08789; -219276.873046875; 2032.7705078125; 2029.72; 3.04898; 0; 0; -0; -0; 0; 2118.24; 1581.8; -85.4689; -88.5179; 1.85767; 0.443481
579862.956; 89; 2161877.98438; -221308.49609375; 2031.623046875; 2028.99; 2.63538; 0; 0; -0; -0; 0; 2117.9; 1581.55; -86.2768; -88.9122; 2.14605; 0.224311
579863.956; 89; 2161490.69434; -223338.9658203125; 2030.4697265625; 2035.22; -4.75317; 0; 0; -0; -0; 0; 2117.56; 1581.29; -87.0903; -82.3372; 1.3126; 0.287459
579864.956; 89; 2161108.25488; -225369.169921875; 2030.2041015625; 2009.73; 20.4712; 0; 0; -0; -0; 0; 2117.22; 1581.04; -87.0163; -107.487; 4.70516; -0.210465
579865.956; 89; 2160719.56934; -227399.5712890625; 2030.4013671875; 2042.56; -12.155; 0; 0; -0; -0; 0; 2116.88; 1580.79; -86.4792; -74.3243; 2.60994; 0.00638793
579866.956; 89; 2160335.31543; -229429.740234375; 2030.1689453125; 2019.27; 10.901; 0; 0; -0; -0; 0; 2116.54; 1580.53; -86.3718; -97.2728; 4.51921; -0.155248
579867.956; 89; 2159947.25781; -231459.4072265625; 2029.6669921875; 2039.26; -9.58955; 0; 0; -0; -0; 0; 2116.2; 1580.28; -86.534; -76.9444; 2.39669; -0.443571
579868.956; 89; 2159561.78223; -233488.7392578125; 2029.33203125; 2025.69; 3.64415; 0; 0; -0; -0; 0; 2115.86; 1580.03; -86.5288; -90.173; 3.08047; -0.444129
579869.956; 89; 2159174.59668; -235517.845703125; 2029.1064453125; 2034.67; -5.56734; 0; 0; -0; -0; 0; 2115.52; 1579.77; -86.4144; -80.847; 2.22027; -0.240471
579870.956; 89; 2158788.35352; -237546.501953125; 2028.65625; 2029.72; -1.06528; 0; 0; -0; -0; 0; 2115.18; 1579.52; -86.5244; -85.4591; 1.72144; -0.525955
579871.956; 89; 2158403.68066; -239574.65234375; 2028.150390625; 2021.47; 6.68091; 0; 0; -0; -0; 0; 2114.84; 1579.26; -86.6901; -93.371; 3.17777; -0.333604
579872.956; 89; 2158017.47266; -241602.4697265625; 2027.8173828125; 2029.54; -1.7194; 0; 0; -0; -0; 0; 2114.5; 1579.01; -86.683; -84.9636; 2.46823; -0.701431
579873.956; 89; 2157630.9502; -243629.857421875; 2027.3876953125; 2031.19; -3.80155; 0; 0; -0; -0; 0; 2114.16; 1578.76; -86.7724; -82.9708; 1.91349; -0.522356
579874.956; 89; 2157243.41602; -245656.9482421875; 2027.0908203125; 2036.51; -9.41504; 0; 0; -0; -0; 0; 2113.82; 1578.5; -86.7288; -77.3138; 0.226799; -0.410042
579875.956; 89; 2156861.15137; -247683.791015625; 2026.8427734375; 2008.81; 18.0285; 0; 0; -0; -0; 0; 2113.48; 1578.25; -86.6363; -104.665; 3.6595; -0.400017
579876.956; 89; 2156474.55957; -249710.3642578125; 2026.5732421875; 2031.55; -4.98036; 0; 0; -0; -0; 0; 2113.14; 1577.99; -86.5653; -81.5849; 2.9543; -0.154801
579877.956; 89; 2156088.21191; -251736.455078125; 2026.0908203125; 2030.27; -4.17982; 0; 0; -0; -0; 0; 2112.8; 1577.74; -86.7071; -82.5273; 2.16741; -0.144102
579878.956; 89; 2155705.00488; -253762.3115234375; 2025.8564453125; 2013.77; 12.0899; 0; 0; -0; -0; 0; 2112.46; 1577.48; -86.6008; -98.6907; 4.37747; -0.230365
579879.956; 89; 2155318.09863; -255787.8095703125; 2025.498046875; 2033.21; -7.70802; 0; 0; -0; -0; 0; 2112.12; 1577.23; -86.6186; -78.9106; 2.77219; -0.362825
579880.956; 89; 2154935.10156; -257812.873046875; 2025.0634765625; 2012.66; 12.4003; 0; 0; -0; -0; 0; 2111.78; 1576.98; -86.7122; -99.1125; 5.05275; -0.433501
579881.956; 89; 2154549.80078; -259837.494140625; 2024.62109375; 2024.77; -0.148178; 0; 0; -0; -0; 0; 2111.44; 1576.72; -86.8139; -86.6657; 5.05818; -0.392463
579882.956; 89; 2154160.73047; -261861.7451171875; 2024.2509765625; 2044.58; -20.3273; 0; 0; -0; -0; 0; 2111.09; 1576.47; -86.8429; -66.5156; 1.27476; -0.303295
579883.956; 89; 2153777.52344; -263885.9013671875; 2024.15625; 2013.77; 10.3897; 0; 0; -0; -0; 0; 2110.75; 1576.21; -86.5966; -96.9863; 3.28665; -0.264333
579884.956; 89; 2153393.96777; -265909.7431640625; 2023.841796875; 2015.6; 8.24318; 0; 0; -0; -0; 0; 2110.41; 1575.96; -86.5701; -94.8133; 4.49417; -0.614268
579885.956; 89; 2153005.94434; -267932.91796875; 2023.1748046875; 2039.08; -15.9021; 0; 0; -0; -0; 0; 2110.07; 1575.7; -86.8959; -70.9938; 1.66745; -0.408422
579886.956; 89; 2152622.49316; -269955.7255859375; 2022.8076171875; 2015.05; 7.75811; 0; 0; -0; -0; 0; 2109.73; 1575.45; -86.9219; -94.68; 3.33706; -0.211665
579887.956; 89; 2152235.16895; -271978.29296875; 2022.5673828125; 2035.4; -12.8351; 0; 0; -0; -0; 0; 2109.39; 1575.19; -86.8208; -73.9857; 0.738433; -0.363342
579888.956; 89; 2151852.03125; -274000.6904296875; 2022.3974609375; 2013.4; 8.99528; 0; 0; -0; -0; 0; 2109.05; 1574.94; -86.6492; -95.6445; 2.32183; -0.483938
579889.956; 89; 2151468.16211; -276022.689453125; 2021.9990234375; 2017.25; 4.75307; 0; 0; -0; -0; 0; 2108.71; 1574.68; -86.7062; -91.4593; 3.31347; -0.390034
579890.956; 89; 2151083.10547; -278044.4384765625; 2021.7490234375; 2023.49; -1.73728; 0; 0; -0; -0; 0; 2108.36; 1574.43; -86.6148; -84.8776; 3.1586; -0.211392
579891.956; 89; 2150697.45508; -280066.103515625; 2021.6650390625; 2026.61; -4.94144; 0; 0; -0; -0; 0; 2108.02; 1574.17; -86.3571; -81.4156; 2.19731; -0.229243
579892.956; 89; 2150313.27148; -282087.5439453125; 2021.4404296875; 2018.9; 2.54202; 0; 0; -0; -0; 0; 2107.68; 1573.92; -86.2401; -88.7821; 2.68604; -0.221386
579893.956; 89; 2149928.5293; -284108.4794921875; 2020.935546875; 2021.83; -0.898295; 0; 0; -0; -0; 0; 2107.34; 1573.66; -86.4033; -85.505; 2.61719; -0.118248
579894.956; 89; 2149543.64746; -286128.80078125; 2020.3212890625; 2022.57; -2.24641; 0; 0; -0; -0; 0; 2107; 1573.41; -86.6758; -84.4294; 2.30284; -0.00565721
579895.956; 89; 2149159.6377; -288148.8486328125; 2020.0478515625; 2017.98; 2.06291; 0; 0; -0; -0; 0; 2106.66; 1573.15; -86.6073; -88.6702; 2.42631; -0.271005
579896.956; 89; 2148775.73242; -290168.3935546875; 2019.544921875; 2017.44; 2.10909; 0; 0; -0; -0; 0; 2106.31; 1572.9; -86.7684; -88.8775; 2.97234; -0.124792
579897.956; 89; 2148392.5957; -292187.537109375; 2019.1435546875; 2013.4; 5.74651; 0; 0; -0; -0; 0; 2105.97; 1572.64; -86.8276; -92.5742; 3.99224; -0.195827
579898.956; 89; 2148008.5166; -294206.48828125; 2018.951171875; 2018.35; 0.60187; 0; 0; -0; -0; 0; 2105.63; 1572.39; -86.6781; -87.2799; 4.22617; -0.0753268
579899.956; 89; 2147623.11133; -296225.0478515625; 2018.5595703125; 2025.32; -6.75881; 0; 0; -0; -0; 0; 2105.29; 1572.13; -86.7276; -79.9688; 2.78668; -0.225607
579900.956; 89; 2147237.32129; -298243.1630859375; 2018.115234375; 2027.34; -9.2251; 0; 0; -0; -0; 0; 2104.94; 1571.87; -86.8295; -77.6044; 1.37977; 0.119565
579901.956; 89; 2146854.39355; -300260.869140625; 2017.7060546875; 2012.3; 5.40723; 0; 0; -0; -0; 0; 2104.6; 1571.62; -86.8965; -92.3037; 2.36185; 0.0704228
579902.956; 89; 2146469.37207; -302278.3037109375; 2017.4345703125; 2023.3; -5.86699; 0; 0; -0; -0; 0; 2104.26; 1571.36; -86.8256; -80.9586; 1.12161; -0.053566
579903.956; 89; 2146085.04883; -304295.337890625; 2017.0341796875; 2019.63; -2.59809; 0; 0; -0; -0; 0; 2103.92; 1571.11; -86.8836; -84.2855; 0.720631; 0.0375365
579904.956; 89; 2145701.21387; -306312.103515625; 2016.765625; 2017.07; -0.300709; 0; 0; -0; -0; 0; 2103.58; 1570.85; -86.8098; -86.5091; 0.438303; -0.186535
579905.956; 89; 2145318.42578; -308328.419921875; 2016.31640625; 2011.56; 4.75144; 0; 0; -0; -0; 0; 2103.23; 1570.6; -86.9163; -91.6677; 1.41543; -0.113322
579906.956; 89; 2144937.66211; -310344.5966796875; 2016.1767578125; 2000.93; 15.2502; 0; 0; -0; -0; 0; 2102.89; 1570.34; -86.7133; -101.963; 4.07585; -0.350038
579907.956; 89; 2144549.49902; -312360.4765625; 2015.8798828125; 2039.81; -23.9309; 0; 0; -0; -0; 0; 2102.55; 1570.08; -86.6676; -62.7367; 0.0884385; 0.211261
579908.956; 89; 2144170.72461; -314375.1220703125; 2014.6455078125; 1990.47; 24.1725; 0; 0; -0; -0; 0; 2102.2; 1569.83; -87.5593; -111.732; 4.20694; -0.266628
579909.956; 89; 2143783.33008; -316389.5537109375; 2014.431640625; 2035.77; -21.3404; 0; 0; -0; -0; 0; 2101.86; 1569.57; -87.4302; -66.0898; 0.386178; -0.0275483
579910.956; 89; 2143402.49609; -318403.8125; 2014.2587890625; 2001.3; 12.9627; 0; 0; -0; -0; 0; 2101.52; 1569.32; -87.2602; -100.223; 2.66668; -0.211301
579911.956; 89; 2143018.34766; -320417.732421875; 2013.919921875; 2018.71; -4.79374; 0; 0; -0; -0; 0; 2101.18; 1569.06; -87.2562; -82.4624; 1.8587; -0.106783
579912.956; 89; 2142636.81641; -322431.1396484375; 2013.4072265625; 2004.96; 8.44698; 0; 0; -0; -0; 0; 2100.83; 1568.8; -87.4257; -95.8727; 3.37244; -0.198087
579913.956; 89; 2142254.83105; -324444.1171875; 2012.9775390625; 2007.35; 5.63097; 0; 0; -0; -0; 0; 2100.49; 1568.55; -87.5123; -93.1432; 4.39588; -0.242529
579914.956; 89; 2141871.10059; -326456.984375; 2012.8671875; 2016.52; -3.65004; 0; 0; -0; -0; 0; 2100.15; 1568.29; -87.2796; -83.6296; 3.46816; -0.46913
579915.956; 89; 2141488.34766; -328469.8798828125; 2012.8955078125; 2011.38; 1.51529; 0; 0; -0; -0; 0; 2099.8; 1568.03; -86.9078; -88.4231; 3.86544; -0.355181
579916.956; 89; 2141104.5127; -330481.9423828125; 2012.0625; 2017.07; -5.00383; 0; 0; -0; -0; 0; 2099.46; 1567.78; -87.3975; -82.3937; 2.91358; -0.350218
579917.956; 89; 2140724.20215; -332493.7646484375; 2011.822265625; 1998.55; 13.2769; 0; 0; -0; -0; 0; 2099.12; 1567.52; -87.2945; -100.571; 5.41764; -0.367015
579918.956; 89; 2140341.27441; -334505.4189453125; 2011.654296875; 2012.3; -0.644529; 0; 0; -0; -0; 0; 2098.77; 1567.27; -87.1189; -86.4744; 5.56161; -0.0987455
579919.956; 89; 2139957.96289; -336516.29296875; 2010.8740234375; 2014.32; -3.44163; 0; 0; -0; -0; 0; 2098.43; 1567.01; -87.5558; -84.1142; 4.68491; -0.315958
579920.956; 89; 2139573.15137; -338526.7939453125; 2010.5009765625; 2022.2; -11.6972; 0; 0; -0; -0; 0; 2098.09; 1566.75; -87.5851; -75.8879; 2.74161; -0.0338789
579921.956; 89; 2139189.31641; -340537.251953125; 2010.4580078125; 2017.07; -6.60833; 0; 0; -0; -0; 0; 2097.74; 1566.5; -87.2846; -80.6762; 1.8011; 0.278048
579922.956; 89; 2138807.61035; -342547.4501953125; 2010.1982421875; 2005.88; 4.31939; 0; 0; -0; -0; 0; 2097.4; 1566.24; -87.2004; -91.5198; 2.49188; 0.143717
579923.956; 89; 2138424.43848; -344557.2236328125; 2009.7734375; 2013.58; -3.80836; 0; 0; -0; -0; 0; 2097.06; 1565.98; -87.2816; -83.4733; 2.14596; 0.514174
579924.956; 89; 2138043.0459; -346566.59765625; 2009.3740234375; 2004.23; 5.1425; 0; 0; -0; -0; 0; 2096.71; 1565.73; -87.337; -92.4795; 2.93831; 0.322529
579925.956; 89; 2137658.5127; -348575.6103515625; 2009.0126953125; 2020.74; -11.7229; 0; 0; -0; -0; 0; 2096.37; 1565.47; -87.3545; -75.6316; 0.775546; 0.383541
579926.956; 89; 2137278.02832; -350584.365234375; 2008.7548828125; 1999.46; 9.296; 0; 0; -0; -0; 0; 2096.02; 1565.21; -87.2681; -96.5641; 2.65992; 0.491335
579927.956; 89; 2136892.97168; -352592.4873046875; 2008.1220703125; 2023.49; -15.3642; 0; 0; -0; -0; 0; 2095.68; 1564.96; -87.5569; -72.1927; -0.349992; 0.397827
579928.956; 89; 2136512.03418; -354600.46484375; 2007.9775390625; 2001.84; 6.13747; 0; 0; -0; -0; 0; 2095.33; 1564.7; -87.3573; -93.4947; 0.745192; 0.318831
579929.956; 89; 2136129.62988; -356608.392578125; 2007.927734375; 2009.55; -1.62041; 0; 0; -0; -0; 0; 2094.99; 1564.44; -87.063; -85.4426; 0.18711; 0.0659909
579930.956; 89; 2135748.9707; -358615.9482421875; 2007.5556640625; 2000.38; 7.17817; 0; 0; -0; -0; 0; 2094.65; 1564.18; -87.0906; -94.2688; 1.72499; 0.233517
579931.956; 89; 2135368.27637; -360623.1064453125; 2007.158203125; 2000.56; 6.59597; 0; 0; -0; -0; 0; 2094.3; 1563.93; -87.1437; -93.7397; 2.63793; -0.108551
579932.956; 89; 2134986.81543; -362630.43359375; 2007.3271484375; 2004.59; 2.73639; 0; 0; -0; -0; 0; 2093.96; 1563.67; -86.6304; -89.3668; 3.15872; -0.10785
579933.956; 89; 2134606.19043; -364636.8388671875; 2006.4052734375; 2000.2; 6.2074; 0; 0; -0; -0; 0; 2093.61; 1563.41; -87.2079; -93.4153; 4.22358; -0.221718
579934.956; 89; 2134224.41504; -366643.1923828125; 2006.353515625; 2006.24; 0.110297; 0; 0; -0; -0; 0; 2093.27; 1563.16; -86.915; -87.0253; 4.23078; -0.232861
579935.956; 89; 2133840.26562; -368649.1103515625; 2005.91796875; 2018.72; -12.8008; 0; 0; -0; -0; 0; 2092.92; 1562.9; -87.0059; -74.205; 1.99857; -0.0299667
579936.956; 89; 2133458.83887; -370654.611328125; 2005.5009765625; 2004.41; 1.08984; 0; 0; -0; -0; 0; 2092.58; 1562.64; -87.0782; -88.168; 2.04898; -0.185378
579937.956; 89; 2133076.92383; -372659.7080078125; 2005.0966796875; 2006.98; -1.8804; 0; 0; -0; -0; 0; 2092.23; 1562.38; -87.1378; -85.2574; 2.025; 0.145588
579938.956; 89; 2132697.76562; -374664.427734375; 2004.7197265625; 1992.49; 12.2299; 0; 0; -0; -0; 0; 2091.89; 1562.13; -87.1698; -99.3997; 4.1656; -0.0410926
579939.956; 89; 2132312.35938; -376668.84765625; 2004.419921875; 2025.32; -20.9036; 0; 0; -0; -0; 0; 2091.54; 1561.87; -87.1247; -66.2211; 0.659552; 0.423738
579940.956; 89; 2131931.21191; -378673.1201171875; 2004.2724609375; 2002.94; 1.32903; 0; 0; -0; -0; 0; 2091.2; 1561.61; -86.9272; -88.2562; 0.552858; 0.0615969
579941.956; 89; 2131548.84277; -380677.1064453125; 2003.986328125; 2009.36; -5.37707; 0; 0; -0; -0; 0; 2090.85; 1561.35; -86.8684; -81.4913; -0.278595; 0.248025
579942.956; 89; 2131167.24121; -382680.9716796875; 2003.865234375; 2005.33; -1.46451; 0; 0; -0; -0; 0; 2090.51; 1561.09; -86.6442; -85.1797; -0.531659; 0.268238
579943.956; 89; 2130788.50195; -384684.6669921875; 2003.6953125; 1990.29; 13.4071; 0; 0; -0; -0; 0; 2090.16; 1560.84; -86.469; -99.876; 1.77728; 0.0239815
579944.956; 89; 2130405.57422; -386687.8525390625; 2003.185546875; 2012.3; -9.11328; 0; 0; -0; -0; 0; 2089.82; 1560.58; -86.6335; -77.5202; 0.177388; 0.154618
579945.956; 89; 2130023.83301; -388690.546875; 2002.6943359375; 2006.06; -3.36927; 0; 0; -0; -0; 0; 2089.47; 1560.32; -86.7794; -83.4101; -0.339142; 0.273906
579946.956; 89; 2129642.89551; -390693.00390625; 2002.45703125; 2001.84; 0.616957; 0; 0; -0; -0; 0; 2089.13; 1560.06; -86.6712; -87.2882; -0.210008; 0.280419
579947.956; 89; 2129261.36328; -392695.9404296875; 2002.9365234375; 2004.97; -2.02886; 0; 0; -0; -0; 0; 2088.78; 1559.81; -85.8464; -83.8176; -0.611081; 0.260437
579948.956; 89; 2128882.37988; -394697.630859375; 2001.6904296875; 1991.57; 10.1192; 0; 0; -0; -0; 0; 2088.44; 1559.55; -86.747; -96.8663; 1.16766; 0.111004
579949.956; 89; 2128499.0332; -396698.8798828125; 2001.2490234375; 2014.5; -13.2514; 0; 0; -0; -0; 0; 2088.09; 1559.29; -86.8426; -73.5913; -1.12502; 0.33387
579950.956; 89; 2128120.25879; -398699.80078125; 2000.9208984375; 1990.47; 10.4479; 0; 0; -0; -0; 0; 2087.75; 1559.03; -86.8252; -97.2732; 0.747888; 0.214758
579951.956; 89; 2127739.84473; -400700.474609375; 2000.673828125; 1999.09; 1.58444; 0; 0; -0; -0; 0; 2087.4; 1558.77; -86.7266; -88.3111; 1.06418; 0.225321
579952.956; 89; 2127359.88281; -402700.9912109375; 2000.5166015625; 1996.71; 3.80327; 0; 0; -0; -0; 0; 2087.05; 1558.51; -86.5379; -90.3411; 1.76367; 0.1978
579953.956; 89; 2126976.99023; -404700.4091796875; 1999.41796875; 2012.11; -12.6961; 0; 0; -0; -0; 0; 2086.71; 1558.26; -87.2906; -74.5945; -0.518466; 0.326123
579954.956; 89; 2126598.70508; -406700.302734375; 1999.8935546875; 1987.9; 11.9916; 0; 0; -0; -0; 0; 2086.36; 1558; -86.4692; -98.4608; 1.45539; 0.0167039
579955.956; 89; 2126216.68457; -408699.826171875; 1999.5234375; 2007.53; -8.00788; 0; 0; -0; -0; 0; 2086.02; 1557.74; -86.4933; -78.4855; 0.355822; 0.434509
579956.956; 89; 2125836.86328; -410698.6240234375; 1998.7978515625; 1995.97; 2.82351; 0; 0; -0; -0; 0; 2085.67; 1557.48; -86.8729; -89.6964; 0.678499; 0.216022
579957.956; 89; 2125454.04004; -412697.7509765625; 1999.126953125; 2011.75; -12.6228; 0; 0; -0; -0; 0; 2085.32; 1557.22; -86.1976; -73.5748; -1.70753; 0.227121
579958.956; 89; 2125074.46289; -414696.5009765625; 1998.75; 1994.69; 4.05862; 0; 0; -0; -0; 0; 2084.98; 1556.96; -86.2282; -90.2868; -1.02195; 0.136814
579959.956; 89; 2124693.87402; -416694.609375; 1998.1083984375; 2000.01; -1.8996; 0; 0; -0; -0; 0; 2084.63; 1556.71; -86.5235; -84.6239; -1.03723; 0.476031
579960.956; 89; 2124309.79492; -418692.4013671875; 1997.7919921875; 2018.35; -20.5573; 0; 0; -0; -0; 0; 2084.29; 1556.45; -86.4936; -65.9363; -4.85061; 0.565059
579961.956; 89; 2123933.77734; -420689.220703125; 1996.8193359375; 1975.99; 20.8336; 0; 0; -0; -0; 0; 2083.94; 1556.19; -87.1198; -107.953; -1.07222; 0.373065
579962.956; 89; 2123552.83887; -422686.0791015625; 1996.8583984375; 2001.85; -4.98681; 0; 0; -0; -0; 0; 2083.59; 1555.93; -86.7343; -81.7475; -1.93966; 0.447606
579963.956; 89; 2123175.42578; -424682.5625; 1996.4833984375; 1983.32; 13.1642; 0; 0; -0; -0; 0; 2083.25; 1555.67; -86.7626; -99.9269; 0.33528; 0.213491
579964.956; 89; 2122795.81348; -426678.6181640625; 1996.0556640625; 1994.88; 1.17954; 0; 0; -0; -0; 0; 2082.9; 1555.41; -86.8438; -88.0234; 0.819343; 0.466813
579965.956; 89; 2122416.27148; -428674.296875; 1995.6787109375; 1994.51; 1.17208; 0; 0; -0; -0; 0; 2082.55; 1555.15; -86.8739; -88.046; 0.477202; -0.0994595
579966.956; 89; 2122033.0293; -430669.5244140625; 1995.2275390625; 2013.95; -18.7237; 0; 0; -0; -0; 0; 2082.21; 1554.89; -86.9783; -68.2546; -2.45193; 0.52622
579967.956; 89; 2121658.75781; -432664.47265625; 1994.9482421875; 1966.81; 28.1383; 0; 0; -0; -0; 0; 2081.86; 1554.63; -86.9108; -115.049; 2.35088; -0.0264022
579968.956; 89; 2121276.70215; -434659.392578125; 1994.919921875; 2007.72; -12.7961; 0; 0; -0; -0; 0; 2081.51; 1554.38; -86.5924; -73.7962; 0.252406; 0.305104
579969.956; 89; 2120896.35742; -436654.0771484375; 1994.6845703125; 1998.73; -4.04046; 0; 0; -0; -0; 0; 2081.17; 1554.12; -86.4805; -82.4401; -0.378594; 0.436414
579970.956; 89; 2120519.11816; -438648.1904296875; 1994.11328125; 1982.41; 11.7076; 0; 0; -0; -0; 0; 2080.82; 1553.86; -86.7049; -98.4125; 1.54831; 0.132634
579971.956; 89; 2120139.19238; -440641.912109375; 1993.7216796875; 1996.52; -2.80178; 0; 0; -0; -0; 0; 2080.47; 1553.6; -86.7493; -83.9475; 0.978085; 0.0934582
579972.956; 89; 2119759.33594; -442635.2255859375; 1993.3134765625; 1996.16; -2.84562; 0; 0; -0; -0; 0; 2080.12; 1553.34; -86.8103; -83.9647; 0.51033; 0.164211
579973.956; 89; 2119378.88672; -444628.583984375; 1993.3583984375; 1999.27; -5.91574; 0; 0; -0; -0; 0; 2079.78; 1553.08; -86.4183; -80.5025; -0.622934; 0.153079
579974.956; 89; 2119000.42578; -446621.5546875; 1992.970703125; 1988.83; 4.14505; 0; 0; -0; -0; 0; 2079.43; 1552.82; -86.4585; -90.6036; 0.0770261; 0.0622128
579975.956; 89; 2118622.03613; -448613.2080078125; 1991.6533203125; 1988.45; 3.2023; 0; 0; -0; -0; 0; 2079.08; 1552.56; -87.4285; -90.6308; 0.656093; 0.0302594
579976.956; 89; 2118244.23828; -450605.02734375; 1991.8193359375; 1985.34; 6.47823; 0; 0; -0; -0; 0; 2078.73; 1552.3; -86.9151; -93.3933; 1.96267; 0.102132
579977.956; 89; 2117864.76562; -452596.5888671875; 1991.5615234375; 1994.14; -2.58074; 0; 0; -0; -0; 0; 2078.39; 1552.04; -86.8254; -84.2447; 1.4003; 0.0296755
579978.956; 89; 2117487.8418; -454587.8916015625; 1991.302734375; 1980.75; 10.5546; 0; 0; -0; -0; 0; 2078.04; 1551.78; -86.7365; -97.2911; 3.34237; -0.0365998
579979.956; 89; 2117108.61328; -456578.779296875; 1990.8876953125; 1992.86; -1.9716; 0; 0; -0; -0; 0; 2077.69; 1551.52; -86.8039; -84.8323; 2.98979; -0.0140874
579980.956; 89; 2116730.29199; -458569.267578125; 1990.48828125; 1988.09; 2.39649; 0; 0; -0; -0; 0; 2077.34; 1551.26; -86.8555; -89.252; 3.50868; 0.0479318
579981.956; 89; 2116352.39062; -460559.27734375; 1990.009765625; 1985.89; 4.12468; 0; 0; -0; -0; 0; 2077; 1551; -86.9863; -91.111; 4.38819; 0.140984
579982.956; 89; 2115971.62695; -462548.8857421875; 1989.6083984375; 2000.93; -11.3182; 0; 0; -0; -0; 0; 2076.65; 1550.74; -87.0398; -75.7216; 2.20791; 0.112743
579983.956; 89; 2115592.67773; -464538.3046875; 1989.4189453125; 1991.39; -1.97264; 0; 0; -0; -0; 0; 2076.3; 1550.48; -86.8813; -84.9087; 1.78439; 0.0631748
579984.956; 89; 2115214.60156; -466527.431640625; 1989.126953125; 1986.8; 2.32326; 0; 0; -0; -0; 0; 2075.95; 1550.22; -86.8253; -89.1486; 2.15895; -0.00512751
579985.956; 89; 2114834.57031; -468516.2939453125; 1988.8623046875; 1997.08; -8.21539; 0; 0; -0; -0; 0; 2075.6; 1549.96; -86.7417; -78.5263; 0.801319; 0.197638
579986.956; 89; 2114455.86621; -470504.765625; 1988.4716796875; 1990.1; -1.63181; 0; 0; -0; -0; 0; 2075.26; 1549.7; -86.7844; -85.1525; 0.310503; 0.0154797
579987.956; 89; 2114076.49805; -472493.3544921875; 1988.5888671875; 1993.59; -5.00429; 0; 0; -0; -0; 0; 2074.91; 1549.44; -86.3188; -81.3145; -0.552279; 0.102193
579988.956; 89; 2113701.14453; -474481.6396484375; 1988.28515625; 1972.5; 15.7891; 0; 0; -0; -0; 0; 2074.56; 1549.18; -86.2741; -102.063; 2.14528; -0.204063
579989.956; 89; 2113317.37891; -476469.1513671875; 1987.51171875; 2016.7; -29.1903; 0; 0; -0; -0; 0; 2074.21; 1548.92; -86.6994; -57.5092; -2.9346; 0.265406
579990.956; 89; 2112942.47852; -478456.2626953125; 1987.111328125; 1970.11; 16.9965; 0; 0; -0; -0; 0; 2073.86; 1548.66; -86.7512; -103.748; -0.111421; -0.146514
579991.956; 89; 2112565.13477; -480443.197265625; 1986.9345703125; 1982.95; 3.97978; 0; 0; -0; -0; 0; 2073.51; 1548.4; -86.5795; -90.5593; 0.732166; -0.0612254
579992.956; 89; 2112187.93066; -482430.0107421875; 1986.8134765625; 1982.22; 4.59254; 0; 0; -0; -0; 0; 2073.17; 1548.14; -86.3522; -90.9447; 1.53824; -0.129363
579993.956; 89; 2111809.88965; -484416.9365234375; 1986.92578125; 1986.62; 0.306836; 0; 0; -0; -0; 0; 2072.82; 1547.88; -85.8912; -86.198; 1.26783; -0.455247
579994.956; 89; 2111431.63867; -486403.6630859375; 1986.7265625; 1987.72; -0.995735; 0; 0; -0; -0; 0; 2072.47; 1547.62; -85.7418; -84.746; 1.31981; -0.21325
579995.956; 89; 2111054.43457; -488388.962890625; 1985.2998046875; 1982.22; 3.07887; 0; 0; -0; -0; 0; 2072.12; 1547.36; -86.8196; -89.8985; 1.67554; -0.440725
579996.956; 89; 2110678.10352; -490374.0302734375; 1985.0673828125; 1977.63; 7.43434; 0; 0; -0; -0; 0; 2071.77; 1547.1; -86.7033; -94.1377; 3.21917; -0.309209
579997.956; 89; 2110300.16602; -492358.904296875; 1984.8740234375; 1986.07; -1.20094; 0; 0; -0; -0; 0; 2071.42; 1546.84; -86.5477; -85.3468; 2.88846; -0.408207
579998.956; 89; 2109919.92578; -494343.302734375; 1984.3984375; 1998.18; -13.7775; 0; 0; -0; -0; 0; 2071.07; 1546.58; -86.6743; -72.8968; 0.791942; 0.11484
579999.956; 89; 2109545.0957; -496327.087890625; 1983.78515625; 1969.75; 14.0398; 0; 0; -0; -0; 0; 2070.72; 1546.32; -86.9384; -100.978; 2.96709; -0.378364
580000.956; 89; 2109167.19336; -498310.7412109375; 1983.6533203125; 1985.89; -2.2369; 0; 0; -0; -0; 0; 2070.37; 1546.06; -86.7212; -84.4843; 2.67522; -0.242748
580001.956; 89; 2108787.7207; -500294.1708984375; 1983.4296875; 1994.14; -10.7126; 0; 0; -0; -0; 0; 2070.03; 1545.8; -86.5956; -75.8831; 0.628344; -0.249803
580002.956; 89; 2108411.7041; -502276.99609375; 1982.8251953125; 1975.98; 6.84462; 0; 0; -0; -0; 0; 2069.68; 1545.54; -86.8509; -93.6956; 1.87722; -0.301282
580003.956; 89; 2108033.38281; -504259.84375; 1982.84765625; 1988.09; -5.24414; 0; 0; -0; -0; 0; 2069.33; 1545.28; -86.4792; -81.235; 0.996697; -0.182957
580004.956; 89; 2107654.8877; -506242.6748046875; 1982.8310546875; 1989.01; -6.17421; 0; 0; -0; -0; 0; 2068.98; 1545.02; -86.1463; -79.9721; -0.190225; -0.194412
580005.956; 89; 2107276.46289; -508225.052734375; 1982.3779296875; 1988.64; -6.25784; 0; 0; -0; -0; 0; 2068.63; 1544.75; -86.2499; -79.9921; -0.978474; 0.205144
580006.956; 89; 2106898.00195; -510206.6806640625; 1981.6279296875; 1988.83; -7.19772; 0; 0; -0; -0; 0; 2068.28; 1544.49; -86.6504; -79.4527; -2.28498; 0.264002
580007.956; 89; 2106522.92676; -512187.7939453125; 1981.11328125; 1971.03; 10.0798; 0; 0; -0; -0; 0; 2067.93; 1544.23; -86.8156; -96.8955; -0.728932; -0.0985533
580008.956; 89; 2106144.88574; -514168.4912109375; 1980.697265625; 1986.62; -5.92168; 0; 0; -0; -0; 0; 2067.58; 1543.97; -86.8819; -80.9603; -1.7107; 0.0443129
580009.956; 89; 2105769.56641; -516149.255859375; 1980.7646484375; 1972.32; 8.44823; 0; 0; -0; -0; 0; 2067.23; 1543.71; -86.4649; -94.9131; -0.234623; -0.088099
580010.956; 89; 2105391.62988; -518129.5771484375; 1980.3212890625; 1986.07; -5.74855; 0; 0; -0; -0; 0; 2066.88; 1543.45; -86.5584; -80.8098; -1.09761; 0.140361
580011.956; 89; 2105017.53223; -520109.2578125; 1979.6806640625; 1965.9; 13.7842; 0; 0; -0; -0; 0; 2066.53; 1543.19; -86.8492; -100.633; 1.1058; -0.277406
580012.956; 89; 2104641.33984; -522088.62109375; 1979.36328125; 1976.9; 2.45897; 0; 0; -0; -0; 0; 2066.18; 1542.93; -86.8166; -89.2756; 1.62526; -0.225133
580013.956; 89; 2104260.40137; -524067.8349609375; 1979.2138671875; 2001.85; -22.6313; 0; 0; -0; -0; 0; 2065.83; 1542.67; -86.616; -63.9847; -2.33544; 0.117375
580014.956; 89; 2103887.24609; -526045.5771484375; 1977.7421875; 1960.94; 16.798; 0; 0; -0; -0; 0; 2065.48; 1542.4; -87.7375; -104.535; 0.511613; -0.231541
580015.956; 89; 2103507.14551; -528023.0986328125; 1977.521484375; 1997.44; -19.9206; 0; 0; -0; -0; 0; 2065.13; 1542.14; -87.6081; -67.6876; -3.16756; -0.12098
580016.956; 89; 2103134.72266; -530000.6767578125; 1977.578125; 1957.1; 20.4828; 0; 0; -0; -0; 0; 2064.78; 1541.88; -87.2012; -107.684; 0.66751; -0.183361
580017.956; 89; 2102757.03027; -531977.8623046875; 1977.185546875; 1984.79; -7.60132; 0; 0; -0; -0; 0; 2064.43; 1541.62; -87.2434; -79.6421; -0.751677; -0.15617
580018.956; 89; 2102383.03711; -533954.91796875; 1977.0556640625; 1965.35; 11.7083; 0; 0; -0; -0; 0; 2064.08; 1541.36; -87.0231; -98.7314; 1.28401; -0.34631
580019.956; 89; 2102005.13574; -535931.884765625; 1976.966796875; 1985.89; -8.91829; 0; 0; -0; -0; 0; 2063.73; 1541.1; -86.7615; -77.8432; 0.08434; 0.148788
580020.956; 89; 2101628.76953; -537908.314453125; 1976.4296875; 1977.82; -1.3881; 0; 0; -0; -0; 0; 2063.38; 1540.83; -86.9482; -85.5601; -0.265797; 0.0608039
580021.956; 89; 2101253.1709; -539884.3818359375; 1976.0673828125; 1973.78; 2.28325; 0; 0; -0; -0; 0; 2063.03; 1540.57; -86.9599; -89.2432; 0.202601; 0.0927044
580022.956; 89; 2100875.47852; -541860.2236328125; 1975.841796875; 1984.79; -8.94507; 0; 0; -0; -0; 0; 2062.68; 1540.31; -86.8349; -77.8898; -1.13078; 0.456602
580023.956; 89; 2100501.41504; -543835.7158203125; 1975.4921875; 1965.72; 9.77535; 0; 0; -0; -0; 0; 2062.33; 1540.05; -86.8339; -96.6092; 0.399143; 0.124758
580024.956; 89; 2100125.32812; -545810.6640625; 1974.9482421875; 1976.35; -1.40183; 0; 0; -0; -0; 0; 2061.98; 1539.79; -87.027; -85.6251; 0.54641; 0.533989
580025.956; 89; 2099746.20508; -547785.7138671875; 1975.0498046875; 1992.31; -17.2553; 0; 0; -0; -0; 0; 2061.62; 1539.52; -86.5746; -69.3194; -2.6295; 0.634416
580026.956; 89; 2099372.5957; -549759.8076171875; 1974.09375; 1963.33; 10.7632; 0; 0; -0; -0; 0; 2061.27; 1539.26; -87.1798; -97.943; -0.82222; 0.38942
580027.956; 89; 2098996.75293; -551733.9697265625; 1974.162109375; 1975.07; -0.904996; 0; 0; -0; -0; 0; 2060.92; 1539; -86.7605; -85.8555; -0.952322; 0.426665
580028.956; 89; 2098619.65332; -553707.7822265625; 1973.8125; 1981.67; -7.85932; 0; 0; -0; -0; 0; 2060.57; 1538.74; -86.7589; -78.8996; -2.45651; 0.413316
580029.956; 89; 2098244.99805; -555681.3134765625; 1973.53125; 1968.83; 4.7045; 0; 0; -0; -0; 0; 2060.22; 1538.48; -86.689; -91.3935; -1.61669; 0.35357
580030.956; 89; 2097869.99219; -557654.572265625; 1973.2587890625; 1970.67; 2.5897; 0; 0; -0; -0; 0; 2059.87; 1538.21; -86.6103; -89.2; -1.29491; 0.179686
580031.956; 89; 2097495.05664; -559627.4619140625; 1972.8896484375; 1970.3; 2.59005; 0; 0; -0; -0; 0; 2059.52; 1537.95; -86.6282; -89.2182; -0.8096; 0.169407
580032.956; 89; 2097122.63477; -561599.6669921875; 1972.205078125; 1957.09; 15.1149; 0; 0; -0; -0; 0; 2059.17; 1537.69; -86.9616; -102.077; 1.80384; -0.0933388
580033.956; 89; 2096743.12695; -563571.517578125; 1971.8505859375; 1994.33; -22.4764; 0; 0; -0; -0; 0; 2058.82; 1537.43; -86.9648; -64.4883; -2.08786; 0.287662
580034.956; 89; 2096370.11133; -565543.1142578125; 1971.5966796875; 1960.21; 11.3863; 0; 0; -0; -0; 0; 2058.46; 1537.16; -86.8672; -98.2535; -0.0856072; 0.120858
580035.956; 89; 2095996.60645; -567514.4638671875; 1971.349609375; 1962.78; 8.5682; 0; 0; -0; -0; 0; 2058.11; 1536.9; -86.7626; -95.3308; 1.59964; 0.173648
580036.956; 89; 2095621.67188; -569485.5283203125; 1971.064453125; 1970.29; 0.769988; 0; 0; -0; -0; 0; 2057.76; 1536.64; -86.6963; -87.4663; 1.59343; 0.0199729
580037.956; 89; 2095248.51562; -571455.8408203125; 1970.3125; 1960.95; 9.36317; 0; 0; -0; -0; 0; 2057.41; 1536.38; -87.0966; -96.4598; 3.2825; -0.0726093
580038.956; 89; 2094872.46387; -573426.0224609375; 1970.181640625; 1976.17; -5.98368; 0; 0; -0; -0; 0; 2057.06; 1536.11; -86.8756; -80.8919; 2.3273; 0.109032
580039.956; 89; 2094501.36719; -575395.947265625; 1969.9248046875; 1950.13; 19.7986; 0; 0; -0; -0; 0; 2056.71; 1535.85; -86.7808; -106.579; 5.80922; -0.174698
580040.956; 89; 2094123.70996; -577365.4404296875; 1969.4931640625; 1984.6; -15.109; 0; 0; -0; -0; 0; 2056.35; 1535.59; -86.8606; -71.7516; 3.255; 0.144879
580041.956; 89; 2093750.79883; -579334.7607421875; 1969.3203125; 1959.66; 9.65908; 0; 0; -0; -0; 0; 2056; 1535.33; -86.6815; -96.3406; 4.96068; 0.0124642
580042.956; 89; 2093374.67676; -581303.677734375; 1968.9169921875; 1976.53; -7.61783; 0; 0; -0; -0; 0; 2055.65; 1535.06; -86.7327; -79.1149; 3.54264; 0.0435749
580043.956; 89; 2092997.6123; -583271.9501953125; 1968.2724609375; 1981.49; -13.2146; 0; 0; -0; -0; 0; 2055.3; 1534.8; -87.0253; -73.8107; 1.07867; 0.0923087
580044.956; 89; 2092625.0498; -585239.923828125; 1967.9736328125; 1957.83; 10.1445; 0; 0; -0; -0; 0; 2054.95; 1534.54; -86.972; -97.1164; 3.1525; 0.233773
580045.956; 89; 2092248.71875; -587207.72265625; 1967.798828125; 1977.63; -9.83421; 0; 0; -0; -0; 0; 2054.59; 1534.27; -86.7945; -76.9602; 1.16263; 0.113686
580046.956; 89; 2091873.71387; -589175.048828125; 1967.326171875; 1970.66; -3.33779; 0; 0; -0; -0; 0; 2054.24; 1534.01; -86.9149; -83.5771; 0.860347; 0.442713
580047.956; 89; 2091500.45312; -591141.5244140625; 1966.4755859375; 1961.5; 4.97715; 0; 0; -0; -0; 0; 2053.89; 1533.75; -87.4132; -92.3904; 1.63623; 0.268642
580048.956; 89; 2091125.72754; -593108.2158203125; 1966.69140625; 1969.2; -2.50484; 0; 0; -0; -0; 0; 2053.54; 1533.48; -86.8448; -84.34; 1.03129; 0.13826
580049.956; 89; 2090749.60547; -595074.5361328125; 1966.3203125; 1976.53; -10.2145; 0; 0; -0; -0; 0; 2053.18; 1533.22; -86.8635; -76.649; -0.456906; 0.587649
580050.956; 89; 2090374.66992; -597040.1591796875; 1965.623046875; 1970.3; -4.67655; 0; 0; -0; -0; 0; 2052.83; 1532.96; -87.2082; -82.5317; -1.66009; 0.270952
580051.956; 89; 2090003.05078; -599005.765625; 1965.6064453125; 1952.87; 12.7347; 0; 0; -0; -0; 0; 2052.48; 1532.7; -86.8722; -99.6069; 0.934672; 0.437784
580052.956; 89; 2089631.32617; -600971.240234375; 1965.474609375; 1953.43; 12.0486; 0; 0; -0; -0; 0; 2052.13; 1532.43; -86.6515; -98.7002; 3.02089; 0.229005
580053.956; 89; 2089255.65723; -602937.1171875; 1965.876953125; 1974.15; -8.27668; 0; 0; -0; -0; 0; 2051.77; 1532.17; -85.8965; -77.6198; 1.9917; 0.768324
580054.956; 89; 2088881.41992; -604900.8837890625; 1963.7666015625; 1966.63; -2.86371; 0; 0; -0; -0; 0; 2051.42; 1531.9; -87.6538; -84.7901; 0.958581; 0.276971
580055.956; 89; 2088511.65039; -606865.36328125; 1964.4794921875; 1943.15; 21.3275; 0; 0; -0; -0; 0; 2051.07; 1531.64; -86.5881; -107.916; 5.04396; 0.301553
580056.956; 89; 2088135.52832; -608829.205078125; 1963.841796875; 1976.53; -12.693; 0; 0; -0; -0; 0; 2050.71; 1531.38; -86.8728; -74.1798; 2.60197; 0.272455
580057.956; 89; 2087763.41992; -610792.3916015625; 1963.1865234375; 1955.44; 7.74369; 0; 0; -0; -0; 0; 2050.36; 1531.11; -87.1751; -94.9187; 4.0134; 0.208598
580058.956; 89; 2087390.50879; -612755.4228515625; 1963.03125; 1959.66; 3.37002; 0; 0; -0; -0; 0; 2050.01; 1530.85; -86.9772; -90.3472; 4.39325; -0.0524304
580059.956; 89; 2087015.46875; -614718.40625; 1962.9833984375; 1970.85; -7.86531; 0; 0; -0; -0; 0; 2049.66; 1530.59; -86.6721; -78.8068; 3.32851; 0.376644
580060.956; 89; 2086641.64941; -616680.8486328125; 1962.4423828125; 1964.43; -1.99149; 0; 0; -0; -0; 0; 2049.3; 1530.32; -86.8597; -84.8683; 2.84958; 0.274388
580061.956; 89; 2086266.71484; -618643.2001953125; 1962.3515625; 1970.29; -7.9429; 0; 0; -0; -0; 0; 2048.95; 1530.06; -86.5974; -78.6545; 1.593; 0.52477
580062.956; 89; 2085894.32715; -620604.94921875; 1961.7490234375; 1956.91; 4.83848; 0; 0; -0; -0; 0; 2048.6; 1529.8; -86.8465; -91.6849; 1.86782; -0.12105
580063.956; 89; 2085519.77539; -622567.0126953125; 1962.0634765625; 1968.28; -6.2193; 0; 0; -0; -0; 0; 2048.24; 1529.53; -86.1787; -79.9594; 1.1001; 0.291939
580064.956; 89; 2085145.25879; -624528.2529296875; 1961.240234375; 1968.1; -6.85779; 0; 0; -0; -0; 0; 2047.89; 1529.27; -86.6484; -79.7907; -0.0899436; 0.402939
580065.956; 89; 2084771.40527; -626488.7646484375; 1960.51171875; 1964.61; -4.10177; 0; 0; -0; -0; 0; 2047.53; 1529; -87.0233; -82.9215; -0.794349; 0.474412
580066.956; 89; 2084399.89062; -628448.873046875; 1960.1083984375; 1952.32; 7.78574; 0; 0; -0; -0; 0; 2047.18; 1528.74; -87.0731; -94.8589; 0.635708; 0.419185
580067.956; 89; 2084028.16602; -630408.84375; 1959.970703125; 1953.43; 6.5447; 0; 0; -0; -0; 0; 2046.83; 1528.48; -86.8571; -93.4018; 1.48934; 0.0265743
580068.956; 89; 2083653.54395; -632368.5029296875; 1959.6591796875; 1968.65; -8.99309; 0; 0; -0; -0; 0; 2046.47; 1528.21; -86.8149; -77.8218; 0.234606; 0.478632
580069.956; 89; 2083281.61035; -634327.814453125; 1959.3115234375; 1954.52; 4.7873; 0; 0; -0; -0; 0; 2046.12; 1527.95; -86.8086; -91.5959; 0.752934; 0.084287
580070.956; 89; 2082908.9082; -636286.533203125; 1958.71875; 1958.56; 0.155741; 0; 0; -0; -0; 0; 2045.77; 1527.68; -87.0476; -87.2033; 1.15018; 0.447773
580071.956; 89; 2082538.05664; -638245.2880859375; 1958.7548828125; 1948.84; 9.91677; 0; 0; -0; -0; 0; 2045.41; 1527.42; -86.6573; -96.5741; 2.46891; -0.120597
580072.956; 89; 2082164.55176; -640202.96484375; 1957.6767578125; 1962.78; -5.10465; 0; 0; -0; -0; 0; 2045.06; 1527.15; -87.3814; -82.2768; 1.56902; -0.049768
580073.956; 89; 2081791.04785; -642160.9375; 1957.97265625; 1962.78; -4.80362; 0; 0; -0; -0; 0; 2044.7; 1526.89; -86.7315; -81.9279; 0.874848; 0.167953
580074.956; 89; 2081419.84668; -644117.98828125; 1957.05078125; 1950.68; 6.37546; 0; 0; -0; -0; 0; 2044.35; 1526.62; -87.2991; -93.6745; 1.57284; -0.346296
580075.956; 89; 2081046.7959; -646074.9208984375; 1956.9326171875; 1960.4; -3.46247; 0; 0; -0; -0; 0; 2044; 1526.36; -87.0631; -83.6007; 0.973124; -0.286237
580076.956; 89; 2080675.45508; -648031.4658203125; 1956.544921875; 1951.41; 5.13574; 0; 0; -0; -0; 0; 2043.64; 1526.1; -87.0964; -92.2321; 1.85851; -0.376386
580077.956; 89; 2080302.23047; -649987.369140625; 1955.9033203125; 1961.31; -5.40524; 0; 0; -0; -0; 0; 2043.29; 1525.83; -87.3836; -81.9784; 0.693789; -0.510224
580078.956; 89; 2079931.13379; -651942.8505859375; 1955.4814453125; 1950.13; 5.35523; 0; 0; -0; -0; 0; 2042.93; 1525.57; -87.451; -92.8063; 1.9102; -0.311826
580079.956; 89; 2079557.24512; -653898.1005859375; 1955.25; 1964.8; -9.54823; 0; 0; -0; -0; 0; 2042.58; 1525.3; -87.328; -77.7797; -0.220157; -0.622932
580080.956; 89; 2079187.30078; -655852.6337890625; 1954.533203125; 1944.07; 10.4626; 0; 0; -0; -0; 0; 2042.22; 1525.04; -87.6903; -98.1529; 1.95604; -0.435789
580081.956; 89; 2078815.68066; -657807.5771484375; 1954.943359375; 1952.88; 2.06646; 0; 0; -0; -0; 0; 2041.87; 1524.77; -86.9254; -88.9918; 2.29404; -0.488864
580082.956; 89; 2078443.50293; -659762.162109375; 1954.5849609375; 1955.81; -1.22223; 0; 0; -0; -0; 0; 2041.51; 1524.51; -86.929; -85.7068; 2.41939; -0.130796
580083.956; 89; 2078070.38184; -661716.2685546875; 1954.1064453125; 1960.76; -6.65814; 0; 0; -0; -0; 0; 2041.16; 1524.24; -87.0529; -80.3948; 0.666684; -0.614162
580084.956; 89; 2077700.50684; -663669.9462890625; 1953.677734375; 1943.71; 9.97149; 0; 0; -0; -0; 0; 2040.8; 1523.98; -87.1266; -97.0981; 2.97203; -0.205776
580085.956; 89; 2077330.63281; -665623.1455078125; 1953.19921875; 1943.7; 9.49811; 0; 0; -0; -0; 0; 2040.45; 1523.71; -87.2503; -96.7484; 4.40681; -0.575104
580086.956; 89; 2076955.80176; -667576.04296875; 1952.8974609375; 1969.75; -16.853; 0; 0; -0; -0; 0; 2040.09; 1523.45; -87.1971; -70.3441; 1.68966; -0.0860191
580087.956; 89; 2076584.35645; -669528.5751953125; 1952.5322265625; 1951.96; 0.573935; 0; 0; -0; -0; 0; 2039.74; 1523.18; -87.2074; -87.7813; 1.87339; -0.012788
580088.956; 89; 2076215.87793; -671480.740234375; 1952.1650390625; 1936.37; 15.7974; 0; 0; -0; -0; 0; 2039.38; 1522.92; -87.2193; -103.017; 4.63879; -0.252073
580089.956; 89; 2075840.03516; -673432.4287109375; 1951.6884765625; 1975.07; -23.3786; 0; 0; -0; -0; 0; 2039.03; 1522.65; -87.3408; -63.9621; 0.445229; 0.00148359
580090.956; 89; 2075472.39355; -675383.8798828125; 1951.451171875; 1931.97; 19.4815; 0; 0; -0; -0; 0; 2038.67; 1522.39; -87.2228; -106.704; 3.85166; -0.297671
580091.956; 89; 2075095.67871; -677335.0771484375; 1951.197265625; 1979.65; -28.4526; 0; 0; -0; -0; 0; 2038.32; 1522.12; -87.1212; -58.6686; -1.20245; 0.0601186
580092.956; 89; 2074729.04883; -679285.951171875; 1950.8740234375; 1926.65; 24.221; 0; 0; -0; -0; 0; 2037.96; 1521.86; -87.0892; -111.31; 3.10336; -0.242516
580093.956; 89; 2074355.71973; -681236.384765625; 1950.43359375; 1961.86; -11.4241; 0; 0; -0; -0; 0; 2037.61; 1521.59; -87.174; -75.75; 1.00124; -0.171202
580094.956; 89; 2073984.62305; -683186.4560546875; 1950.0712890625; 1950.13; -0.054925; 0; 0; -0; -0; 0; 2037.25; 1521.32; -87.181; -87.126; 0.825904; -0.335311
580095.956; 89; 2073612.6543; -685136.40625; 1949.9501953125; 1954.71; -4.75878; 0; 0; -0; -0; 0; 2036.9; 1521.06; -86.9464; -82.1876; 0.113589; -0.142752
580096.956; 89; 2073240.12695; -687086.044921875; 1949.638671875; 1957.64; -8.00573; 0; 0; -0; -0; 0; 2036.54; 1520.79; -86.9023; -78.8965; -1.4163; -0.150474
580097.956; 89; 2072870.87988; -689034.58984375; 1948.544921875; 1940.41; 8.13847; 0; 0; -0; -0; 0; 2036.19; 1520.53; -87.6403; -95.7788; -0.262217; -0.543493
580098.956; 89; 2072498.5625; -690983.8291015625; 1949.2392578125; 1956.54; -7.30179; 0; 0; -0; -0; 0; 2035.83; 1520.26; -86.5902; -79.2884; -1.28688; -0.1797
580099.956; 89; 2072126.94238; -692932.5; 1948.6708984375; 1952.88; -4.206; 0; 0; -0; -0; 0; 2035.47; 1520; -86.8026; -82.5966; -2.14895; -0.242456
580100.956; 89; 2071755.88086; -694880.458984375; 1947.958984375; 1949.94; -1.98248; 0; 0; -0; -0; 0; 2035.12; 1519.73; -87.1586; -85.1761; -2.57947; -0.296428
580101.956; 89; 2071385.65723; -696828.216796875; 1947.7578125; 1945.54; 2.21949; 0; 0; -0; -0; 0; 2034.76; 1519.46; -87.0037; -89.2232; -2.29239; -0.431305
580102.956; 89; 2071017.00391; -698775.705078125; 1947.48828125; 1937.29; 10.202; 0; 0; -0; -0; 0; 2034.41; 1519.2; -86.9172; -97.1192; -0.157104; -0.237464
580103.956; 89; 2070644.30273; -700722.6142578125; 1946.9091796875; 1958.56; -11.6487; 0; 0; -0; -0; 0; 2034.05; 1518.93; -87.1403; -75.4916; -2.32109; -0.185578
580104.956; 89; 2070275.4043; -702669.263671875; 1946.6494140625; 1938.57; 8.07504; 0; 0; -0; -0; 0; 2033.69; 1518.67; -87.0437; -95.1188; -0.637389; -0.0399416
580105.956; 89; 2069905.77441; -704615.4970703125; 1946.2333984375; 1942.42; 3.81525; 0; 0; -0; -0; 0; 2033.34; 1518.4; -87.1035; -90.9188; 0.100475; -0.0291772
580106.956; 89; 2069534.92188; -706561.4248046875; 1945.927734375; 1948.84; -2.91551; 0; 0; -0; -0; 0; 2032.98; 1518.13; -87.0528; -84.1373; -0.553971; -0.1297
580107.956; 89; 2069165.53613; -708506.72265625; 1945.2978515625; 1941.14; 4.16267; 0; 0; -0; -0; 0; 2032.62; 1517.87; -87.3261; -91.4888; 0.371952; 0.0027167
580108.956; 89; 2068797.05762; -710451.8994140625; 1945.1767578125; 1936.37; 8.80909; 0; 0; -0; -0; 0; 2032.27; 1517.6; -87.0909; -95.9; 2.08402; 0.0379474
580109.956; 89; 2068426.24023; -712396.58984375; 1944.6904296875; 1948.66; -3.96807; 0; 0; -0; -0; 0; 2031.91; 1517.34; -87.2205; -83.2524; 0.919758; -0.369992
580110.956; 89; 2068057.86621; -714341.1298828125; 1944.5400390625; 1935.82; 8.72148; 0; 0; -0; -0; 0; 2031.55; 1517.07; -87.0143; -95.7358; 3.06113; 0.111234
580111.956; 89; 2067688.96875; -716285.501953125; 1944.3720703125; 1938.57; 5.80283; 0; 0; -0; -0; 0; 2031.2; 1516.8; -86.8256; -92.6284; 3.78876; -0.263963
580112.956; 89; 2067317.24414; -718229.4345703125; 1943.9326171875; 1953.43; -9.49339; 0; 0; -0; -0; 0; 2030.84; 1516.54; -86.9083; -77.4149; 2.31259; 0.0656062
580113.956; 89; 2066946.63574; -720173.1611328125; 1943.7265625; 1947.56; -3.83372; 0; 0; -0; -0; 0; 2030.48; 1516.27; -86.7575; -82.9238; 1.29301; -0.223784
580114.956; 89; 2066579.16895; -722116.427734375; 1943.2666015625; 1931.05; 12.2156; 0; 0; -0; -0; 0; 2030.13; 1516; -86.8605; -99.0761; 3.503; -0.336665
580115.956; 89; 2066208.17773; -724059.4482421875; 1943.0205078125; 1949.57; -6.55146; 0; 0; -0; -0; 0; 2029.77; 1515.74; -86.7497; -80.1982; 2.37472; -0.217688
580116.956; 89; 2065838.82617; -726001.796875; 1942.3486328125; 1940.96; 1.39307; 0; 0; -0; -0; 0; 2029.41; 1515.47; -87.0646; -88.4577; 2.62136; -0.235765
580117.956; 89; 2065469.02148; -727943.7431640625; 1941.9462890625; 1943.34; -1.39046; 0; 0; -0; -0; 0; 2029.06; 1515.2; -87.1098; -85.7194; 2.33199; -0.260098
580118.956; 89; 2065102.32227; -729886.20703125; 1942.4638671875; 1927.02; 15.4465; 0; 0; -0; -0; 0; 2028.7; 1514.94; -86.235; -101.682; 4.99707; -0.531774
580119.956; 89; 2064732.06348; -731827.2919921875; 1941.0849609375; 1945.72; -4.63811; 0; 0; -0; -0; 0; 2028.34; 1514.67; -87.2569; -82.6188; 4.02498; -0.618328
580120.956; 89; 2064362.18945; -733768.0986328125; 1940.806640625; 1943.7; -2.89447; 0; 0; -0; -0; 0; 2027.98; 1514.4; -87.1778; -84.2833; 3.44253; -0.647623
580121.956; 89; 2063993.9541; -735708.7177734375; 1940.619140625; 1935.09; 5.52931; 0; 0; -0; -0; 0; 2027.63; 1514.14; -87.0079; -92.5372; 4.41066; -0.728574
580122.956; 89; 2063622.4043; -737649.140625; 1940.4228515625; 1952.51; -12.0846; 0; 0; -0; -0; 0; 2027.27; 1513.87; -86.8469; -74.7624; 2.33026; -0.508001
580123.956; 89; 2063255.2168; -739589.076171875; 1939.935546875; 1929.58; 10.3522; 0; 0; -0; -0; 0; 2026.91; 1513.6; -86.9766; -97.3288; 4.07539; -0.729812
580124.956; 89; 2062884.99316; -741528.6298828125; 1939.5537109375; 1945.54; -5.98461; 0; 0; -0; -0; 0; 2026.55; 1513.34; -87.001; -81.0164; 3.10039; -0.563809
580125.956; 89; 2062517.28223; -743468.0224609375; 1939.392578125; 1932.33; 7.05856; 0; 0; -0; -0; 0; 2026.2; 1513.07; -86.8045; -93.8631; 4.26893; -0.735248
580126.956; 89; 2062146.88379; -745406.9287109375; 1938.90625; 1946.46; -7.55068; 0; 0; -0; -0; 0; 2025.84; 1512.8; -86.933; -79.3824; 3.00179; -0.563757
580127.956; 89; 2061779.0332; -747345.5849609375; 1938.65625; 1933.07; 5.58837; 0; 0; -0; -0; 0; 2025.48; 1512.53; -86.8252; -92.4136; 3.89567; -0.730081
580128.956; 89; 2061409.4375; -749283.8720703125; 1938.287109375; 1942.24; -3.95142; 0; 0; -0; -0; 0; 2025.12; 1512.27; -86.8365; -82.8851; 3.24624; -0.625036
580129.956; 89; 2061040.5752; -751221.716796875; 1937.8447265625; 1938.38; -0.539768; 0; 0; -0; -0; 0; 2024.77; 1512; -86.9211; -86.3813; 3.13202; -0.634099
580130.956; 89; 2060670.76953; -753159.6337890625; 1937.9169921875; 1943.34; -5.42489; 0; 0; -0; -0; 0; 2024.41; 1511.73; -86.4909; -81.066; 2.40145; -0.331613
580131.956; 89; 2060305.15332; -755096.36328125; 1936.7294921875; 1921.33; 15.4033; 0; 0; -0; -0; 0; 2024.05; 1511.47; -87.3202; -102.724; 4.96826; -0.692462
580132.956; 89; 2059934.99902; -757032.9853515625; 1936.6220703125; 1945.17; -8.55189; 0; 0; -0; -0; 0; 2023.69; 1511.2; -87.0695; -78.5176; 3.69464; -0.337387
580133.956; 89; 2059568.12598; -758969.494140625; 1936.5087890625; 1927.93; 8.57792; 0; 0; -0; -0; 0; 2023.33; 1510.93; -86.8247; -95.4027; 5.20311; -0.458679
580134.956; 89; 2059197.93652; -760905.40625; 1935.912109375; 1945.36; -9.4466; 0; 0; -0; -0; 0; 2022.98; 1510.66; -87.0631; -77.6165; 3.43803; -0.424007
580135.956; 89; 2058830.2959; -762840.966796875; 1935.560546875; 1931.96; 3.59602; 0; 0; -0; -0; 0; 2022.62; 1510.4; -87.0563; -90.6524; 4.25318; -0.291757
580136.956; 89; 2058463.17773; -764776.0830078125; 1935.1162109375; 1929.22; 5.89724; 0; 0; -0; -0; 0; 2022.26; 1510.13; -87.1423; -93.0395; 5.18134; -0.483258
580137.956; 89; 2058094.34961; -766710.95703125; 1934.8740234375; 1938.2; -3.33086; 0; 0; -0; -0; 0; 2021.9; 1509.86; -87.0262; -83.6954; 4.71115; -0.317714
580138.956; 89; 2057727.16211; -768645.50390625; 1934.546875; 1929.58; 4.96354; 0; 0; -0; -0; 0; 2021.54; 1509.59; -86.9948; -91.9583; 5.51902; -0.451425
580139.956; 89; 2057359.0332; -770579.7275390625; 1934.2236328125; 1934.53; -0.306827; 0; 0; -0; -0; 0; 2021.18; 1509.32; -86.9594; -86.6525; 5.37143; -0.537625
580140.956; 89; 2056991.14746; -772513.3857421875; 1933.658203125; 1933.25; 0.40558; 0; 0; -0; -0; 0; 2020.82; 1509.06; -87.1663; -87.5719; 5.47242; -0.510746
580141.956; 89; 2056624.16895; -774446.7802734375; 1933.39453125; 1928.49; 4.90942; 0; 0; -0; -0; 0; 2020.47; 1508.79; -87.071; -91.9804; 6.31103; -0.602738
580142.956; 89; 2056254.71289; -776379.6142578125; 1932.833984375; 1941.5; -8.67069; 0; 0; -0; -0; 0; 2020.11; 1508.52; -87.2728; -78.6021; 4.87506; -0.38639
580143.956; 89; 2055884.24512; -778312.2900390625; 1932.67578125; 1946.82; -14.1455; 0; 0; -0; -0; 0; 2019.75; 1508.25; -87.0724; -72.9268; 2.33952; -0.229581
580144.956; 89; 2055517.30176; -780244.41015625; 1932.1201171875; 1928.3; 3.81975; 0; 0; -0; -0; 0; 2019.39; 1507.99; -87.2691; -91.0889; 3.16518; -0.130363
580145.956; 89; 2055148.2998; -782176.2080078125; 1931.7978515625; 1939.12; -7.3205; 0; 0; -0; -0; 0; 2019.03; 1507.72; -87.2322; -79.9117; 1.72327; -0.179123
580146.956; 89; 2054781.70508; -784108.3154296875; 1932.107421875; 1926.47; 5.63913; 0; 0; -0; -0; 0; 2018.67; 1507.45; -86.5636; -92.2028; 2.8414; -0.133846
580147.956; 89; 2054412.49414; -786039.833984375; 1931.5185546875; 1940.22; -8.69802; 0; 0; -0; -0; 0; 2018.31; 1507.18; -86.7935; -78.0954; 1.40075; 0.0794015
580148.956; 89; 2054043.28223; -787971.5361328125; 1931.7021484375; 1940.22; -8.51956; 0; 0; -0; -0; 0; 2017.95; 1506.91; -86.2507; -77.7312; -0.224052; 0.074024
580149.956; 89; 2053679.68945; -789902.8671875; 1931.3310546875; 1910.69; 20.6381; 0; 0; -0; -0; 0; 2017.59; 1506.64; -86.2626; -106.901; 3.59763; -0.0313798
580150.956; 89; 2053311.62891; -791833.279296875; 1930.412109375; 1934.17; -3.75912; 0; 0; -0; -0; 0; 2017.23; 1506.38; -86.822; -83.0629; 3.13357; 0.2185
580151.956; 89; 2052942.06836; -793763.482421875; 1930.203125; 1942.05; -11.8507; 0; 0; -0; -0; 0; 2016.87; 1506.11; -86.6718; -74.8211; 1.14686; 0.483618
580152.956; 89; 2052576.06738; -795693.443359375; 1929.9609375; 1923.35; 6.61282; 0; 0; -0; -0; 0; 2016.52; 1505.84; -86.5545; -93.1673; 2.30638; 0.382816
580153.956; 89; 2052209.78809; -797622.8408203125; 1929.3974609375; 1924.81; 4.58676; 0; 0; -0; -0; 0; 2016.16; 1505.57; -86.7585; -91.3452; 3.39679; 0.597602
580154.956; 89; 2051840.26172; -799551.9033203125; 1929.0625; 1941.87; -12.8117; 0; 0; -0; -0; 0; 2015.8; 1505.3; -86.7337; -73.9221; 0.766858; 0.403069
580155.956; 89; 2051473.28418; -801480.859375; 1928.9560546875; 1928.48; 0.476071; 0; 0; -0; -0; 0; 2015.44; 1505.03; -86.4805; -86.9566; 0.995881; 0.538362
580156.956; 89; 2051107.17773; -803409.359375; 1928.5; 1923.9; 4.59764; 0; 0; -0; -0; 0; 2015.08; 1504.77; -86.577; -91.1746; 1.77749; 0.442743
580157.956; 89; 2050737.30371; -805337.01171875; 1927.65234375; 1943.7; -16.0488; 0; 0; -0; -0; 0; 2014.72; 1504.5; -87.0647; -71.016; -0.821705; 0.892113
580158.956; 89; 2050370.7793; -807264.681640625; 1927.669921875; 1926.1; 1.57113; 0; 0; -0; -0; 0; 2014.36; 1504.23; -86.6874; -88.2585; -0.928049; 0.48302
580159.956; 89; 2050005.86035; -809192.1787109375; 1927.4970703125; 1917.66; 9.83507; 0; 0; -0; -0; 0; 2014; 1503.96; -86.5003; -96.3354; 1.03053; 0.566096
580160.956; 89; 2049637.97461; -811119.2021484375; 1927.0234375; 1933.25; -6.22919; 0; 0; -0; -0; 0; 2013.64; 1503.69; -86.6139; -80.3847; -0.147408; 0.569527
580161.956; 89; 2049272.21777; -813045.77734375; 1926.5751953125; 1922.07; 4.51005; 0; 0; -0; -0; 0; 2013.28; 1503.42; -86.702; -91.2121; 0.721808; 0.576726
580162.956; 89; 2048904.40234; -814972.001953125; 1926.224609375; 1932.88; -6.65852; 0; 0; -0; -0; 0; 2012.92; 1503.15; -86.6925; -80.034; -0.293024; 0.823495
580163.956; 89; 2048539.93652; -816897.572265625; 1925.5703125; 1915.28; 10.2895; 0; 0; -0; -0; 0; 2012.56; 1502.88; -86.9865; -97.276; 1.32478; 0.479859
580164.956; 89; 2048171.17871; -818823.0048828125; 1925.4326171875; 1937.84; -12.4028; 0; 0; -0; -0; 0; 2012.2; 1502.61; -86.764; -74.3612; -0.790495; 0.719439
580165.956; 89; 2047805.94629; -820748.275390625; 1925.2705078125; 1919.31; 5.96118; 0; 0; -0; -0; 0; 2011.84; 1502.35; -86.5659; -92.5271; 0.0696653; 0.441735
580166.956; 89; 2047438.33984; -822673.10546875; 1924.830078125; 1931.78; -6.95483; 0; 0; -0; -0; 0; 2011.48; 1502.08; -86.646; -79.6911; -1.00746; 0.682666
580167.956; 89; 2047074.18848; -824597.396484375; 1924.291015625; 1913.63; 10.6627; 0; 0; -0; -0; 0; 2011.12; 1501.81; -86.8244; -97.4871; 0.763719; 0.421485
580168.956; 89; 2046707.24512; -826521.544921875; 1924.1484375; 1928.3; -4.15193; 0; 0; -0; -0; 0; 2010.75; 1501.54; -86.6064; -82.4545; -0.0109569; 0.433336
580169.956; 89; 2046341.24414; -828445.3564453125; 1923.8115234375; 1923.35; 0.46341; 0; 0; -0; -0; 0; 2010.39; 1501.27; -86.5829; -87.0463; 0.237369; 0.589126
580170.956; 89; 2045975.80176; -830368.669921875; 1923.3134765625; 1920.41; 2.90079; 0; 0; -0; -0; 0; 2010.03; 1501; -86.7202; -89.621; 0.703667; 0.499756
580171.956; 89; 2045611.7207; -832291.61328125; 1922.943359375; 1913.26; 9.6845; 0; 0; -0; -0; 0; 2009.67; 1500.73; -86.7296; -96.4141; 2.30209; 0.253039
580172.956; 89; 2045243.38184; -834213.76953125; 1922.15625; 1935.63; -13.4776; 0; 0; -0; -0; 0; 2009.31; 1500.46; -87.1558; -73.6783; 0.0786798; 0.589843
580173.956; 89; 2044878.88086; -836135.5595703125; 1921.7900390625; 1915.47; 6.32448; 0; 0; -0; -0; 0; 2008.95; 1500.19; -87.1613; -93.4858; 1.0326; 0.337628
580174.956; 89; 2044512.42676; -838057.37109375; 1921.8115234375; 1925.73; -3.91778; 0; 0; -0; -0; 0; 2008.59; 1499.92; -86.7789; -82.8612; 0.703989; 0.749602
580175.956; 89; 2044146.14648; -839978.7724609375; 1921.4013671875; 1924.82; -3.41446; 0; 0; -0; -0; 0; 2008.23; 1499.65; -86.8279; -83.4134; -0.27998; 0.41207
580176.956; 89; 2043781.47168; -841900.041015625; 1921.2685546875; 1916.38; 4.88952; 0; 0; -0; -0; 0; 2007.87; 1499.38; -86.5998; -91.4893; 0.580284; 0.339295
580177.956; 89; 2043412.26074; -843820.646484375; 1920.60546875; 1940.22; -19.6111; 0; 0; -0; -0; 0; 2007.51; 1499.11; -86.9016; -67.2905; -2.70463; 0.780735
580178.956; 89; 2043049.26074; -845740.75390625; 1920.107421875; 1907.58; 12.5295; 0; 0; -0; -0; 0; 2007.15; 1498.84; -87.0385; -99.568; -0.792057; 0.306216
580179.956; 89; 2042683.74902; -847660.521484375; 1919.767578125; 1920.78; -1.00947; 0; 0; -0; -0; 0; 2006.78; 1498.57; -87.0171; -86.0076; -0.839542; 0.447335
580180.956; 89; 2042317.3291; -849580.2373046875; 1919.7158203125; 1925.55; -5.83387; 0; 0; -0; -0; 0; 2006.42; 1498.3; -86.7075; -80.8736; -1.79483; 0.597541
580181.956; 89; 2041952.16602; -851499.7265625; 1919.4892578125; 1918.94; 0.544289; 0; 0; -0; -0; 0; 2006.06; 1498.03; -86.5726; -87.1169; -1.74041; 0.543926
580182.956; 89; 2041588.85254; -853419.2333984375; 1919.5068359375; 1909.23; 10.2816; 0; 0; -0; -0; 0; 2005.7; 1497.76; -86.1936; -96.4752; 0.247628; 0.571539
580183.956; 89; 2041223.51465; -855338.02734375; 1918.7939453125; 1919.86; -1.06963; 0; 0; -0; -0; 0; 2005.34; 1497.49; -86.5449; -85.4753; -0.211234; 0.313465
580184.956; 89; 2040860.75977; -857257.69921875; 1919.671875; 1906.29; 13.3821; 0; 0; -0; -0; 0; 2004.98; 1497.22; -85.3055; -98.6876; 2.2205; 0.197091
580185.956; 89; 2040495.00293; -859175.5615234375; 1917.8623046875; 1922.07; -4.20284; 0; 0; -0; -0; 0; 2004.62; 1496.95; -86.7533; -82.5505; 1.53307; 0.307304
580186.956; 89; 2040131.30566; -861092.7958984375; 1917.234375; 1911.24; 5.99234; 0; 0; -0; -0; 0; 2004.25; 1496.68; -87.0195; -93.0119; 2.51402; 0.146495
580187.956; 89; 2039763.87305; -863010.794921875; 1917.9990234375; 1930.87; -12.8724; 0; 0; -0; -0; 0; 2003.89; 1496.41; -85.8931; -73.0207; 0.125642; 0.205152
580188.956; 89; 2039400.31543; -864928.005859375; 1917.2109375; 1910.51; 6.70276; 0; 0; -0; -0; 0; 2003.53; 1496.14; -86.3194; -93.0221; 1.3456; 0.147675
580189.956; 89; 2039034.48926; -866844.7509765625; 1916.7451171875; 1922.43; -5.68439; 0; 0; -0; -0; 0; 2003.17; 1495.87; -86.4233; -80.7389; 0.420916; 0.301854
580190.956; 89; 2038672.04785; -868761.3857421875; 1916.634765625; 1904.64; 11.9923; 0; 0; -0; -0; 0; 2002.81; 1495.6; -86.1716; -98.1639; 2.35488; -0.0465648
580191.956; 89; 2038307.09473; -870677.26171875; 1915.8759765625; 1917.84; -1.96564; 0; 0; -0; -0; 0; 2002.44; 1495.33; -86.5682; -84.6025; 2.00263; -0.025396
580192.956; 89; 2037943.85059; -872592.44921875; 1915.1875; 1908.86; 6.32666; 0; 0; -0; -0; 0; 2002.08; 1495.06; -86.8947; -93.2213; 3.25087; 0.0183827
580193.956; 89; 2037576.59375; -874507.076171875; 1914.626953125; 1929.95; -15.3207; 0; 0; -0; -0; 0; 2001.72; 1494.79; -87.093; -71.7722; 0.34925; 0.0305596
580194.956; 89; 2037213.76855; -876421.580078125; 1914.50390625; 1906.66; 7.84464; 0; 0; -0; -0; 0; 2001.36; 1494.52; -86.8538; -94.6984; 1.77896; -0.0330281
580195.956; 89; 2036849.37305; -878335.751953125; 1914.171875; 1914.91; -0.739443; 0; 0; -0; -0; 0; 2001; 1494.25; -86.8234; -86.0839; 1.58002; -0.0913978
580196.956; 89; 2036487.38574; -880249.859375; 1914.107421875; 1902.26; 11.8513; 0; 0; -0; -0; 0; 2000.63; 1493.98; -86.5255; -98.3768; 4.13267; 0.205241
580197.956; 89; 2036121.38477; -882163.4013671875; 1913.5419921875; 1923.35; -9.80612; 0; 0; -0; -0; 0; 2000.27; 1493.71; -86.7283; -76.9222; 2.06328; 0.00143304
580198.956; 89; 2035758.66504; -884076.61328125; 1913.2119140625; 1906.11; 7.10689; 0; 0; -0; -0; 0; 1999.91; 1493.44; -86.696; -93.8029; 3.55537; 0.140002
580199.956; 89; 2035395.52539; -885989.3359375; 1912.72265625; 1908.31; 4.41092; 0; 0; -0; -0; 0; 1999.55; 1493.17; -86.8226; -91.2336; 4.40317; 0.147945
580200.956; 89; 2035030.6416; -887901.6240234375; 1912.2880859375; 1917.48; -5.18917; 0; 0; -0; -0; 0; 1999.18; 1492.9; -86.8944; -81.7052; 3.39151; 0.122799
580201.956; 89; 2034666.56055; -889813.576171875; 1911.9521484375; 1913.26; -1.30671; 0; 0; -0; -0; 0; 1998.82; 1492.63; -86.8676; -85.5609; 3.26152; 0.240188
580202.956; 89; 2034304.39844; -891725.2607421875; 1911.6845703125; 1903.17; 8.50984; 0; 0; -0; -0; 0; 1998.46; 1492.35; -86.7724; -95.2822; 4.92236; 0.280595
580203.956; 89; 2033942.09668; -893636.7080078125; 1911.447265625; 1903.91; 7.53868; 0; 0; -0; -0; 0; 1998.09; 1492.08; -86.6469; -94.1856; 6.01053; -0.0651614
580204.956; 89; 2033576.34082; -895547.7529296875; 1911.044921875; 1922.06; -11.0151; 0; 0; -0; -0; 0; 1997.73; 1491.81; -86.6864; -75.6713; 4.35956; 0.378384
580205.956; 89; 2033213.23633; -897458.0341796875; 1910.28125; 1908.13; 2.15426; 0; 0; -0; -0; 0; 1997.37; 1491.54; -87.087; -89.2413; 4.40974; 0.018647
580206.956; 89; 2032847.58398; -899368.3193359375; 1910.28515625; 1921.52; -11.2309; 0; 0; -0; -0; 0; 1997.01; 1491.27; -86.7199; -75.489; 2.4239; 0.168722
580207.956; 89; 2032483.57324; -901278.029296875; 1909.7099609375; 1912.89; -3.1794; 0; 0; -0; -0; 0; 1996.64; 1491; -86.9319; -83.7525; 1.85794; 0.206104
580208.956; 89; 2032119.14258; -903187.509765625; 1909.48046875; 1915.1; -5.6156; 0; 0; -0; -0; 0; 1996.28; 1490.73; -86.7984; -81.1828; 0.953983; 0.368227
580209.956; 89; 2031754.53809; -905096.572265625; 1909.0625; 1916.01; -6.94704; 0; 0; -0; -0; 0; 1995.92; 1490.46; -86.853; -79.906; -0.449145; 0.284554
580210.956; 89; 2031392.65527; -907005.1884765625; 1908.6162109375; 1901.71; 6.9092; 0; 0; -0; -0; 0; 1995.55; 1490.19; -86.9359; -93.8451; 0.655917; 0.0734125
580211.956; 89; 2031028.95801; -908913.521484375; 1908.3330078125; 1911.24; -2.90902; 0; 0; -0; -0; 0; 1995.19; 1489.91; -86.8558; -83.9467; 0.143174; 0.112568
580212.956; 89; 2030663.34082; -910821.37109375; 1907.849609375; 1921.33; -13.4817; 0; 0; -0; -0; 0; 1994.83; 1489.64; -86.9756; -73.4939; -2.27022; 0.261628
580213.956; 89; 2030303.86621; -912728.677734375; 1907.306640625; 1889.05; 18.2548; 0; 0; -0; -0; 0; 1994.46; 1489.37; -87.155; -105.41; 0.865917; -0.0763607
580214.956; 89; 2029939.95898; -914635.6025390625; 1906.9248046875; 1912.35; -5.42058; 0; 0; -0; -0; 0; 1994.1; 1489.1; -87.1733; -81.7527; -0.103584; -0.0156304
580215.956; 89; 2029580.13574; -916542.0859375; 1906.4833984375; 1890.88; 15.5995; 0; 0; -0; -0; 0; 1993.73; 1488.83; -87.2511; -102.851; 2.87286; -0.00813633
580216.956; 89; 2029215.84473; -918448.6728515625; 1906.5869140625; 1914.36; -7.77529; 0; 0; -0; -0; 0; 1993.37; 1488.56; -86.7837; -79.0084; 1.61753; 0.214521
580217.956; 89; 2028851.69434; -920355.1767578125; 1906.50390625; 1913.62; -7.11931; 0; 0; -0; -0; 0; 1993.01; 1488.28; -86.5029; -79.3835; 0.204504; 0.154281
580218.956; 89; 2028488.86914; -922260.6494140625; 1905.47265625; 1906.66; -1.18661; 0; 0; -0; -0; 0; 1992.64; 1488.01; -87.1703; -85.9836; -0.161702; 0.0125208
580219.956; 89; 2028129.49902; -924166.1845703125; 1905.53515625; 1888.5; 17.0324; 0; 0; -0; -0; 0; 1992.28; 1487.74; -86.7438; -103.776; 3.17389; 0.10597
580220.956; 89; 2027765.34766; -926071.3916015625; 1905.20703125; 1913.63; -8.42132; 0; 0; -0; -0; 0; 1991.92; 1487.47; -86.708; -78.2867; 1.70099; 0.233701
580221.956; 89; 2027403.84961; -927976.2119140625; 1904.8203125; 1899.69; 5.13525; 0; 0; -0; -0; 0; 1991.55; 1487.2; -86.7306; -91.8658; 2.50705; 0.0620641
580222.956; 89; 2027039.80273; -929880.64453125; 1904.4326171875; 1913.08; -8.64662; 0; 0; -0; -0; 0; 1991.19; 1486.93; -86.7541; -78.1075; 0.92701; 0.125953
580223.956; 89; 2026678.40918; -931784.744140625; 1904.099609375; 1899.14; 4.96366; 0; 0; -0; -0; 0; 1990.82; 1486.65; -86.7229; -91.6866; 1.81181; 0.0655369
580224.956; 89; 2026314.95605; -933688.4541015625; 1903.7099609375; 1909.96; -6.2491; 0; 0; -0; -0; 0; 1990.46; 1486.38; -86.7484; -80.4993; 0.780076; 0.221407
580225.956; 89; 2025953.42188; -935591.7978515625; 1903.34375; 1899.87; 3.46881; 0; 0; -0; -0; 0; 1990.09; 1486.11; -86.7501; -90.2189; 1.30579; 0.0864059
580226.956; 89; 2025590.70215; -937494.787109375; 1902.9892578125; 1906.11; -3.11577; 0; 0; -0; -0; 0; 1989.73; 1485.84; -86.7403; -83.6245; 0.874587; 0.246435
580227.956; 89; 2025225.46875; -939397.2763671875; 1902.4892578125; 1919.31; -16.8252; 0; 0; -0; -0; 0; 1989.37; 1485.56; -86.8758; -70.0505; -2.2305; 0.340184
580228.956; 89; 2024865.22656; -941299.4833984375; 1902.20703125; 1893.09; 9.12156; 0; 0; -0; -0; 0; 1989; 1485.29; -86.7935; -95.9151; -0.694273; 0.138601
580229.956; 89; 2024504.84473; -943201.71484375; 1902.2314453125; 1893.82; 8.41212; 0; 0; -0; -0; 0; 1988.64; 1485.02; -86.4044; -94.8165; 0.798898; 0.0300749
580230.956; 89; 2024142.57812; -945102.583984375; 1900.869140625; 1903.72; -2.8547; 0; 0; -0; -0; 0; 1988.27; 1484.75; -87.402; -84.5473; 0.0191308; -0.206516
580231.956; 89; 2023778.91602; -947003.869140625; 1901.28515625; 1911.06; -9.77213; 0; 0; -0; -0; 0; 1987.91; 1484.48; -86.6214; -76.8493; -1.49159; 0.140274
580232.956; 89; 2023419.89453; -948904.697265625; 1900.828125; 1886.67; 14.1575; 0; 0; -0; -0; 0; 1987.54; 1484.2; -86.7136; -100.871; 1.0556; -0.00755535
580233.956; 89; 2023057.03516; -950804.5224609375; 1899.8251953125; 1906.84; -7.01369; 0; 0; -0; -0; 0; 1987.18; 1483.93; -87.3516; -80.3379; -0.249123; 0.0208676
580234.956; 89; 2022696.54883; -952704.4638671875; 1899.94140625; 1894.37; 5.57297; 0; 0; -0; -0; 0; 1986.81; 1483.66; -86.8705; -92.4435; 0.60206; -0.188905
580235.956; 89; 2022336.23633; -954604.462890625; 1899.9990234375; 1893.45; 6.54406; 0; 0; -0; -0; 0; 1986.45; 1483.39; -86.4479; -92.9919; 1.90259; -0.133867
580236.956; 89; 2021974.31836; -956503.44921875; 1898.986328125; 1901.89; -2.90543; 0; 0; -0; -0; 0; 1986.08; 1483.11; -87.0955; -84.1901; 1.32694; -0.156861
580237.956; 89; 2021611.28418; -958401.876953125; 1898.427734375; 1907.76; -9.32976; 0; 0; -0; -0; 0; 1985.72; 1482.84; -87.2888; -77.9591; -0.48106; -0.190044
580238.956; 89; 2021249.12305; -960300.61328125; 1898.736328125; 1903.17; -4.43327; 0; 0; -0; -0; 0; 1985.35; 1482.57; -86.615; -82.1817; -1.22082; -0.0875764
580239.956; 89; 2020888.70605; -962198.6240234375; 1898.0107421875; 1894; 4.00666; 0; 0; -0; -0; 0; 1984.99; 1482.29; -86.9755; -90.9821; -0.0793924; 0.288717
580240.956; 89; 2020525.74121; -964096.0361328125; 1897.412109375; 1907.39; -9.98102; 0; 0; -0; -0; 0; 1984.62; 1482.02; -87.2087; -77.2277; -2.1093; 0.155555
580241.956; 89; 2020167.76758; -965993.33203125; 1897.2958984375; 1881.16; 16.1318; 0; 0; -0; -0; 0; 1984.26; 1481.75; -86.9596; -103.091; 0.940526; 0.133954
580242.956; 89; 2019805.22168; -967890.2412109375; 1896.9091796875; 1905.19; -8.28238; 0; 0; -0; -0; 0; 1983.89; 1481.48; -86.9806; -78.6982; -0.584681; 0.182751
580243.956; 89; 2019443.65332; -969786.8515625; 1896.6103515625; 1900.05; -3.4442; 0; 0; -0; -0; 0; 1983.52; 1481.2; -86.9139; -83.4697; -1.22304; 0.197436
580244.956; 89; 2019084.70215; -971683.169921875; 1896.318359375; 1886.3; 10.0172; 0; 0; -0; -0; 0; 1983.16; 1480.93; -86.8403; -96.8575; 0.72838; 0.240366
580245.956; 89; 2018724.39062; -973578.9931640625; 1895.8232421875; 1893.45; 2.37341; 0; 0; -0; -0; 0; 1982.79; 1480.66; -86.9698; -89.3432; 1.11761; 0.176081
580246.956; 89; 2018362.64746; -975474.2080078125; 1895.21484375; 1900.97; -5.75831; 0; 0; -0; -0; 0; 1982.43; 1480.38; -87.2124; -81.4541; -0.101085; 0.0516787
580247.956; 89; 2018001.70703; -977369.568359375; 1895.3603515625; 1896.75; -1.39441; 0; 0; -0; -0; 0; 1982.06; 1480.11; -86.7012; -85.3068; -0.114667; 0.300756
580248.956; 89; 2017643.83789; -979263.9873046875; 1894.4189453125; 1880.62; 13.8039; 0; 0; -0; -0; 0; 1981.7; 1479.84; -87.2766; -101.081; 2.15014; -0.061909
580249.956; 89; 2017283.7002; -981158.0107421875; 1894.0234375; 1892.54; 1.48708; 0; 0; -0; -0; 0; 1981.33; 1479.56; -87.3062; -88.7932; 2.52322; 0.0272831
580250.956; 89; 2016920.77051; -983052.431640625; 1894.4208984375; 1907.21; -12.7875; 0; 0; -0; -0; 0; 1980.96; 1479.29; -86.5429; -73.7554; -0.0789191; -0.142241
580251.956; 89; 2016560.70312; -984946.677734375; 1894.24609375; 1892.17; 2.07923; 0; 0; -0; -0; 0; 1980.6; 1479.02; -86.3514; -88.4307; 0.219201; -0.239842
580252.956; 89; 2016199.44824; -986840.2685546875; 1893.5908203125; 1898.41; -4.8164; 0; 0; -0; -0; 0; 1980.23; 1478.74; -86.6407; -81.8243; -0.519961; -0.0636226
580253.956; 89; 2015840.91602; -988733.3955078125; 1893.126953125; 1884.1; 9.02739; 0; 0; -0; -0; 0; 1979.87; 1478.47; -86.7384; -95.7658; 0.989671; -0.271304
580254.956; 89; 2015478.50977; -990626.0439453125; 1892.6484375; 1904.46; -11.8093; 0; 0; -0; -0; 0; 1979.5; 1478.2; -86.8505; -75.0413; -1.03742; -0.0524271
580255.956; 89; 2015119.48926; -992518.052734375; 1892.0087890625; 1886.67; 5.34329; 0; 0; -0; -0; 0; 1979.13; 1477.92; -87.1238; -92.467; -0.0901931; -0.122537
580256.956; 89; 2014757.6416; -994409.568359375; 1891.515625; 1901.52; -10.0066; 0; 0; -0; -0; 0; 1978.77; 1477.65; -87.2507; -77.244; -1.90697; -0.0363561
580257.956; 89; 2014399.70312; -996300.861328125; 1891.29296875; 1880.98; 10.3136; 0; 0; -0; -0; 0; 1978.4; 1477.38; -87.1069; -97.4204; -0.05479; -0.147373
580258.956; 89; 2014038.79785; -998191.7548828125; 1890.8935546875; 1896.57; -5.67646; 0; 0; -0; -0; 0; 1978.03; 1477.1; -87.1397; -81.4633; -0.936415; 0.0498863
580259.956; 89; 2013679.74219; -1000082.388671875; 1890.6337890625; 1886.85; 3.78354; 0; 0; -0; -0; 0; 1977.67; 1476.83; -87.0328; -90.8164; -0.0781831; 0.186277
580260.956; 89; 2013319.91797; -1001972.5888671875; 1890.2001953125; 1890.89; -0.688837; 0; 0; -0; -0; 0; 1977.3; 1476.56; -87.0997; -86.4108; -0.0294149; 0.363905
580261.956; 89; 2012960.54883; -1003862.4287109375; 1889.83984375; 1888.5; 1.34226; 0; 0; -0; -0; 0; 1976.93; 1476.28; -87.0934; -88.4356; 0.136108; 0.27188
580262.956; 89; 2012600.23633; -1005751.802734375; 1889.3740234375; 1893.45; -4.08094; 0; 0; -0; -0; 0; 1976.57; 1476.01; -87.1924; -83.1115; -0.637227; 0.272703
580263.956; 89; 2012240.83203; -1007640.908203125; 1889.10546875; 1888.68; 0.423141; 0; 0; -0; -0; 0; 1976.2; 1475.73; -87.0942; -87.5173; -0.555994; 0.271145
580264.956; 89; 2011882.85742; -1009529.92578125; 1889.017578125; 1881.17; 7.84831; 0; 0; -0; -0; 0; 1975.83; 1475.46; -86.8151; -94.6634; 0.899711; 0.231443
580265.956; 89; 2011524.32617; -1011418.482421875; 1888.556640625; 1884.09; 4.46221; 0; 0; -0; -0; 0; 1975.47; 1475.19; -86.909; -91.3712; 2.03744; 0.517386
