tow; prn8; p-rng1; phase1; dopp1(carr); dopp1(range); bias1(Hz); p-rng2; phase2; dopp2(carr); dopp2(range); bias2(Hz); dopp1(eph); dopp2(eph); ebias1(ph); ebias1(rg) 
230986.468; 81; -870488.083008; -937.2431640625; 937.2431640625; 956.401; -19.1579; 0; 0; -0; -0; 0; 1013.62; 756.923; -76.375; -57.2171
230987.468; 81; -870662.786133; -1874.087890625; 936.8447265625; 918.071; 18.7736; 0; 0; -0; -0; 0; 1013.17; 756.586; -76.3228; -95.0964
230988.468; 81; -870841.423828; -2810.5830078125; 936.4951171875; 938.747; -2.25231; 0; 0; -0; -0; 0; 1012.72; 756.25; -76.2218; -73.9695
230989.468; 81; -871024.582031; -3746.8251953125; 936.2421875; 962.503; -26.2607; 0; 0; -0; -0; 0; 1012.27; 755.913; -76.0241; -49.7634
230990.468; 81; -871201.771484; -4682.2333984375; 935.408203125; 931.137; 4.27134; 0; 0; -0; -0; 0; 1011.82; 755.577; -76.4074; -80.6787
230991.468; 81; -871376.464844; -5616.9482421875; 934.71484375; 918.02; 16.695; 0; 0; -0; -0; 0; 1011.36; 755.24; -76.65; -93.345
230992.468; 81; -871557.119141; -6551.4208984375; 934.47265625; 949.345; -14.8721; 0; 0; -0; -0; 0; 1010.91; 754.903; -76.4415; -61.5694
230993.468; 81; -871735.389648; -7485.353515625; 933.9326171875; 936.818; -2.88522; 0; 0; -0; -0; 0; 1010.46; 754.567; -76.5307; -73.6455
230994.468; 81; -871913.931641; -8419.1533203125; 933.7998046875; 938.245; -4.4447; 0; 0; -0; -0; 0; 1010.01; 754.23; -76.2127; -71.768
230995.468; 81; -872088.748047; -9352.607421875; 933.4541015625; 918.666; 14.7877; 0; 0; -0; -0; 0; 1009.56; 753.893; -76.1074; -90.8951
230996.468; 81; -872266.950195; -10285.046875; 932.439453125; 936.459; -4.01916; 0; 0; -0; -0; 0; 1009.11; 753.557; -76.6712; -72.652
230997.468; 81; -872441.268555; -11217.228515625; 932.181640625; 916.049; 16.1325; 0; 0; -0; -0; 0; 1008.66; 753.22; -76.4781; -92.6105
230998.468; 81; -872619.636719; -12149.193359375; 931.96484375; 937.331; -5.36618; 0; 0; -0; -0; 0; 1008.21; 752.883; -76.2439; -70.8777
230999.468; 81; -872798.177734; -13080.7138671875; 931.5205078125; 938.239; -6.71886; 0; 0; -0; -0; 0; 1007.76; 752.546; -76.2372; -69.5183
231000.468; 81; -872973.579102; -14011.3916015625; 930.677734375; 921.74; 8.93733; 0; 0; -0; -0; 0; 1007.31; 752.209; -76.6289; -85.5662
231001.468; 81; -873151.012695; -14941.55078125; 930.1591796875; 932.42; -2.26065; 0; 0; -0; -0; 0; 1006.86; 751.873; -76.6963; -74.4357
231002.468; 81; -873328.428711; -15870.80078125; 929.25; 932.327; -3.07745; 0; 0; -0; -0; 0; 1006.4; 751.536; -77.1543; -74.0769
231003.468; 81; -873504.912109; -16799.9365234375; 929.1357421875; 927.427; 1.70922; 0; 0; -0; -0; 0; 1005.95; 751.199; -76.8175; -78.5267
231004.468; 81; -873685.731445; -17728.736328125; 928.7998046875; 950.212; -21.4122; 0; 0; -0; -0; 0; 1005.5; 750.862; -76.7022; -55.29
231005.468; 81; -873856.350586; -18657.107421875; 928.37109375; 896.61; 31.7615; 0; 0; -0; -0; 0; 1005.05; 750.525; -76.6797; -108.441
231006.468; 81; -874036.733398; -19585.09375; 927.986328125; 947.918; -19.9317; 0; 0; -0; -0; 0; 1004.6; 750.188; -76.6131; -56.6813
231007.468; 81; -874210.563477; -20512.6083984375; 927.5146484375; 913.483; 14.0314; 0; 0; -0; -0; 0; 1004.15; 749.851; -76.6334; -90.6648
231008.468; 81; -874388.669922; -21439.5859375; 926.9775390625; 935.956; -8.97815; 0; 0; -0; -0; 0; 1003.7; 749.514; -76.7192; -67.7411
231009.468; 81; -874563.957031; -22366.2412109375; 926.6552734375; 921.14; 5.5153; 0; 0; -0; -0; 0; 1003.25; 749.177; -76.5901; -82.1054
231010.468; 81; -874741.137695; -23292.5439453125; 926.302734375; 931.091; -4.78794; 0; 0; -0; -0; 0; 1002.79; 748.84; -76.4911; -71.7032
231011.468; 81; -874917.881836; -24218.27734375; 925.7333984375; 928.797; -3.06333; 0; 0; -0; -0; 0; 1002.34; 748.502; -76.609; -73.5457
231012.468; 81; -875092.314453; -25143.388671875; 925.111328125; 916.65; 8.46174; 0; 0; -0; -0; 0; 1001.89; 748.165; -76.7795; -85.2413
231013.468; 81; -875267.12207; -26067.8583984375; 924.4697265625; 918.62; 5.8495; 0; 0; -0; -0; 0; 1001.44; 747.828; -76.9695; -82.819
231014.468; 81; -875441.65918; -26992.1845703125; 924.326171875; 917.199; 7.12747; 0; 0; -0; -0; 0; 1000.99; 747.491; -76.6615; -83.789
231015.468; 81; -875619.276367; -27916.14453125; 923.9599609375; 933.385; -9.42466; 0; 0; -0; -0; 0; 1000.54; 747.154; -76.5761; -67.1515
231016.468; 81; -875795.785156; -28839.5673828125; 923.4228515625; 927.56; -4.1371; 0; 0; -0; -0; 0; 1000.08; 746.816; -76.6616; -72.5245
231017.468; 81; -875973.367188; -29762.6650390625; 923.09765625; 933.2; -10.1022; 0; 0; -0; -0; 0; 999.633; 746.479; -76.5351; -66.4329
231018.468; 81; -876146.75293; -30685.23828125; 922.5732421875; 911.148; 11.425; 0; 0; -0; -0; 0; 999.181; 746.142; -76.6077; -88.0328
231019.468; 81; -876319.22168; -31607.4521484375; 922.2138671875; 906.329; 15.8845; 0; 0; -0; -0; 0; 998.729; 745.804; -76.5153; -92.3997
231020.468; 81; -876495.294922; -32529.0791015625; 921.626953125; 925.271; -3.64418; 0; 0; -0; -0; 0; 998.277; 745.467; -76.6504; -73.0062
231021.468; 81; -876673.513672; -33450.2109375; 921.1318359375; 936.546; -15.414; 0; 0; -0; -0; 0; 997.825; 745.129; -76.6936; -61.2796
231022.468; 81; -876851.863281; -34370.908203125; 920.697265625; 937.234; -16.5363; 0; 0; -0; -0; 0; 997.374; 744.792; -76.6763; -60.1401
231023.468; 81; -877023.373047; -35291.05078125; 920.142578125; 901.29; 18.8527; 0; 0; -0; -0; 0; 996.922; 744.454; -76.7791; -95.6318
231024.468; 81; -877199.803711; -36210.5849609375; 919.5341796875; 927.149; -7.61522; 0; 0; -0; -0; 0; 996.47; 744.117; -76.9355; -69.3203
231025.468; 81; -877372.456055; -37129.779296875; 919.1943359375; 907.294; 11.9001; 0; 0; -0; -0; 0; 996.018; 743.779; -76.8233; -88.7234
231026.468; 81; -877546.6875; -38048.4931640625; 918.7138671875; 915.592; 3.12144; 0; 0; -0; -0; 0; 995.566; 743.442; -76.8518; -79.9732
231027.468; 81; -877722.708008; -38966.8330078125; 918.33984375; 924.994; -6.65417; 0; 0; -0; -0; 0; 995.114; 743.104; -76.7737; -70.1195
231028.468; 81; -877898.920898; -39884.80859375; 917.9755859375; 926.005; -8.0294; 0; 0; -0; -0; 0; 994.661; 742.767; -76.6858; -68.6564
231029.468; 81; -878074.478516; -40802.0400390625; 917.2314453125; 922.562; -5.33006; 0; 0; -0; -0; 0; 994.209; 742.429; -76.9778; -71.6477
231030.468; 81; -878247.270508; -41718.953125; 916.9130859375; 908.028; 8.88504; 0; 0; -0; -0; 0; 993.757; 742.091; -76.844; -85.729
231031.468; 81; -878422.967773; -42635.5185546875; 916.5654296875; 923.295; -6.72993; 0; 0; -0; -0; 0; 993.305; 741.754; -76.7393; -70.0094
231032.468; 81; -878596.876953; -43551.5576171875; 916.0390625; 913.899; 2.14015; 0; 0; -0; -0; 0; 992.853; 741.416; -76.8135; -78.9537
231033.468; 81; -878768.089844; -44467.0791015625; 915.521484375; 899.73; 15.7917; 0; 0; -0; -0; 0; 992.4; 741.078; -76.8788; -92.6704
231034.468; 81; -878944.920898; -45382.3896484375; 915.310546875; 929.253; -13.9429; 0; 0; -0; -0; 0; 991.948; 740.74; -76.6373; -62.6944
231035.468; 81; -879117.34668; -46296.904296875; 914.5146484375; 906.104; 8.41105; 0; 0; -0; -0; 0; 991.495; 740.402; -76.9808; -85.3919
231036.468; 81; -879292.145508; -47211.0986328125; 914.1943359375; 918.574; -4.37971; 0; 0; -0; -0; 0; 991.043; 740.065; -76.8487; -72.469
231037.468; 81; -879466.53418; -48124.7265625; 913.6279296875; 916.419; -2.79073; 0; 0; -0; -0; 0; 990.591; 739.727; -76.9627; -74.172
231038.468; 81; -879643.505859; -49037.740234375; 913.013671875; 929.992; -16.9788; 0; 0; -0; -0; 0; 990.138; 739.389; -77.1245; -60.1457
231039.468; 81; -879816.158203; -49950.3818359375; 912.6416015625; 907.294; 5.34741; 0; 0; -0; -0; 0; 989.686; 739.051; -77.044; -82.3914
231040.468; 81; -879986.455078; -50862.6630859375; 912.28125; 894.916; 17.3651; 0; 0; -0; -0; 0; 989.233; 738.713; -76.9518; -94.3169
231041.468; 81; -880164.491211; -51774.66796875; 912.0048828125; 935.586; -23.5813; 0; 0; -0; -0; 0; 988.78; 738.375; -76.7755; -53.1942
231042.468; 81; -880336.924805; -52686.3173828125; 911.6494140625; 906.145; 5.50476; 0; 0; -0; -0; 0; 988.328; 738.037; -76.6784; -82.1831
231043.468; 81; -880510.816406; -53597.4228515625; 911.10546875; 913.807; -2.70107; 0; 0; -0; -0; 0; 987.875; 737.699; -76.7696; -74.0686
231044.468; 81; -880683.024414; -54507.5712890625; 910.1484375; 904.959; 5.18925; 0; 0; -0; -0; 0; 987.422; 737.361; -77.2739; -82.4632
231045.468; 81; -880857.395508; -55417.11328125; 909.5419921875; 916.326; -6.78429; 0; 0; -0; -0; 0; 986.97; 737.023; -77.4276; -70.6433
231046.468; 81; -881028.233398; -56326.1455078125; 909.0322265625; 897.759; 11.2731; 0; 0; -0; -0; 0; 986.517; 736.685; -77.4846; -88.7576
231047.468; 81; -881198.96582; -57234.77734375; 908.6318359375; 897.205; 11.4269; 0; 0; -0; -0; 0; 986.064; 736.346; -77.4322; -88.8591
231048.468; 81; -881370.868164; -58143.3828125; 908.60546875; 903.353; 5.25256; 0; 0; -0; -0; 0; 985.611; 736.008; -77.0057; -82.2582
231049.468; 81; -881547.77832; -59051.5537109375; 908.1708984375; 929.669; -21.4982; 0; 0; -0; -0; 0; 985.158; 735.67; -76.9873; -55.4891
231050.468; 81; -881719.069336; -59958.708984375; 907.1552734375; 900.14; 7.01491; 0; 0; -0; -0; 0; 984.705; 735.332; -77.55; -84.5649
231051.468; 81; -881892.271484; -60865.4033203125; 906.6943359375; 910.183; -3.4891; 0; 0; -0; -0; 0; 984.252; 734.994; -77.5579; -74.0688
231052.468; 81; -882064.426758; -61771.634765625; 906.2314453125; 904.682; 1.54938; 0; 0; -0; -0; 0; 983.799; 734.655; -77.5678; -79.1172
231053.468; 81; -882238.30957; -62677.50390625; 905.869140625; 913.76; -7.89121; 0; 0; -0; -0; 0; 983.346; 734.317; -77.4771; -69.5859
231054.468; 81; -882410.970703; -63583.01171875; 905.5078125; 907.34; -1.83256; 0; 0; -0; -0; 0; 982.893; 733.979; -77.3853; -75.5527
231055.468; 81; -882580.796875; -64488.03515625; 905.0234375; 892.443; 12.5809; 0; 0; -0; -0; 0; 982.44; 733.64; -77.4165; -89.9974
231056.468; 81; -882750.203125; -65392.6279296875; 904.5927734375; 890.236; 14.3569; 0; 0; -0; -0; 0; 981.987; 733.302; -77.394; -91.7509
231057.468; 81; -882927.183594; -66296.697265625; 904.0693359375; 930.039; -25.9693; 0; 0; -0; -0; 0; 981.534; 732.963; -77.4643; -51.495
231058.468; 81; -883096.083984; -67200.29296875; 903.595703125; 887.578; 16.0182; 0; 0; -0; -0; 0; 981.08; 732.625; -77.4846; -93.5028
231059.468; 81; -883268.614258; -68103.46875; 903.17578125; 906.653; -3.47693; 0; 0; -0; -0; 0; 980.627; 732.286; -77.4513; -73.9743
231060.468; 81; -883444.136719; -69006.162109375; 902.693359375; 922.377; -19.6834; 0; 0; -0; -0; 0; 980.174; 731.948; -77.4804; -57.797
231061.468; 81; -883615.480469; -69908.2822265625; 902.1201171875; 900.417; 1.70263; 0; 0; -0; -0; 0; 979.72; 731.609; -77.6003; -79.3029
231062.468; 81; -883786.135742; -70809.8935546875; 901.611328125; 896.8; 4.81181; 0; 0; -0; -0; 0; 979.267; 731.271; -77.6557; -82.4675
231063.468; 81; -883957.679688; -71711.583984375; 901.6904296875; 901.47; 0.220913; 0; 0; -0; -0; 0; 978.814; 730.932; -77.1231; -77.3441
231064.468; 81; -884128.133789; -72612.732421875; 901.1484375; 895.742; 5.40609; 0; 0; -0; -0; 0; 978.36; 730.594; -77.2117; -82.6178
231065.468; 81; -884301.012695; -73513.25390625; 900.521484375; 908.485; -7.9633; 0; 0; -0; -0; 0; 977.907; 730.255; -77.3852; -69.4219
231066.468; 81; -884469.992188; -74413.630859375; 900.376953125; 887.993; 12.3837; 0; 0; -0; -0; 0; 977.453; 729.916; -77.0761; -89.4599
231067.468; 81; -884645.061523; -75313.5556640625; 899.9248046875; 919.996; -20.0708; 0; 0; -0; -0; 0; 976.999; 729.578; -77.0747; -57.0039
231068.468; 81; -884814.948242; -76213.0830078125; 899.52734375; 892.761; 6.76661; 0; 0; -0; -0; 0; 976.546; 729.239; -77.0185; -83.7851
231069.468; 81; -884982.094727; -77111.5224609375; 898.439453125; 878.361; 20.0787; 0; 0; -0; -0; 0; 976.092; 728.9; -77.6528; -97.7315
231070.468; 81; -885155.392578; -78009.677734375; 898.1552734375; 910.686; -12.5311; 0; 0; -0; -0; 0; 975.639; 728.561; -77.4832; -64.9521
231071.468; 81; -885323.953125; -78907.5029296875; 897.8251953125; 885.792; 12.0335; 0; 0; -0; -0; 0; 975.185; 728.222; -77.3597; -89.3932
231072.468; 81; -885497.181641; -79804.794921875; 897.2919921875; 910.322; -13.03; 0; 0; -0; -0; 0; 974.731; 727.884; -77.4391; -64.4091
231073.468; 81; -885666.405273; -80701.7568359375; 896.9619140625; 889.276; 7.68572; 0; 0; -0; -0; 0; 974.277; 727.545; -77.3154; -85.0011
231074.468; 81; -885839.598633; -81598.0244140625; 896.267578125; 910.137; -13.8697; 0; 0; -0; -0; 0; 973.823; 727.206; -77.5559; -63.6862
231075.468; 81; -886006.97168; -82493.744140625; 895.7197265625; 879.551; 16.1684; 0; 0; -0; -0; 0; 973.37; 726.867; -77.6498; -93.8182
231076.468; 81; -886177.862305; -83389.01953125; 895.275390625; 898.036; -2.7609; 0; 0; -0; -0; 0; 972.916; 726.528; -77.6403; -74.8794
231077.468; 81; -886352.015625; -84283.8681640625; 894.8486328125; 915.182; -20.3332; 0; 0; -0; -0; 0; 972.462; 726.189; -77.6131; -57.2798
231078.468; 81; -886519.52832; -85178.240234375; 894.3720703125; 880.285; 14.0869; 0; 0; -0; -0; 0; 972.008; 725.85; -77.6356; -91.7225
231079.468; 81; -886691.055664; -86072.28125; 894.041015625; 901.382; -7.34126; 0; 0; -0; -0; 0; 971.554; 725.511; -77.5127; -70.1714
231080.468; 81; -886860.366211; -86965.4501953125; 893.1689453125; 889.733; 3.43602; 0; 0; -0; -0; 0; 971.1; 725.172; -77.9306; -81.3666
231081.468; 81; -887029.380859; -87858.12109375; 892.6708984375; 888.178; 4.49293; 0; 0; -0; -0; 0; 970.646; 724.833; -77.9747; -82.4676
231082.468; 81; -887194.50293; -88750.40234375; 892.28125; 867.722; 24.5589; 0; 0; -0; -0; 0; 970.191; 724.494; -77.9101; -102.469
231083.468; 81; -887370.461914; -89642.177734375; 891.775390625; 924.671; -32.8953; 0; 0; -0; -0; 0; 969.737; 724.154; -77.9619; -45.0666
231084.468; 81; -887539.755859; -90533.435546875; 891.2578125; 889.646; 1.61213; 0; 0; -0; -0; 0; 969.283; 723.815; -78.0253; -79.6374
231085.468; 81; -887706.597656; -91424.4560546875; 891.0205078125; 876.76; 14.2609; 0; 0; -0; -0; 0; 968.829; 723.476; -77.8083; -92.0693
231086.468; 81; -887877.504883; -92314.9541015625; 890.498046875; 898.124; -7.62549; 0; 0; -0; -0; 0; 968.375; 723.137; -77.8765; -70.251
231087.468; 81; -888047.609375; -93204.9296875; 889.9755859375; 893.905; -3.92955; 0; 0; -0; -0; 0; 967.92; 722.798; -77.9446; -74.0151
231088.468; 81; -888213.019531; -94094.5439453125; 889.6142578125; 869.236; 20.378; 0; 0; -0; -0; 0; 967.466; 722.458; -77.8516; -98.2296
231089.468; 81; -888384.241211; -94983.642578125; 889.0986328125; 899.776; -10.6774; 0; 0; -0; -0; 0; 967.012; 722.119; -77.9129; -67.2355
231090.468; 81; -888552.129883; -95872.2373046875; 888.5947265625; 882.261; 6.3338; 0; 0; -0; -0; 0; 966.557; 721.78; -77.9624; -84.2962
231091.468; 81; -888719.756836; -96760.39453125; 888.1572265625; 880.886; 7.27164; 0; 0; -0; -0; 0; 966.103; 721.44; -77.9454; -85.217
231092.468; 81; -888888.186523; -97648.3173828125; 887.9228515625; 885.104; 2.81887; 0; 0; -0; -0; 0; 965.648; 721.101; -77.7253; -80.5441
231093.468; 81; -889058.395508; -98535.638671875; 887.3212890625; 894.454; -7.13296; 0; 0; -0; -0; 0; 965.194; 720.761; -77.8723; -70.7393
231094.468; 81; -889225.961914; -99422.712890625; 887.07421875; 880.567; 6.50681; 0; 0; -0; -0; 0; 964.739; 720.422; -77.6649; -84.1717
231095.468; 81; -889398.107422; -100309.5048828125; 886.7919921875; 904.631; -17.8388; 0; 0; -0; -0; 0; 964.284; 720.083; -77.4924; -59.6537
231096.468; 81; -889567.069336; -101195.1259765625; 885.62109375; 887.901; -2.27976; 0; 0; -0; -0; 0; 963.83; 719.743; -78.2087; -75.9289
231097.468; 81; -889734.696289; -102080.626953125; 885.5009765625; 880.886; 4.61539; 0; 0; -0; -0; 0; 963.375; 719.404; -77.8741; -82.4895
231098.468; 81; -889901.511719; -102965.607421875; 884.98046875; 876.621; 8.35947; 0; 0; -0; -0; 0; 962.92; 719.064; -77.94; -86.2994
231099.468; 81; -890068.362305; -103849.9501953125; 884.3427734375; 876.806; 7.53703; 0; 0; -0; -0; 0; 962.466; 718.724; -78.1229; -85.6599
231100.468; 81; -890238.047852; -104733.970703125; 884.0205078125; 891.704; -7.68306; 0; 0; -0; -0; 0; 962.011; 718.385; -77.9904; -70.3073
231101.468; 81; -890404.235352; -105617.458984375; 883.48828125; 873.321; 10.1671; 0; 0; -0; -0; 0; 961.556; 718.045; -78.0677; -88.2348
231102.468; 81; -890572.882812; -106500.458984375; 883; 886.248; -3.24839; 0; 0; -0; -0; 0; 961.101; 717.705; -78.1012; -74.8528
231103.468; 81; -890742.40332; -107383.13671875; 882.677734375; 890.836; -8.15855; 0; 0; -0; -0; 0; 960.646; 717.366; -77.9685; -69.81
231104.468; 81; -890909.392578; -108265.37890625; 882.2421875; 877.534; 4.70771; 0; 0; -0; -0; 0; 960.191; 717.026; -77.9491; -82.6568
231105.468; 81; -891077.900391; -109147.0947265625; 881.7158203125; 885.515; -3.79871; 0; 0; -0; -0; 0; 959.736; 716.686; -78.0206; -74.2219
231106.468; 81; -891241.828125; -110028.2734375; 881.1787109375; 861.446; 19.7327; 0; 0; -0; -0; 0; 959.281; 716.346; -78.1027; -97.8353
231107.468; 81; -891407.832031; -110909.216796875; 880.943359375; 872.356; 8.58694; 0; 0; -0; -0; 0; 958.826; 716.007; -77.883; -86.4699
231108.468; 81; -891578.914062; -111789.7998046875; 880.5830078125; 899.042; -18.4591; 0; 0; -0; -0; 0; 958.371; 715.667; -77.7882; -59.3291
231109.468; 81; -891749.629883; -112669.76953125; 879.9697265625; 897.118; -17.148; 0; 0; -0; -0; 0; 957.916; 715.327; -77.9464; -60.7985
231110.468; 81; -891915.485352; -113549.1943359375; 879.4248046875; 871.576; 7.84843; 0; 0; -0; -0; 0; 957.461; 714.987; -78.0362; -85.8847
231111.468; 81; -892081.47168; -114428.1337890625; 878.939453125; 872.264; 6.67541; 0; 0; -0; -0; 0; 957.006; 714.647; -78.0664; -84.7418
231112.468; 81; -892249.613281; -115306.6806640625; 878.546875; 883.59; -5.0432; 0; 0; -0; -0; 0; 956.551; 714.307; -78.0037; -72.9605
231113.468; 81; -892419.988281; -116184.5888671875; 877.908203125; 895.327; -17.4185; 0; 0; -0; -0; 0; 956.095; 713.967; -78.1871; -60.7686
231114.468; 81; -892584.945312; -117061.9150390625; 877.326171875; 866.855; 10.4711; 0; 0; -0; -0; 0; 955.64; 713.627; -78.3139; -88.785
231115.468; 81; -892754.482422; -117938.7705078125; 876.85546875; 890.924; -14.0681; 0; 0; -0; -0; 0; 955.185; 713.287; -78.3292; -64.2612
231116.468; 81; -892920.128906; -118815.3857421875; 876.615234375; 870.478; 6.13708; 0; 0; -0; -0; 0; 954.729; 712.947; -78.1141; -84.2512
231117.468; 81; -893086.219727; -119691.6796875; 876.2939453125; 872.813; 3.48079; 0; 0; -0; -0; 0; 954.274; 712.607; -77.98; -81.4608
231118.468; 81; -893253.192383; -120567.2763671875; 875.5966796875; 877.447; -1.85055; 0; 0; -0; -0; 0; 953.819; 712.267; -78.2218; -76.3713
231119.468; 81; -893423.052734; -121442.15625; 874.8798828125; 892.622; -17.7423; 0; 0; -0; -0; 0; 953.363; 711.927; -78.4831; -60.7408
231120.468; 81; -893586.761719; -122316.82421875; 874.66796875; 860.297; 14.3714; 0; 0; -0; -0; 0; 952.907; 711.587; -78.2395; -92.611
231121.468; 81; -893752.050781; -123191.0048828125; 874.1806640625; 868.6; 5.58078; 0; 0; -0; -0; 0; 952.452; 711.247; -78.2713; -83.852
231122.468; 81; -893915.637695; -124064.8017578125; 873.796875; 859.655; 14.1418; 0; 0; -0; -0; 0; 951.996; 710.906; -78.1994; -92.3413
231123.468; 81; -894083.962891; -124938.0029296875; 873.201171875; 884.555; -11.3537; 0; 0; -0; -0; 0; 951.541; 710.566; -78.3395; -66.9858
231124.468; 81; -894253.325195; -125811.0087890625; 873.005859375; 890.005; -16.9991; 0; 0; -0; -0; 0; 951.085; 710.226; -78.0792; -61.0801
231125.468; 81; -894412.174805; -126683.6298828125; 872.62109375; 834.76; 37.8608; 0; 0; -0; -0; 0; 950.629; 709.886; -78.0083; -115.869
231126.468; 81; -894581.930664; -127555.673828125; 872.0439453125; 892.073; -20.0291; 0; 0; -0; -0; 0; 950.174; 709.545; -78.1297; -58.1006
231127.468; 81; -894748.981445; -128427.1767578125; 871.5029296875; 877.858; -6.35485; 0; 0; -0; -0; 0; 949.718; 709.205; -78.215; -71.8601
231128.468; 81; -894912.865234; -129298.111328125; 870.9345703125; 861.215; 9.71945; 0; 0; -0; -0; 0; 949.262; 708.865; -78.3275; -88.047
231129.468; 81; -895081.818359; -130168.6259765625; 870.5146484375; 887.855; -17.34; 0; 0; -0; -0; 0; 948.806; 708.524; -78.2916; -60.9516
231130.468; 81; -895245.483398; -131038.623046875; 869.9970703125; 860.066; 9.93149; 0; 0; -0; -0; 0; 948.35; 708.184; -78.3533; -88.2848
231131.468; 81; -895409.996094; -131908.240234375; 869.6171875; 864.52; 5.09714; 0; 0; -0; -0; 0; 947.895; 707.843; -78.2773; -83.3745
231132.468; 81; -895577.029297; -132777.439453125; 869.19921875; 877.765; -8.56619; 0; 0; -0; -0; 0; 947.439; 707.503; -78.2393; -69.6731
231133.468; 81; -895747.884766; -133645.80078125; 868.361328125; 897.852; -29.4902; 0; 0; -0; -0; 0; 946.983; 707.162; -78.6212; -49.131
231134.468; 81; -895913.120117; -134513.76953125; 867.96875; 868.318; -0.348883; 0; 0; -0; -0; 0; 946.527; 706.822; -78.5578; -78.2089
231135.468; 81; -896074.203125; -135381.3310546875; 867.5615234375; 846.497; 21.0646; 0; 0; -0; -0; 0; 946.071; 706.481; -78.509; -99.5736
231136.468; 81; -896236.560547; -136248.4580078125; 867.126953125; 853.194; 13.9329; 0; 0; -0; -0; 0; 945.614; 706.141; -78.4874; -92.4204
231137.468; 81; -896406.132812; -137114.95703125; 866.4990234375; 891.108; -24.6092; 0; 0; -0; -0; 0; 945.158; 705.8; -78.6592; -54.05
231138.468; 81; -896568.140625; -137980.8349609375; 865.8779296875; 851.357; 14.5211; 0; 0; -0; -0; 0; 944.702; 705.459; -78.8242; -93.3453
231139.468; 81; -896732.975586; -138846.09375; 865.2587890625; 866.214; -0.954777; 0; 0; -0; -0; 0; 944.246; 705.119; -78.9871; -78.0323
231140.468; 81; -896894.119141; -139710.859375; 864.765625; 846.815; 17.9505; 0; 0; -0; -0; 0; 943.79; 704.778; -79.024; -96.9746
231141.468; 81; -897059.320312; -140575.513671875; 864.654296875; 868.138; -3.48372; 0; 0; -0; -0; 0; 943.333; 704.437; -78.6791; -75.1954
231142.468; 81; -897226.257812; -141439.771484375; 864.2578125; 877.262; -13.0047; 0; 0; -0; -0; 0; 942.877; 704.096; -78.6192; -65.6145
231143.468; 81; -897391.416016; -142303.6865234375; 863.9150390625; 867.912; -3.99718; 0; 0; -0; -0; 0; 942.421; 703.756; -78.5057; -74.5085
231144.468; 81; -897558.81543; -143167.0712890625; 863.384765625; 879.69; -16.3051; 0; 0; -0; -0; 0; 941.964; 703.415; -78.5796; -62.2745
231145.468; 81; -897716.365234; -144030.099609375; 863.0283203125; 827.93; 35.0985; 0; 0; -0; -0; 0; 941.508; 703.074; -78.4797; -113.578
231146.468; 81; -897883.380859; -144892.537109375; 862.4375; 877.673; -15.2355; 0; 0; -0; -0; 0; 941.052; 702.733; -78.614; -63.3785
231147.468; 81; -898047.526367; -145754.30078125; 861.763671875; 862.59; -0.826794; 0; 0; -0; -0; 0; 940.595; 702.392; -78.8314; -78.0046
231148.468; 81; -898212.230469; -146615.5771484375; 861.2763671875; 865.526; -4.24953; 0; 0; -0; -0; 0; 940.138; 702.051; -78.8621; -74.6126
231149.468; 81; -898375.241211; -147476.37890625; 860.8017578125; 856.627; 4.17453; 0; 0; -0; -0; 0; 939.682; 701.711; -78.8802; -83.0547
231150.468; 81; -898539.082031; -148336.5712890625; 860.1923828125; 860.989; -0.796939; 0; 0; -0; -0; 0; 939.225; 701.37; -79.033; -78.2361
231151.468; 81; -898698.524414; -149196.3232421875; 859.751953125; 837.875; 21.8766; 0; 0; -0; -0; 0; 938.769; 701.029; -79.0168; -100.893
231152.468; 81; -898865.950195; -150055.69140625; 859.3681640625; 879.828; -20.4603; 0; 0; -0; -0; 0; 938.312; 700.688; -78.9439; -58.4836
231153.468; 81; -899027.547852; -150914.8125; 859.12109375; 849.201; 9.91968; 0; 0; -0; -0; 0; 937.855; 700.347; -78.7343; -88.654
231154.468; 81; -899192.504883; -151773.3955078125; 858.5830078125; 866.855; -8.27204; 0; 0; -0; -0; 0; 937.399; 700.005; -78.8156; -70.5435
231155.468; 81; -899358.168945; -152631.494140625; 858.0986328125; 870.571; -12.4719; 0; 0; -0; -0; 0; 936.942; 699.664; -78.8432; -66.3713
231156.468; 81; -899523.142578; -153489.0419921875; 857.5478515625; 866.942; -9.39444; 0; 0; -0; -0; 0; 936.485; 699.323; -78.9373; -69.5428
231157.468; 81; -899685.107422; -154345.9951171875; 856.953125; 851.131; 5.82213; 0; 0; -0; -0; 0; 936.028; 698.982; -79.0751; -84.8972
231158.468; 81; -899850.24707; -155202.220703125; 856.2255859375; 867.815; -11.5891; 0; 0; -0; -0; 0; 935.571; 698.641; -79.3457; -67.7566
231159.468; 81; -900010.422852; -156058.494140625; 856.2734375; 841.729; 14.544; 0; 0; -0; -0; 0; 935.114; 698.3; -78.841; -93.385
231160.468; 81; -900177.273438; -156914.37890625; 855.884765625; 876.806; -20.921; 0; 0; -0; -0; 0; 934.657; 697.958; -78.7727; -57.8517
231161.468; 81; -900338.015625; -157770.1416015625; 855.7626953125; 844.706; 11.0568; 0; 0; -0; -0; 0; 934.2; 697.617; -78.4378; -89.4946
231162.468; 81; -900498.619141; -158625.4873046875; 855.345703125; 843.977; 11.3685; 0; 0; -0; -0; 0; 933.743; 697.276; -78.3978; -89.7663
231163.468; 81; -900660.966797; -159480.1357421875; 854.6484375; 853.143; 1.50575; 0; 0; -0; -0; 0; 933.286; 696.935; -78.638; -80.1437
231164.468; 81; -900825.435547; -160333.81640625; 853.6806640625; 864.289; -10.6085; 0; 0; -0; -0; 0; 932.829; 696.593; -79.1487; -68.5403
231165.468; 81; -900989.860352; -161186.69921875; 852.8828125; 864.058; -11.1754; 0; 0; -0; -0; 0; 932.372; 696.252; -79.4894; -68.314
231166.468; 81; -901153.507812; -162039.2509765625; 852.5517578125; 859.973; -7.42145; 0; 0; -0; -0; 0; 931.915; 695.911; -79.3632; -71.9418
231167.468; 81; -901310.795898; -162891.810546875; 852.5595703125; 826.554; 26.0051; 0; 0; -0; -0; 0; 931.458; 695.569; -78.8983; -104.903
231168.468; 81; -901475.464844; -163743.947265625; 852.13671875; 865.341; -13.2044; 0; 0; -0; -0; 0; 931.001; 695.228; -78.8639; -65.6595
231169.468; 81; -901633.485352; -164595.7353515625; 851.7880859375; 830.403; 21.3847; 0; 0; -0; -0; 0; 930.543; 694.886; -78.7553; -100.14
231170.468; 81; -901798.336914; -165447.041015625; 851.3056640625; 866.301; -14.9951; 0; 0; -0; -0; 0; 930.086; 694.545; -78.7804; -63.7852
231171.468; 81; -901956.959961; -166298.0498046875; 851.0087890625; 833.57; 17.4391; 0; 0; -0; -0; 0; 929.629; 694.203; -78.62; -96.059
231172.468; 81; -902119.542969; -167148.599609375; 850.5498046875; 854.379; -3.82967; 0; 0; -0; -0; 0; 929.171; 693.862; -78.6216; -74.7919
231173.468; 81; -902283.706055; -167998.265625; 849.666015625; 862.683; -13.0168; 0; 0; -0; -0; 0; 928.714; 693.52; -79.0479; -66.0311
231174.468; 81; -902446.613281; -168847.9755859375; 849.7099609375; 856.083; -6.37329; 0; 0; -0; -0; 0; 928.257; 693.179; -78.5465; -72.1733
231175.468; 81; -902603.900391; -169697.11328125; 849.1376953125; 826.549; 22.5884; 0; 0; -0; -0; 0; 927.799; 692.837; -78.6613; -101.25
231176.468; 81; -902765.314453; -170545.6181640625; 848.5048828125; 848.237; 0.268259; 0; 0; -0; -0; 0; 927.341; 692.495; -78.8366; -79.1049
231177.468; 81; -902929.242188; -171393.544921875; 847.9267578125; 861.446; -13.5193; 0; 0; -0; -0; 0; 926.884; 692.154; -78.9572; -65.4379
231178.468; 81; -903092.236328; -172240.771484375; 847.2265625; 856.54; -9.31343; 0; 0; -0; -0; 0; 926.426; 691.812; -79.1998; -69.8864
231179.468; 81; -903254.714844; -173087.58203125; 846.810546875; 853.83; -7.01982; 0; 0; -0; -0; 0; 925.969; 691.47; -79.1582; -72.1383
231180.468; 81; -903413.704102; -173934.333984375; 846.751953125; 835.494; 11.2578; 0; 0; -0; -0; 0; 925.511; 691.128; -78.7591; -90.0169
231181.468; 81; -903570.904297; -174780.2705078125; 845.9365234375; 826.093; 19.8439; 0; 0; -0; -0; 0; 925.053; 690.787; -79.1169; -98.9608
231182.468; 81; -903730.625977; -175625.552734375; 845.2822265625; 839.343; 5.93913; 0; 0; -0; -0; 0; 924.596; 690.445; -79.3134; -85.2526
231183.468; 81; -903892.267578; -176470.66015625; 845.107421875; 849.432; -4.32493; 0; 0; -0; -0; 0; 924.138; 690.103; -79.0305; -74.7055
231184.468; 81; -904054.40625; -177315.1572265625; 844.4970703125; 852.044; -7.5474; 0; 0; -0; -0; 0; 923.68; 689.761; -79.183; -71.6356
231185.468; 81; -904210.93457; -178159.1513671875; 843.994140625; 822.562; 21.4323; 0; 0; -0; -0; 0; 923.222; 689.419; -79.2281; -100.66
231186.468; 81; -904370.647461; -179002.8017578125; 843.650390625; 839.297; 4.35349; 0; 0; -0; -0; 0; 922.764; 689.077; -79.114; -83.4675
231187.468; 81; -904527.830078; -179846.2724609375; 843.470703125; 826; 17.4705; 0; 0; -0; -0; 0; 922.307; 688.735; -78.8358; -96.3063
231188.468; 81; -904689.602539; -180689.4423828125; 843.169921875; 850.12; -6.9501; 0; 0; -0; -0; 0; 921.848; 688.393; -78.6786; -71.7285
231189.468; 81; -904853.198242; -181531.986328125; 842.5439453125; 859.701; -17.1573; 0; 0; -0; -0; 0; 921.391; 688.051; -78.8466; -61.6894
231190.468; 81; -905012.658203; -182373.689453125; 841.703125; 837.968; 3.73537; 0; 0; -0; -0; 0; 920.933; 687.709; -79.2295; -82.9648
231191.468; 81; -905173.410156; -183215.142578125; 841.453125; 844.757; -3.30409; 0; 0; -0; -0; 0; 920.475; 687.367; -79.0214; -75.7174
231192.468; 81; -905332.634766; -184056.2587890625; 841.1162109375; 836.731; 4.38524; 0; 0; -0; -0; 0; 920.016; 687.025; -78.9003; -83.2855
231193.468; 81; -905489.564453; -184896.5966796875; 840.337890625; 824.671; 15.6668; 0; 0; -0; -0; 0; 919.558; 686.683; -79.2205; -94.8873
231194.468; 81; -905650.856445; -185736.3681640625; 839.771484375; 847.595; -7.82366; 0; 0; -0; -0; 0; 919.1; 686.341; -79.3286; -71.505
231195.468; 81; -905811.573242; -186575.453125; 839.0849609375; 844.572; -5.48751; 0; 0; -0; -0; 0; 918.642; 685.999; -79.5571; -74.0696
231196.468; 81; -905972.141602; -187414.0810546875; 838.6279296875; 843.792; -5.16449; 0; 0; -0; -0; 0; 918.184; 685.657; -79.5559; -74.3914
231197.468; 81; -906129.132812; -188252.259765625; 838.1787109375; 824.994; 13.1843; 0; 0; -0; -0; 0; 917.726; 685.315; -79.5468; -92.7311
231198.468; 81; -906289.657227; -189089.9638671875; 837.7041015625; 843.561; -5.85739; 0; 0; -0; -0; 0; 917.267; 684.972; -79.5632; -73.7058
231199.468; 81; -906450.931641; -189927.5732421875; 837.609375; 847.503; -9.89339; 0; 0; -0; -0; 0; 916.809; 684.63; -79.1996; -69.3062
231200.468; 81; -906609.685547; -190764.6279296875; 837.0546875; 834.257; 2.79728; 0; 0; -0; -0; 0; 916.351; 684.288; -79.2959; -82.0932
231201.468; 81; -906770.192383; -191601.294921875; 836.6669921875; 843.469; -6.80212; 0; 0; -0; -0; 0; 915.892; 683.945; -79.2252; -72.4231
231202.468; 81; -906927.907227; -192437.5126953125; 836.2177734375; 828.797; 7.42068; 0; 0; -0; -0; 0; 915.434; 683.603; -79.216; -86.6367
231203.468; 81; -907085.735352; -193273.2568359375; 835.744140625; 829.392; 6.35175; 0; 0; -0; -0; 0; 914.975; 683.261; -79.2311; -85.5828
231204.468; 81; -907246.243164; -194108.25; 834.9931640625; 843.474; -8.48108; 0; 0; -0; -0; 0; 914.517; 682.918; -79.5236; -71.0425
231205.468; 81; -907401.776367; -194942.8818359375; 834.6318359375; 817.332; 17.2993; 0; 0; -0; -0; 0; 914.058; 682.576; -79.4264; -96.7258
231206.468; 81; -907563.086914; -195777.130859375; 834.2490234375; 847.693; -13.4436; 0; 0; -0; -0; 0; 913.6; 682.234; -79.3507; -65.9071
231207.468; 81; -907723.105469; -196610.87890625; 833.748046875; 840.903; -7.15513; 0; 0; -0; -0; 0; 913.141; 681.891; -79.393; -72.2379
231208.468; 81; -907885.060547; -197444.265625; 833.38671875; 851.08; -17.693; 0; 0; -0; -0; 0; 912.682; 681.549; -79.2958; -61.6028
231209.468; 81; -908041.981445; -198277.3369140625; 833.0712890625; 824.625; 8.4464; 0; 0; -0; -0; 0; 912.224; 681.206; -79.1524; -87.5988
231210.468; 81; -908196.764648; -199109.4169921875; 832.080078125; 813.391; 18.6889; 0; 0; -0; -0; 0; 911.765; 680.863; -79.6849; -98.3738
231211.468; 81; -908354.288086; -199940.7900390625; 831.373046875; 827.791; 3.5818; 0; 0; -0; -0; 0; 911.306; 680.521; -79.9333; -83.5151
231212.468; 81; -908514.071289; -200772.0576171875; 831.267578125; 839.666; -8.39882; 0; 0; -0; -0; 0; 910.848; 680.178; -79.58; -71.1812
231213.468; 81; -908673.618164; -201602.927734375; 830.8701171875; 838.424; -7.55437; 0; 0; -0; -0; 0; 910.389; 679.836; -79.5186; -71.9643
231214.468; 81; -908829.265625; -202433.3955078125; 830.4677734375; 817.933; 12.5348; 0; 0; -0; -0; 0; 909.93; 679.493; -79.4621; -91.997
231215.468; 81; -908991.177734; -203263.501953125; 830.1064453125; 850.854; -20.7474; 0; 0; -0; -0; 0; 909.471; 679.15; -79.3646; -58.6172
231216.468; 81; -909145.324219; -204093.068359375; 829.56640625; 810.045; 19.5212; 0; 0; -0; -0; 0; 909.012; 678.808; -79.4457; -98.9669
231217.468; 81; -909301.171875; -204922.4189453125; 829.3505859375; 818.985; 10.3656; 0; 0; -0; -0; 0; 908.553; 678.465; -79.2026; -89.5682
231218.468; 81; -909459.332031; -205751.384765625; 828.9658203125; 831.137; -2.17141; 0; 0; -0; -0; 0; 908.094; 678.122; -79.1283; -76.9569
231219.468; 81; -909620.249023; -206579.78125; 828.396484375; 845.625; -17.228; 0; 0; -0; -0; 0; 907.635; 677.78; -79.2387; -62.0107
231220.468; 81; -909776.480469; -207407.611328125; 827.830078125; 821.002; 6.82829; 0; 0; -0; -0; 0; 907.176; 677.437; -79.346; -86.1743
231221.468; 81; -909934.911133; -208234.6748046875; 827.0634765625; 832.559; -5.49528; 0; 0; -0; -0; 0; 906.717; 677.094; -79.6536; -74.1583
231222.468; 81; -910094.371094; -209061.25; 826.5751953125; 837.968; -11.3926; 0; 0; -0; -0; 0; 906.258; 676.751; -79.6827; -68.2901
231223.468; 81; -910250.202148; -209887.537109375; 826.287109375; 818.898; 7.38939; 0; 0; -0; -0; 0; 905.799; 676.408; -79.5117; -86.901
231224.468; 81; -910404.810547; -210713.4775390625; 825.9404296875; 812.473; 13.4678; 0; 0; -0; -0; 0; 905.34; 676.065; -79.3991; -92.8669
231225.468; 81; -910565.588867; -211538.859375; 825.3818359375; 844.896; -19.5139; 0; 0; -0; -0; 0; 904.88; 675.722; -79.4985; -59.9846
231226.468; 81; -910720.223633; -212363.7626953125; 824.9033203125; 812.611; 12.2921; 0; 0; -0; -0; 0; 904.421; 675.379; -79.5178; -91.8099
231227.468; 81; -910875.530273; -213188.3369140625; 824.57421875; 816.142; 8.43231; 0; 0; -0; -0; 0; 903.962; 675.036; -79.3875; -87.8198
231228.468; 81; -911035.357422; -214012.4541015625; 824.1171875; 839.897; -15.7801; 0; 0; -0; -0; 0; 903.502; 674.693; -79.3853; -63.6051
231229.468; 81; -911193.115234; -214836.11328125; 823.6591796875; 829.023; -5.36372; 0; 0; -0; -0; 0; 903.043; 674.35; -79.3838; -74.0201
231230.468; 81; -911349.146484; -215659.0078125; 822.89453125; 819.95; 2.94478; 0; 0; -0; -0; 0; 902.584; 674.007; -79.6892; -82.6339
231231.468; 81; -911503.083984; -216481.4765625; 822.46875; 808.947; 13.5217; 0; 0; -0; -0; 0; 902.124; 673.664; -79.6555; -93.1772
231232.468; 81; -911663.408203; -217303.6591796875; 822.1826171875; 842.509; -20.3268; 0; 0; -0; -0; 0; 901.665; 673.321; -79.4821; -59.1553
231233.468; 81; -911815.180664; -218125.4560546875; 821.796875; 797.57; 24.2272; 0; 0; -0; -0; 0; 901.205; 672.978; -79.4084; -103.636
231234.468; 81; -911973.384766; -218946.8232421875; 821.3671875; 831.368; -10.001; 0; 0; -0; -0; 0; 900.746; 672.635; -79.3785; -69.3776
231235.468; 81; -912127.871094; -219767.88671875; 821.0634765625; 811.831; 9.23234; 0; 0; -0; -0; 0; 900.286; 672.292; -79.2227; -88.455
231236.468; 81; -912287.610352; -220588.3779296875; 820.4912109375; 839.435; -18.9443; 0; 0; -0; -0; 0; 899.827; 671.948; -79.3354; -60.3911
231237.468; 81; -912441.765625; -221407.87890625; 819.5009765625; 810.091; 9.40955; 0; 0; -0; -0; 0; 899.367; 671.605; -79.8659; -89.2755
231238.468; 81; -912596.401367; -222227.04296875; 819.1640625; 812.616; 6.54775; 0; 0; -0; -0; 0; 898.907; 671.262; -79.7432; -86.2909
231239.468; 81; -912754.595703; -223045.8974609375; 818.8544921875; 831.317; -12.4624; 0; 0; -0; -0; 0; 898.448; 670.919; -79.5931; -67.1307
231240.468; 81; -912910.374023; -223864.54296875; 818.6455078125; 818.621; 0.0249093; 0; 0; -0; -0; 0; 897.988; 670.575; -79.3423; -79.3672
231241.468; 81; -913064.582031; -224682.732421875; 818.189453125; 810.369; 7.8209; 0; 0; -0; -0; 0; 897.528; 670.232; -79.3386; -87.1595
231242.468; 81; -913218.222656; -225500.5869140625; 817.8544921875; 807.387; 10.4676; 0; 0; -0; -0; 0; 897.068; 669.889; -79.2136; -89.6812
231243.468; 81; -913378.616211; -226317.583984375; 816.9970703125; 842.874; -25.8767; 0; 0; -0; -0; 0; 896.608; 669.545; -79.6112; -53.7345
231244.468; 81; -913535.581055; -227134.0830078125; 816.4990234375; 824.856; -8.3568; 0; 0; -0; -0; 0; 896.148; 669.202; -79.6494; -71.2926
231245.468; 81; -913688.958984; -227950.22265625; 816.1396484375; 806.006; 10.1332; 0; 0; -0; -0; 0; 895.689; 668.858; -79.5489; -89.6821
231246.468; 81; -913840.514648; -228765.5146484375; 815.2919921875; 796.43; 18.8616; 0; 0; -0; -0; 0; 895.229; 668.515; -79.9366; -98.7982
231247.468; 81; -913998.220703; -229580.4453125; 814.9306640625; 828.751; -13.8202; 0; 0; -0; -0; 0; 894.769; 668.171; -79.838; -66.0177
231248.468; 81; -914152.708008; -230395.177734375; 814.732421875; 811.836; 2.89616; 0; 0; -0; -0; 0; 894.309; 667.828; -79.5762; -82.4723
231249.468; 81; -914307.185547; -231209.3720703125; 814.1943359375; 811.785; 2.40939; 0; 0; -0; -0; 0; 893.849; 667.484; -79.6542; -82.0636
231250.468; 81; -914462.483398; -232023.3046875; 813.9326171875; 816.096; -2.1631; 0; 0; -0; -0; 0; 893.389; 667.141; -79.4559; -77.2928
231251.468; 81; -914616.900391; -232836.8984375; 813.59375; 811.467; 2.12698; 0; 0; -0; -0; 0; 892.928; 666.797; -79.3346; -81.4615
231252.468; 81; -914771.212891; -233649.53125; 812.6328125; 810.918; 1.71515; 0; 0; -0; -0; 0; 892.468; 666.454; -79.8354; -81.5506
231253.468; 81; -914927.924805; -234461.6171875; 812.0859375; 823.527; -11.4407; 0; 0; -0; -0; 0; 892.008; 666.11; -79.9221; -68.4813
231254.468; 81; -915079.829102; -235273.466796875; 811.849609375; 798.262; 13.5871; 0; 0; -0; -0; 0; 891.548; 665.766; -79.6982; -93.2853
231255.468; 81; -915235.336914; -236084.6181640625; 811.1513671875; 817.199; -6.0477; 0; 0; -0; -0; 0; 891.088; 665.422; -79.9362; -73.8885
231256.468; 81; -915393.601562; -236895.259765625; 810.6416015625; 831.686; -21.0447; 0; 0; -0; -0; 0; 890.627; 665.079; -79.9856; -58.9409
231257.468; 81; -915542.146484; -237705.57421875; 810.314453125; 780.609; 29.7056; 0; 0; -0; -0; 0; 890.167; 664.735; -79.8525; -109.558
231258.468; 81; -915698.552734; -238515.3349609375; 809.7607421875; 821.92; -12.1596; 0; 0; -0; -0; 0; 889.707; 664.391; -79.9458; -67.7861
231259.468; 81; -915851.399414; -239324.671875; 809.3369140625; 803.215; 6.12219; 0; 0; -0; -0; 0; 889.246; 664.047; -79.9093; -86.0314
231260.468; 81; -916005.790039; -240133.4921875; 808.8203125; 811.328; -2.5079; 0; 0; -0; -0; 0; 888.786; 663.704; -79.9654; -77.4575
231261.468; 81; -916160.511719; -240941.9208984375; 808.4287109375; 813.068; -4.6392; 0; 0; -0; -0; 0; 888.325; 663.36; -79.8965; -75.2573
231262.468; 81; -916316.089844; -241750.0634765625; 808.142578125; 817.569; -9.42599; 0; 0; -0; -0; 0; 887.865; 663.016; -79.7222; -70.2962
231263.468; 81; -916468.298828; -242557.7373046875; 807.673828125; 799.864; 7.81022; 0; 0; -0; -0; 0; 887.404; 662.672; -79.7304; -87.5406
231264.468; 81; -916620.054688; -243364.7412109375; 807.00390625; 797.482; 9.52148; 0; 0; -0; -0; 0; 886.944; 662.328; -79.9397; -89.4612
231265.468; 81; -916773.398438; -244171.3134765625; 806.572265625; 805.827; 0.74542; 0; 0; -0; -0; 0; 886.483; 661.984; -79.9108; -80.6563
231266.468; 81; -916925.834961; -244977.5244140625; 806.2109375; 801.059; 5.1516; 0; 0; -0; -0; 0; 886.022; 661.64; -79.8115; -84.9631
231267.468; 81; -917081.360352; -245783.3330078125; 805.80859375; 817.291; -11.4829; 0; 0; -0; -0; 0; 885.562; 661.296; -79.7532; -68.2703
231268.468; 81; -917234.329102; -246588.57421875; 805.2412109375; 803.856; 1.385; 0; 0; -0; -0; 0; 885.101; 660.952; -79.8599; -81.2449
231269.468; 81; -917386.878906; -247393.4306640625; 804.8564453125; 801.655; 3.20181; 0; 0; -0; -0; 0; 884.64; 660.608; -79.7839; -82.9857
231270.468; 81; -917540.161133; -248197.615234375; 804.1845703125; 805.504; -1.31897; 0; 0; -0; -0; 0; 884.18; 660.264; -79.995; -78.6761
231271.468; 81; -917693.182617; -249001.44140625; 803.826171875; 804.133; -0.307156; 0; 0; -0; -0; 0; 883.719; 659.92; -79.8926; -79.5854
231272.468; 81; -917846.75293; -249804.91796875; 803.4765625; 807.017; -3.54088; 0; 0; -0; -0; 0; 883.258; 659.576; -79.7814; -76.2405
231273.468; 81; -917999.084961; -250607.8310546875; 802.9130859375; 800.51; 2.40286; 0; 0; -0; -0; 0; 882.797; 659.232; -79.884; -82.2869
231274.468; 81; -918149.121094; -251410.4501953125; 802.619140625; 788.445; 14.1739; 0; 0; -0; -0; 0; 882.336; 658.887; -79.717; -93.891
231275.468; 81; -918303.983398; -252212.5595703125; 802.109375; 813.807; -11.6975; 0; 0; -0; -0; 0; 881.875; 658.543; -79.7659; -68.0683
231276.468; 81; -918456.821289; -253013.7109375; 801.1513671875; 803.169; -2.01717; 0; 0; -0; -0; 0; 881.414; 658.199; -80.2629; -78.2457
231277.468; 81; -918609.981445; -253814.85546875; 801.14453125; 804.862; -3.71752; 0; 0; -0; -0; 0; 880.953; 657.855; -79.8087; -76.0912
231278.468; 81; -918760.027344; -254615.890625; 801.03515625; 788.497; 12.5386; 0; 0; -0; -0; 0; 880.492; 657.51; -79.4571; -91.9957
231279.468; 81; -918913.28418; -255416.7177734375; 800.8271484375; 805.37; -4.54296; 0; 0; -0; -0; 0; 880.031; 657.166; -79.204; -74.661
231280.468; 81; -919066.907227; -256216.251953125; 799.5341796875; 807.295; -7.76038; 0; 0; -0; -0; 0; 879.57; 656.822; -80.0359; -72.2755
231281.468; 81; -919218.985352; -257015.169921875; 798.91796875; 799.176; -0.257972; 0; 0; -0; -0; 0; 879.109; 656.477; -80.1909; -79.933
231282.468; 81; -919369.912109; -257813.7255859375; 798.5556640625; 793.125; 5.4302; 0; 0; -0; -0; 0; 878.648; 656.133; -80.0921; -85.5223
231283.468; 81; -919524.914062; -258611.6689453125; 797.943359375; 814.541; -16.5974; 0; 0; -0; -0; 0; 878.187; 655.789; -80.2432; -63.6458
231284.468; 81; -919671.19043; -259409.365234375; 797.6962890625; 768.687; 29.0088; 0; 0; -0; -0; 0; 877.725; 655.444; -80.029; -109.038
231285.468; 81; -919825.948242; -260206.494140625; 797.12890625; 813.258; -16.1289; 0; 0; -0; -0; 0; 877.264; 655.1; -80.1351; -64.0062
231286.468; 81; -919974.222656; -261003.2919921875; 796.7978515625; 779.187; 17.6105; 0; 0; -0; -0; 0; 876.803; 654.755; -80.0049; -97.6154
231287.468; 81; -920129.494141; -261799.6337890625; 796.341796875; 815.957; -19.6154; 0; 0; -0; -0; 0; 876.341; 654.411; -79.9996; -60.3842
231288.468; 81; -920279.923828; -262595.5888671875; 795.955078125; 790.513; 5.44173; 0; 0; -0; -0; 0; 875.88; 654.066; -79.9249; -85.3666
231289.468; 81; -920429.123047; -263390.9921875; 795.4033203125; 784.047; 11.3561; 0; 0; -0; -0; 0; 875.419; 653.722; -80.0153; -91.3714
231290.468; 81; -920579.945312; -264185.9345703125; 794.9423828125; 792.576; 2.36603; 0; 0; -0; -0; 0; 874.957; 653.377; -80.0148; -82.3808
231291.468; 81; -920735.53125; -264980.56640625; 794.6318359375; 817.61; -22.9778; 0; 0; -0; -0; 0; 874.496; 653.032; -79.8638; -56.886
231292.468; 81; -920886.667969; -265774.7490234375; 794.1826171875; 794.229; -0.0462004; 0; 0; -0; -0; 0; 874.034; 652.688; -79.8516; -79.8054
231293.468; 81; -921038.676758; -266568.4716796875; 793.72265625; 798.812; -5.08892; 0; 0; -0; -0; 0; 873.573; 652.343; -79.85; -74.761
231294.468; 81; -921188.94043; -267361.6865234375; 793.21484375; 789.641; 3.57392; 0; 0; -0; -0; 0; 873.111; 651.999; -79.8962; -83.4701
231295.468; 81; -921337.163086; -268154.5419921875; 792.85546875; 778.915; 13.9402; 0; 0; -0; -0; 0; 872.649; 651.654; -79.794; -93.7341
231296.468; 81; -921490.427734; -268947.10546875; 792.5634765625; 805.411; -12.8477; 0; 0; -0; -0; 0; 872.188; 651.309; -79.6244; -66.7767
231297.468; 81; -921636.59082; -269739.005859375; 791.900390625; 768.092; 23.8082; 0; 0; -0; -0; 0; 871.726; 650.964; -79.8257; -103.634
231298.468; 81; -921788.94043; -270529.8642578125; 790.8583984375; 800.603; -9.7442; 0; 0; -0; -0; 0; 871.264; 650.62; -80.4061; -70.6619
231299.468; 81; -921940.600586; -271320.5205078125; 790.65625; 796.98; -6.32325; 0; 0; -0; -0; 0; 870.803; 650.275; -80.1464; -73.8231
231300.468; 81; -922091.414062; -272110.8740234375; 790.353515625; 792.53; -2.17665; 0; 0; -0; -0; 0; 870.341; 649.93; -79.9874; -77.8107
231301.468; 81; -922240.132812; -272900.8759765625; 790.001953125; 781.522; 8.47965; 0; 0; -0; -0; 0; 869.879; 649.585; -79.8771; -88.3568
231302.468; 81; -922391.950195; -273690.54296875; 789.6669921875; 797.806; -8.13874; 0; 0; -0; -0; 0; 869.417; 649.24; -79.7503; -71.6115
231303.468; 81; -922536.673828; -274479.5107421875; 788.9677734375; 760.528; 28.4399; 0; 0; -0; -0; 0; 868.955; 648.895; -79.9876; -108.428
231304.468; 81; -922691.474609; -275268.197265625; 788.6865234375; 813.484; -24.7971; 0; 0; -0; -0; 0; 868.493; 648.55; -79.8069; -55.0098
231305.468; 81; -922844.242188; -276056.2001953125; 788.0029296875; 802.799; -14.7961; 0; 0; -0; -0; 0; 868.031; 648.205; -80.0286; -65.2324
231306.468; 81; -922991.068359; -276843.6220703125; 787.421875; 771.577; 15.8451; 0; 0; -0; -0; 0; 867.57; 647.86; -80.1477; -95.9928
231307.468; 81; -923143.155273; -277630.708984375; 787.0869140625; 799.222; -12.1352; 0; 0; -0; -0; 0; 867.108; 647.515; -80.0206; -67.8854
231308.468; 81; -923292.293945; -278417.37109375; 786.662109375; 783.729; 2.9331; 0; 0; -0; -0; 0; 866.645; 647.17; -79.9834; -82.9165
231309.468; 81; -923443.814453; -279203.55078125; 786.1796875; 796.246; -10.066; 0; 0; -0; -0; 0; 866.183; 646.825; -80.0037; -69.9377
231310.468; 81; -923592.751953; -279989.212890625; 785.662109375; 782.672; 2.99026; 0; 0; -0; -0; 0; 865.721; 646.48; -80.0591; -83.0494
231311.468; 81; -923740.782227; -280774.33984375; 785.126953125; 777.904; 7.22262; 0; 0; -0; -0; 0; 865.259; 646.135; -80.1322; -87.3548
231312.468; 81; -923892.834961; -281559.0341796875; 784.6943359375; 799.043; -14.3482; 0; 0; -0; -0; 0; 864.797; 645.79; -80.1026; -65.7545
231313.468; 81; -924037.767578; -282343.0888671875; 784.0546875; 761.626; 22.4286; 0; 0; -0; -0; 0; 864.335; 645.445; -80.2801; -102.709
231314.468; 81; -924188.563477; -283127.0830078125; 783.994140625; 792.438; -8.44365; 0; 0; -0; -0; 0; 863.872; 645.1; -79.8783; -71.4347
231315.468; 81; -924334.420898; -283910.5546875; 783.4716796875; 766.486; 16.9858; 0; 0; -0; -0; 0; 863.41; 644.754; -79.9386; -96.9243
231316.468; 81; -924487.660156; -284693.5576171875; 783.0029296875; 805.278; -22.2748; 0; 0; -0; -0; 0; 862.948; 644.409; -79.945; -57.6702
231317.468; 81; -924636.213867; -285476.1240234375; 782.56640625; 780.655; 1.91139; 0; 0; -0; -0; 0; 862.486; 644.064; -79.9192; -81.8306
231318.468; 81; -924784.583984; -286258.2021484375; 782.078125; 779.69; 2.3879; 0; 0; -0; -0; 0; 862.023; 643.719; -79.9451; -82.333
231319.468; 81; -924932.928711; -287039.833984375; 781.6318359375; 779.557; 2.07504; 0; 0; -0; -0; 0; 861.561; 643.373; -79.929; -82.004
231320.468; 81; -925081.307617; -287821.111328125; 781.27734375; 779.736; 1.54093; 0; 0; -0; -0; 0; 861.098; 643.028; -79.821; -81.3619
231321.468; 81; -925233.150391; -288601.8740234375; 780.7626953125; 797.939; -17.1765; 0; 0; -0; -0; 0; 860.636; 642.683; -79.8732; -62.6967
231322.468; 81; -925379.732422; -289382.392578125; 780.5185546875; 770.294; 10.2248; 0; 0; -0; -0; 0; 860.173; 642.337; -79.6549; -89.8796
231323.468; 81; -925525.589844; -290162.2705078125; 779.8779296875; 766.486; 13.392; 0; 0; -0; -0; 0; 859.711; 641.992; -79.8329; -93.2249
231324.468; 81; -925674.047852; -290941.1767578125; 778.90625; 780.152; -1.24585; 0; 0; -0; -0; 0; 859.248; 641.646; -80.342; -79.0961
231325.468; 81; -925824.896484; -291719.7392578125; 778.5625; 792.715; -14.1524; 0; 0; -0; -0; 0; 858.786; 641.301; -80.2231; -66.0707
231326.468; 81; -925971.643555; -292497.994140625; 778.2548828125; 771.161; 7.09382; 0; 0; -0; -0; 0; 858.323; 640.955; -80.0681; -87.1619
231327.468; 81; -926119.578125; -293275.8974609375; 777.9033203125; 777.401; 0.501906; 0; 0; -0; -0; 0; 857.86; 640.61; -79.957; -80.4589
231328.468; 81; -926261.317383; -294053.361328125; 777.4638671875; 744.845; 32.619; 0; 0; -0; -0; 0; 857.398; 640.264; -79.9338; -112.553
231329.468; 81; -926412.052734; -294830.3125; 776.951171875; 792.12; -15.1684; 0; 0; -0; -0; 0; 856.935; 639.919; -79.9837; -64.8153
231330.468; 81; -926559.18457; -295606.607421875; 776.294921875; 773.183; 3.11191; 0; 0; -0; -0; 0; 856.472; 639.573; -80.1772; -83.2891
231331.468; 81; -926708.016602; -296382.3251953125; 775.7177734375; 782.118; -6.39983; 0; 0; -0; -0; 0; 856.009; 639.228; -80.2916; -73.8917
231332.468; 81; -926854.564453; -297157.509765625; 775.1845703125; 770.114; 5.07041; 0; 0; -0; -0; 0; 855.547; 638.882; -80.3619; -85.4323
231333.468; 81; -927001.974609; -297932.1826171875; 774.6728515625; 774.646; 0.027252; 0; 0; -0; -0; 0; 855.084; 638.536; -80.4107; -80.438
231334.468; 81; -927146.645508; -298706.6728515625; 774.490234375; 760.251; 14.2395; 0; 0; -0; -0; 0; 854.621; 638.191; -80.1304; -94.37
231335.468; 81; -927298.523438; -299480.9521484375; 774.279296875; 798.124; -23.8446; 0; 0; -0; -0; 0; 854.158; 637.845; -79.8784; -56.0338
231336.468; 81; -927444.983398; -300254.7587890625; 773.806640625; 769.652; 4.15435; 0; 0; -0; -0; 0; 853.695; 637.499; -79.8881; -84.0425
231337.468; 81; -927591.547852; -301028.30859375; 773.5498046875; 770.201; 3.34841; 0; 0; -0; -0; 0; 853.232; 637.154; -79.6819; -83.0303
231338.468; 81; -927738.810547; -301800.82421875; 772.515625; 773.871; -1.35506; 0; 0; -0; -0; 0; 852.769; 636.808; -80.2531; -78.898
231339.468; 81; -927886.726562; -302573.0224609375; 772.1982421875; 777.304; -5.10567; 0; 0; -0; -0; 0; 852.306; 636.462; -80.1074; -75.0018
231340.468; 81; -928032.514648; -303344.6259765625; 771.603515625; 766.122; 5.48195; 0; 0; -0; -0; 0; 851.843; 636.116; -80.2391; -85.721
231341.468; 81; -928180.475586; -304115.85546875; 771.2294921875; 777.54; -6.31048; 0; 0; -0; -0; 0; 851.379; 635.77; -80.15; -73.8395
231342.468; 81; -928328.706055; -304886.521484375; 770.666015625; 778.956; -8.29036; 0; 0; -0; -0; 0; 850.916; 635.425; -80.2503; -71.9599
231343.468; 81; -928470.890625; -305656.9140625; 770.392578125; 747.185; 23.2076; 0; 0; -0; -0; 0; 850.453; 635.079; -80.0605; -103.268
231344.468; 81; -928619.287109; -306427.2841796875; 770.3701171875; 779.829; -9.45867; 0; 0; -0; -0; 0; 849.99; 634.733; -79.6198; -70.1611
231345.468; 81; -928766.714844; -307196.9150390625; 769.630859375; 774.738; -5.10711; 0; 0; -0; -0; 0; 849.527; 634.387; -79.8958; -74.7887
231346.468; 81; -928911.37793; -307965.60546875; 768.6904296875; 760.21; 8.48078; 0; 0; -0; -0; 0; 849.063; 634.041; -80.3729; -88.8537
231347.468; 81; -929056.328125; -308733.7978515625; 768.1923828125; 761.718; 6.47397; 0; 0; -0; -0; 0; 848.6; 633.695; -80.4076; -86.8815
231348.468; 81; -929203.075195; -309501.4482421875; 767.650390625; 771.161; -3.51067; 0; 0; -0; -0; 0; 848.137; 633.349; -80.4862; -76.9755
231349.468; 81; -929350.258789; -310268.748046875; 767.2998046875; 773.455; -6.1552; 0; 0; -0; -0; 0; 847.673; 633.003; -80.3734; -74.2182
231350.468; 81; -929496.928711; -311035.5908203125; 766.8427734375; 770.756; -3.91287; 0; 0; -0; -0; 0; 847.21; 632.657; -80.367; -76.4541
231351.468; 81; -929640.491211; -311801.93359375; 766.3427734375; 754.426; 11.9167; 0; 0; -0; -0; 0; 846.746; 632.311; -80.4036; -92.3203
231352.468; 81; -929789.175781; -312567.880859375; 765.947265625; 781.343; -15.3954; 0; 0; -0; -0; 0; 846.283; 631.964; -80.3355; -64.9401
231353.468; 81; -929934.605469; -313333.4873046875; 765.6064453125; 764.238; 1.36828; 0; 0; -0; -0; 0; 845.819; 631.618; -80.2129; -81.5811
231354.468; 81; -930075.838867; -314098.4609375; 764.9736328125; 742.187; 22.7871; 0; 0; -0; -0; 0; 845.356; 631.272; -80.3821; -103.169
231355.468; 81; -930221.147461; -314862.8818359375; 764.4208984375; 763.602; 0.819084; 0; 0; -0; -0; 0; 844.892; 630.926; -80.4713; -81.2903
231356.468; 81; -930370.390625; -315626.6796875; 763.7978515625; 784.278; -20.4803; 0; 0; -0; -0; 0; 844.429; 630.58; -80.6307; -60.1504
231357.468; 81; -930512.199219; -316389.9013671875; 763.2216796875; 745.209; 18.0125; 0; 0; -0; -0; 0; 843.965; 630.234; -80.7432; -98.7557
231358.468; 81; -930662.027344; -317152.716796875; 762.8154296875; 787.352; -24.5367; 0; 0; -0; -0; 0; 843.501; 629.887; -80.6857; -56.1491
231359.468; 81; -930807.570312; -317915.2177734375; 762.5009765625; 764.833; -2.33249; 0; 0; -0; -0; 0; 843.037; 629.541; -80.5365; -78.204
231360.468; 81; -930951.369141; -318677.3935546875; 762.17578125; 755.668; 6.50784; 0; 0; -0; -0; 0; 842.574; 629.195; -80.3979; -86.9058
231361.468; 81; -931094.661133; -319439.12109375; 761.7275390625; 753.005; 8.72304; 0; 0; -0; -0; 0; 842.11; 628.848; -80.3824; -89.1054
231362.468; 81; -931240.30957; -320200.2294921875; 761.1083984375; 765.388; -4.27931; 0; 0; -0; -0; 0; 841.646; 628.502; -80.5377; -76.2584
231363.468; 81; -931388.994141; -320960.9306640625; 760.701171875; 781.343; -20.6415; 0; 0; -0; -0; 0; 841.182; 628.156; -80.481; -59.8395
231364.468; 81; -931528.125; -321721.3837890625; 760.453125; 731.138; 29.3155; 0; 0; -0; -0; 0; 840.718; 627.809; -80.2652; -109.581
231365.468; 81; -931675.509766; -322481.572265625; 760.1884765625; 774.512; -14.3237; 0; 0; -0; -0; 0; 840.254; 627.463; -80.066; -65.7423
231366.468; 81; -931818.435547; -323240.6142578125; 759.0419921875; 751.08; 7.96194; 0; 0; -0; -0; 0; 839.791; 627.116; -80.7485; -88.7105
231367.468; 81; -931965.313477; -323999.291015625; 758.6767578125; 771.849; -13.172; 0; 0; -0; -0; 0; 839.327; 626.77; -80.6498; -67.4778
231368.468; 81; -932109.897461; -324757.720703125; 758.4296875; 759.794; -1.36428; 0; 0; -0; -0; 0; 838.862; 626.423; -80.4328; -79.0685
231369.468; 81; -932252.849609; -325515.978515625; 758.2578125; 751.219; 7.0392; 0; 0; -0; -0; 0; 838.398; 626.077; -80.1406; -87.1798
231370.468; 81; -932395.741211; -326273.2666015625; 757.2880859375; 750.9; 6.38765; 0; 0; -0; -0; 0; 837.934; 625.73; -80.6463; -87.034
231371.468; 81; -932543.413086; -327030.390625; 757.1240234375; 776.021; -18.8969; 0; 0; -0; -0; 0; 837.47; 625.384; -80.3462; -61.4493
231372.468; 81; -932683.922852; -327787.228515625; 756.837890625; 738.384; 18.4541; 0; 0; -0; -0; 0; 837.006; 625.037; -80.1682; -98.6223
231373.468; 81; -932829.283203; -328543.5771484375; 756.3486328125; 763.874; -7.52517; 0; 0; -0; -0; 0; 836.542; 624.69; -80.1933; -72.6682
231374.468; 81; -932972.270508; -329299.1064453125; 755.529296875; 751.403; 4.12594; 0; 0; -0; -0; 0; 836.078; 624.344; -80.5485; -84.6744
231375.468; 81; -933114.611328; -330054.0546875; 754.9482421875; 748.006; 6.94218; 0; 0; -0; -0; 0; 835.614; 623.997; -80.6653; -87.6074
231376.468; 81; -933256.481445; -330808.552734375; 754.498046875; 745.532; 8.96555; 0; 0; -0; -0; 0; 835.149; 623.65; -80.6512; -89.6168
231377.468; 81; -933407.181641; -331562.53125; 753.978515625; 791.935; -37.9564; 0; 0; -0; -0; 0; 834.685; 623.304; -80.7064; -42.75
231378.468; 81; -933548.336914; -332316.0517578125; 753.5205078125; 741.776; 11.7445; 0; 0; -0; -0; 0; 834.221; 622.957; -80.7001; -92.4446
231379.468; 81; -933693.923828; -333069.287109375; 753.2353515625; 765.064; -11.829; 0; 0; -0; -0; 0; 833.756; 622.61; -80.5209; -68.6918
231380.468; 81; -933833.447266; -333821.978515625; 752.69140625; 733.201; 19.4908; 0; 0; -0; -0; 0; 833.292; 622.263; -80.6005; -100.091
231381.468; 81; -933976.277344; -334574.09375; 752.115234375; 750.577; 1.53811; 0; 0; -0; -0; 0; 832.827; 621.917; -80.7122; -82.2503
231382.468; 81; -934120.014648; -335325.90234375; 751.80859375; 755.345; -3.53604; 0; 0; -0; -0; 0; 832.363; 621.57; -80.5543; -77.0183
231383.468; 81; -934265.714844; -336077.2958984375; 751.3935546875; 765.66; -14.2661; 0; 0; -0; -0; 0; 831.898; 621.223; -80.5049; -66.2388
231384.468; 81; -934405.639648; -336828.236328125; 750.9404296875; 735.31; 15.6306; 0; 0; -0; -0; 0; 831.434; 620.876; -80.4934; -96.1241
231385.468; 81; -934551.541016; -337578.6025390625; 750.3662109375; 766.717; -16.3506; 0; 0; -0; -0; 0; 830.969; 620.529; -80.6032; -64.2525
231386.468; 81; -934692.21582; -338328.509765625; 749.9072265625; 739.251; 10.6561; 0; 0; -0; -0; 0; 830.505; 620.182; -80.5976; -91.2537
231387.468; 81; -934832.969727; -339077.9619140625; 749.4521484375; 739.667; 9.78538; 0; 0; -0; -0; 0; 830.04; 619.835; -80.588; -90.3734
231388.468; 81; -934978.652344; -339826.8525390625; 748.890625; 765.567; -16.6767; 0; 0; -0; -0; 0; 829.575; 619.488; -80.6849; -64.0082
231389.468; 81; -935119.90332; -340575.5888671875; 748.736328125; 742.279; 6.45744; 0; 0; -0; -0; 0; 829.111; 619.141; -80.3744; -86.8319
231390.468; 81; -935260.019531; -341323.40625; 747.8173828125; 736.316; 11.5017; 0; 0; -0; -0; 0; 828.646; 618.794; -80.8287; -92.3304
231391.468; 81; -935402.875977; -342070.783203125; 747.376953125; 750.716; -3.33873; 0; 0; -0; -0; 0; 828.181; 618.447; -80.8044; -77.4656
231392.468; 81; -935547.642578; -342817.91796875; 747.134765625; 760.754; -13.6189; 0; 0; -0; -0; 0; 827.717; 618.1; -80.5817; -66.9629
231393.468; 81; -935690.874023; -343564.544921875; 746.626953125; 752.686; -6.05937; 0; 0; -0; -0; 0; 827.252; 617.753; -80.6248; -74.5654
231394.468; 81; -935830.336914; -344310.8779296875; 746.3330078125; 732.882; 13.4506; 0; 0; -0; -0; 0; 826.787; 617.406; -80.4538; -93.9044
231395.468; 81; -935971.901367; -345056.6708984375; 745.79296875; 743.926; 1.86675; 0; 0; -0; -0; 0; 826.322; 617.059; -80.529; -82.3957
231396.468; 81; -936112.759766; -345801.8720703125; 745.201171875; 740.216; 4.98529; 0; 0; -0; -0; 0; 825.857; 616.711; -80.6559; -85.6412
231397.468; 81; -936259.027344; -346546.857421875; 744.9853515625; 768.641; -23.656; 0; 0; -0; -0; 0; 825.392; 616.364; -80.4068; -56.7508
231398.468; 81; -936400.670898; -347291.2783203125; 744.4208984375; 744.342; 0.0789947; 0; 0; -0; -0; 0; 824.927; 616.017; -80.5063; -80.5853
231399.468; 81; -936539.713867; -348035.142578125; 743.8642578125; 730.676; 13.1885; 0; 0; -0; -0; 0; 824.462; 615.67; -80.5979; -93.7864
231400.468; 81; -936685.15332; -348778.34375; 743.201171875; 764.289; -21.0883; 0; 0; -0; -0; 0; 823.997; 615.323; -80.7959; -59.7076
231401.468; 81; -936822.555664; -349521.6298828125; 743.2861328125; 722.054; 21.2319; 0; 0; -0; -0; 0; 823.532; 614.975; -80.2459; -101.478
231402.468; 81; -936961.755859; -350264.1875; 742.5576171875; 731.502; 11.0557; 0; 0; -0; -0; 0; 823.067; 614.628; -80.5093; -91.5649
231403.468; 81; -937104.290039; -351006.171875; 741.984375; 749.022; -7.03779; 0; 0; -0; -0; 0; 822.602; 614.281; -80.6174; -73.5796
231404.468; 81; -937244.807617; -351747.8935546875; 741.7216796875; 738.425; 3.29682; 0; 0; -0; -0; 0; 822.137; 613.933; -80.415; -83.7118
231405.468; 81; -937386.84375; -352489.2529296875; 741.359375; 746.405; -5.04554; 0; 0; -0; -0; 0; 821.671; 613.586; -80.3121; -75.2665
231406.468; 81; -937526.802734; -353230.2490234375; 740.99609375; 735.489; 5.50667; 0; 0; -0; -0; 0; 821.206; 613.238; -80.2101; -85.7167
231407.468; 81; -937669.894531; -353970.7216796875; 740.47265625; 751.952; -11.4798; 0; 0; -0; -0; 0; 820.741; 612.891; -80.2683; -68.7885
231408.468; 81; -937810.936523; -354710.8408203125; 740.119140625; 741.181; -1.06153; 0; 0; -0; -0; 0; 820.276; 612.543; -80.1565; -79.095
231409.468; 81; -937947.824219; -355450.6162109375; 739.775390625; 719.35; 20.4257; 0; 0; -0; -0; 0; 819.81; 612.196; -80.0349; -100.461
231410.468; 81; -938091.745117; -356189.8447265625; 739.228515625; 756.309; -17.0809; 0; 0; -0; -0; 0; 819.345; 611.849; -80.1164; -63.0355
231411.468; 81; -938228.720703; -356928.3212890625; 738.4765625; 719.812; 18.665; 0; 0; -0; -0; 0; 818.88; 611.501; -80.403; -99.068
231412.468; 81; -938369.282227; -357666.5185546875; 738.197265625; 738.656; -0.458526; 0; 0; -0; -0; 0; 818.414; 611.153; -80.2169; -79.7583
231413.468; 81; -938512.460938; -358404.1904296875; 737.671875; 752.409; -14.7373; 0; 0; -0; -0; 0; 817.949; 610.806; -80.2768; -65.5395
231414.468; 81; -938656.477539; -359141.6103515625; 737.419921875; 756.812; -19.3924; 0; 0; -0; -0; 0; 817.483; 610.458; -80.0633; -60.6709
231415.468; 81; -938794.630859; -359878.5537109375; 736.943359375; 726.001; 10.9428; 0; 0; -0; -0; 0; 817.018; 610.111; -80.0743; -91.017
231416.468; 81; -938932.976562; -360615.017578125; 736.4638671875; 727.012; 9.45229; 0; 0; -0; -0; 0; 816.552; 609.763; -80.0883; -89.5406
231417.468; 81; -939071.967773; -361351.0703125; 736.052734375; 730.404; 5.64899; 0; 0; -0; -0; 0; 816.087; 609.415; -80.0338; -85.6828
231418.468; 81; -939210.792969; -362086.4423828125; 735.3720703125; 729.531; 5.84075; 0; 0; -0; -0; 0; 815.621; 609.068; -80.2489; -86.0896
231419.468; 81; -939349.993164; -362821.333984375; 734.8916015625; 731.502; 3.38964; 0; 0; -0; -0; 0; 815.155; 608.72; -80.2636; -83.6533
231420.468; 81; -939488.756836; -363555.8125; 734.478515625; 729.208; 5.2705; 0; 0; -0; -0; 0; 814.69; 608.372; -80.2111; -85.4816
231421.468; 81; -939628.978516; -364289.9248046875; 734.1123046875; 736.87; -2.7576; 0; 0; -0; -0; 0; 814.224; 608.024; -80.1116; -77.354
231422.468; 81; -939770.542969; -365023.5634765625; 733.638671875; 743.926; -10.2876; 0; 0; -0; -0; 0; 813.758; 607.677; -80.1195; -69.8319
231423.468; 81; -939912.623047; -365756.3974609375; 732.833984375; 746.636; -13.8019; 0; 0; -0; -0; 0; 813.292; 607.329; -80.4584; -66.6566
231424.468; 81; -940048.088867; -366488.3037109375; 731.90625; 711.878; 20.0286; 0; 0; -0; -0; 0; 812.827; 606.981; -80.9203; -100.949
231425.468; 81; -940186.591797; -367220.2265625; 731.9228515625; 727.838; 4.08504; 0; 0; -0; -0; 0; 812.361; 606.633; -80.4379; -84.5229
231426.468; 81; -940329.62207; -367951.7724609375; 731.5458984375; 751.629; -20.0833; 0; 0; -0; -0; 0; 811.895; 606.285; -80.3489; -60.2657
231427.468; 81; -940465.34082; -368682.716796875; 730.9443359375; 713.207; 17.7375; 0; 0; -0; -0; 0; 811.429; 605.937; -80.4847; -98.2222
231428.468; 81; -940605.623047; -369413.1708984375; 730.4541015625; 737.188; -6.73397; 0; 0; -0; -0; 0; 810.963; 605.589; -80.5089; -73.775
231429.468; 81; -940745.931641; -370142.8759765625; 729.705078125; 737.327; -7.62156; 0; 0; -0; -0; 0; 810.497; 605.241; -80.792; -73.1705
231430.468; 81; -940883.387695; -370872.3974609375; 729.521484375; 722.336; 7.18504; 0; 0; -0; -0; 0; 810.031; 604.893; -80.5096; -87.6947
231431.468; 81; -941021.217773; -371601.6123046875; 729.21484375; 724.302; 4.91289; 0; 0; -0; -0; 0; 809.565; 604.545; -80.3503; -85.2632
231432.468; 81; -941162.023438; -372330.3701171875; 728.7578125; 739.939; -11.1809; 0; 0; -0; -0; 0; 809.099; 604.197; -80.3413; -69.1604
231433.468; 81; -941298.920898; -373058.5947265625; 728.224609375; 719.401; 8.8236; 0; 0; -0; -0; 0; 808.633; 603.849; -80.4084; -89.232
231434.468; 81; -941437.885742; -373786.3173828125; 727.72265625; 730.265; -2.54253; 0; 0; -0; -0; 0; 808.167; 603.501; -80.4442; -77.9017
231435.468; 81; -941573.779297; -374513.533203125; 727.2158203125; 714.125; 13.0904; 0; 0; -0; -0; 0; 807.701; 603.153; -80.4849; -93.5753
231436.468; 81; -941711.548828; -375240.330078125; 726.796875; 723.984; 2.8131; 0; 0; -0; -0; 0; 807.234; 602.805; -80.4376; -83.2507
231437.468; 81; -941852.328125; -375966.755859375; 726.42578125; 739.8; -13.3744; 0; 0; -0; -0; 0; 806.768; 602.457; -80.3426; -66.9681
231438.468; 81; -941989.774414; -376692.8447265625; 726.0888671875; 722.285; 3.80374; 0; 0; -0; -0; 0; 806.302; 602.109; -80.2132; -84.017
231439.468; 81; -942128.634766; -377418.591796875; 725.7470703125; 729.716; -3.969; 0; 0; -0; -0; 0; 805.836; 601.76; -80.0887; -76.1197
231440.468; 81; -942266.639648; -378143.8193359375; 725.2275390625; 725.221; 0.00698505; 0; 0; -0; -0; 0; 805.369; 601.412; -80.142; -80.1489
231441.468; 81; -942405.866211; -378868.05859375; 724.2392578125; 731.641; -7.40127; 0; 0; -0; -0; 0; 804.903; 601.064; -80.6639; -73.2627
231442.468; 81; -942544.116211; -379592.1171875; 724.05859375; 726.509; -2.45006; 0; 0; -0; -0; 0; 804.437; 600.716; -80.3782; -77.9281
231443.468; 81; -942677.670898; -380315.9443359375; 723.8271484375; 701.835; 21.9925; 0; 0; -0; -0; 0; 803.97; 600.367; -80.1432; -102.136
231444.468; 81; -942817.508789; -381039.4169921875; 723.47265625; 734.853; -11.3804; 0; 0; -0; -0; 0; 803.504; 600.019; -80.0313; -68.6509
231445.468; 81; -942953.620117; -381762.1552734375; 722.73828125; 715.27; 7.46842; 0; 0; -0; -0; 0; 803.038; 599.671; -80.2992; -87.7677
231446.468; 81; -943093.536133; -382483.978515625; 721.8232421875; 735.264; -13.4404; 0; 0; -0; -0; 0; 802.571; 599.323; -80.7479; -67.3075
231447.468; 81; -943229.481445; -383205.4814453125; 721.5029296875; 714.397; 7.10549; 0; 0; -0; -0; 0; 802.105; 598.974; -80.6016; -87.7071
231448.468; 81; -943365.645508; -383926.703125; 721.2216796875; 715.547; 5.6747; 0; 0; -0; -0; 0; 801.638; 598.626; -80.4163; -86.091
231449.468; 81; -943504.87207; -384647.6708984375; 720.9677734375; 731.641; -10.6728; 0; 0; -0; -0; 0; 801.171; 598.277; -80.2036; -69.5308
231450.468; 81; -943643.523438; -385368.5068359375; 720.8359375; 728.618; -7.78191; 0; 0; -0; -0; 0; 800.705; 597.929; -79.8688; -72.0869
231451.468; 81; -943776.869141; -386088.3232421875; 719.81640625; 700.736; 19.08; 0; 0; -0; -0; 0; 800.238; 597.58; -80.4217; -99.5017
231452.468; 81; -943914.044922; -386807.69921875; 719.3759765625; 720.864; -1.48762; 0; 0; -0; -0; 0; 799.771; 597.232; -80.3955; -78.9079
231453.468; 81; -944050.488281; -387526.4619140625; 718.7626953125; 717.015; 1.748; 0; 0; -0; -0; 0; 799.305; 596.883; -80.542; -82.29
231454.468; 81; -944188.091797; -388244.5390625; 718.0771484375; 723.111; -5.03421; 0; 0; -0; -0; 0; 798.838; 596.535; -80.7609; -75.7267
231455.468; 81; -944324.954102; -388962.23828125; 717.69921875; 719.216; -1.51705; 0; 0; -0; -0; 0; 798.371; 596.186; -80.672; -79.155
231456.468; 81; -944463.595703; -389679.6806640625; 717.4423828125; 728.567; -11.1242; 0; 0; -0; -0; 0; 797.904; 595.838; -80.462; -69.3378
231457.468; 81; -944598.224609; -390396.8212890625; 717.140625; 707.48; 9.66095; 0; 0; -0; -0; 0; 797.438; 595.489; -80.297; -89.9579
231458.468; 81; -944733.93457; -391113.34375; 716.5224609375; 713.161; 3.3618; 0; 0; -0; -0; 0; 796.971; 595.14; -80.4483; -83.8101
