tow; prn21; p-rng1; phase1; dopp1(carr); dopp1(range); bias1(Hz); p-rng2; phase2; dopp2(carr); dopp2(range); bias2(Hz); dopp1(eph); dopp2(eph); ebias1(ph); ebias1(rg); resp; resc 
519721.654; 23; 131932.307617; -5299.71484375; 5299.71484375; -693309; 698609; 0; 0; -0; -0; 0; 3148.55; 2351.19; 2151.16; -696458; 0; 0
519722.654; 23; 132191.554688; -7235.087890625; 1935.373046875; -1362.35; 3297.73; 0; 0; -0; -0; 0; 3148.58; 2351.21; -1213.21; -4510.94; 0; 0
519723.654; 23; 132323.78418; -9182.392578125; 1947.3046875; -694.871; 2642.18; 0; 0; -0; -0; 0; 3148.62; 2351.24; -1201.31; -3843.49; 0; 0
519805.654; 23; -3988.95996094; 37786.353515625; -46968.74609375; 716328; -763297; 0; 0; -0; -0; 0; 3150.97; 2352.99; -50119.7; 713177; 0; 0
519806.654; 23; -3802.83105469; 29889.5419921875; 7896.8115234375; -978.114; 8874.93; 0; 0; -0; -0; 0; 3150.99; 2353.01; 4745.82; -4129.11; 0; 0
519807.654; 23; -3574.60742188; 21993.7197265625; 7895.822265625; -1199.32; 9095.15; 0; 0; -0; -0; 0; 3151.02; 2353.03; 4744.81; -4350.34; 0; 0
519808.654; 23; -3374.11328125; 14097.6552734375; 7896.064453125; -1053.6; 8949.67; 0; 0; -0; -0; 0; 3151.04; 2353.05; 4745.02; -4204.65; 0; 0
519809.654; 23; -3146.82128906; 6202.2158203125; 7895.439453125; -1194.43; 9089.87; 0; 0; -0; -0; 0; 3151.07; 2353.07; 4744.37; -4345.49; 0; 0
519810.654; 23; -2943.37890625; -1692.740234375; 7894.9560546875; -1069.1; 8964.05; 0; 0; -0; -0; 0; 3151.09; 2353.09; 4743.87; -4220.19; 0; 0
519811.654; 23; -2731.1953125; -9587.4140625; 7894.673828125; -1115.03; 9009.71; 0; 0; -0; -0; 0; 3151.12; 2353.11; 4743.56; -4266.15; 0; 0
519812.654; 23; -2523.875; -17481.7294921875; 7894.3154296875; -1089.48; 8983.79; 0; 0; -0; -0; 0; 3151.14; 2353.12; 4743.18; -4240.62; 0; 0
519813.654; 23; -2307.43164062; -25376.0224609375; 7894.29296875; -1137.42; 9031.71; 0; 0; -0; -0; 0; 3151.16; 2353.14; 4743.13; -4288.58; 0; 0
519814.654; 23; -2089.07324219; -33269.462890625; 7893.4404296875; -1147.48; 9040.92; 0; 0; -0; -0; 0; 3151.19; 2353.16; 4742.25; -4298.67; 0; 0
519815.654; 23; -1882.49023438; -41163.4951171875; 7894.0322265625; -1085.6; 8979.63; 0; 0; -0; -0; 0; 3151.21; 2353.18; 4742.82; -4236.81; 0; 0
519816.654; 23; -1678.63183594; -49056.6748046875; 7893.1796875; -1071.28; 8964.46; 0; 0; -0; -0; 0; 3151.24; 2353.2; 4741.94; -4222.52; 0; 0
519817.654; 23; -1471.0546875; -56948.83203125; 7892.1572265625; -1090.83; 8982.98; 0; 0; -0; -0; 0; 3151.26; 2353.21; 4740.9; -4242.09; 0; 0
519818.654; 23; -1265.50292969; -64840.5947265625; 7891.7626953125; -1080.18; 8971.94; 0; 0; -0; -0; 0; 3151.29; 2353.23; 4740.48; -4231.47; 0; 0
519819.654; 23; -1040.92480469; -72731.12109375; 7890.5263671875; -1180.17; 9070.69; 0; 0; -0; -0; 0; 3151.31; 2353.25; 4739.22; -4331.48; 0; 0
519820.654; 23; -836.05859375; -80622.1318359375; 7891.0107421875; -1076.58; 8967.59; 0; 0; -0; -0; 0; 3151.33; 2353.27; 4739.68; -4227.91; 0; 0
519821.654; 23; -618.927734375; -88513.2890625; 7891.1572265625; -1141.03; 9032.19; 0; 0; -0; -0; 0; 3151.36; 2353.29; 4739.8; -4292.39; 0; 0
519822.654; 23; -408.091796875; -96403.3828125; 7890.09375; -1107.95; 8998.04; 0; 0; -0; -0; 0; 3151.38; 2353.3; 4738.71; -4259.33; 0; 0
519823.654; 23; -208.635742188; -104293.8310546875; 7890.4482421875; -1048.15; 8938.6; 0; 0; -0; -0; 0; 3151.4; 2353.32; 4739.04; -4199.55; 0; 0
519824.654; 23; 12.7294921875; -112182.6904296875; 7888.859375; -1163.28; 9052.14; 0; 0; -0; -0; 0; 3151.43; 2353.34; 4737.43; -4314.71; 0; 0
519825.654; 23; 222.1171875; -120071.9033203125; 7889.212890625; -1100.34; 8989.55; 0; 0; -0; -0; 0; 3151.45; 2353.36; 4737.76; -4251.79; 0; 0
519826.654; 23; 431.94140625; -127961.2822265625; 7889.37890625; -1102.63; 8992.01; 0; 0; -0; -0; 0; 3151.47; 2353.37; 4737.9; -4254.11; 0; 0
519827.654; 23; 646.854492188; -135850.28515625; 7889.0029296875; -1129.38; 9018.38; 0; 0; -0; -0; 0; 3151.5; 2353.39; 4737.51; -4280.87; 0; 0
519828.654; 23; 859.169921875; -143738.732421875; 7888.447265625; -1115.73; 9004.17; 0; 0; -0; -0; 0; 3151.52; 2353.41; 4736.93; -4267.25; 0; 0
519829.654; 23; 1070.98046875; -151626.7607421875; 7888.0283203125; -1113.07; 9001.1; 0; 0; -0; -0; 0; 3151.54; 2353.43; 4736.48; -4264.62; 0; 0
519830.654; 23; 1286.22753906; -159514.4345703125; 7887.673828125; -1131.13; 9018.8; 0; 0; -0; -0; 0; 3151.57; 2353.44; 4736.11; -4282.7; 0; 0
519831.654; 23; 1493.51953125; -167401.603515625; 7887.1689453125; -1089.33; 8976.5; 0; 0; -0; -0; 0; 3151.59; 2353.46; 4735.58; -4240.92; 0; 0
519832.654; 23; 1707.64941406; -175287.740234375; 7886.13671875; -1125.26; 9011.4; 0; 0; -0; -0; 0; 3151.61; 2353.48; 4734.52; -4276.87; 0; 0
519833.654; 23; 1917.53125; -183173.896484375; 7886.15625; -1102.94; 8989.09; 0; 0; -0; -0; 0; 3151.64; 2353.49; 4734.52; -4254.57; 0; 0
519834.654; 23; 2126.98730469; -191059.583984375; 7885.6875; -1100.7; 8986.39; 0; 0; -0; -0; 0; 3151.66; 2353.51; 4734.03; -4252.36; 0; 0
519835.654; 23; 2348.56640625; -198943.8798828125; 7884.2958984375; -1164.41; 9048.7; 0; 0; -0; -0; 0; 3151.68; 2353.53; 4732.62; -4316.09; 0; 0
519836.654; 23; 2554.49511719; -206828.4970703125; 7884.6171875; -1082.16; 8966.78; 0; 0; -0; -0; 0; 3151.7; 2353.54; 4732.91; -4233.87; 0; 0
519837.654; 23; 2760.12011719; -214713.0302734375; 7884.533203125; -1080.57; 8965.1; 0; 0; -0; -0; 0; 3151.72; 2353.56; 4732.81; -4232.29; 0; 0
519838.654; 23; 2980.19433594; -222597.3408203125; 7884.310546875; -1156.5; 9040.81; 0; 0; -0; -0; 0; 3151.75; 2353.58; 4732.56; -4308.25; 0; 0
519839.654; 23; 3192.43359375; -230481.037109375; 7883.6962890625; -1115.32; 8999.02; 0; 0; -0; -0; 0; 3151.77; 2353.59; 4731.93; -4267.09; 0; 0
519840.654; 23; 3400.97167969; -238364.412109375; 7883.375; -1095.88; 8979.25; 0; 0; -0; -0; 0; 3151.79; 2353.61; 4731.58; -4247.67; 0; 0
519841.654; 23; 3608.70605469; -246247.5478515625; 7883.1357421875; -1091.65; 8974.79; 0; 0; -0; -0; 0; 3151.81; 2353.63; 4731.32; -4243.46; 0; 0
519842.654; 23; 3831.890625; -254130.3388671875; 7882.791015625; -1172.84; 9055.63; 0; 0; -0; -0; 0; 3151.84; 2353.64; 4730.96; -4324.68; 0; 0
519843.654; 23; 4041.44824219; -262012.9482421875; 7882.609375; -1101.23; 8983.84; 0; 0; -0; -0; 0; 3151.86; 2353.66; 4730.75; -4253.09; 0; 0
519844.654; 23; 4247.04296875; -269894.5751953125; 7881.626953125; -1080.41; 8962.03; 0; 0; -0; -0; 0; 3151.88; 2353.68; 4729.75; -4232.29; 0; 0
519845.654; 23; 4457.39746094; -277774.5859375; 7880.0107421875; -1105.42; 8985.43; 0; 0; -0; -0; 0; 3151.9; 2353.69; 4728.11; -4257.32; 0; 0
519846.654; 23; 4681.125; -285653.54296875; 7878.95703125; -1175.7; 9054.65; 0; 0; -0; -0; 0; 3151.92; 2353.71; 4727.03; -4327.62; 0; 0
519847.654; 23; 4890.06152344; -293532.396484375; 7878.853515625; -1097.97; 8976.82; 0; 0; -0; -0; 0; 3151.94; 2353.72; 4726.91; -4249.91; 0; 0
519848.654; 23; 5114.42089844; -301411.59765625; 7879.201171875; -1179.02; 9058.22; 0; 0; -0; -0; 0; 3151.97; 2353.74; 4727.24; -4330.98; 0; 0
519849.654; 23; 5320.50585938; -309289.490234375; 7877.892578125; -1082.98; 8960.88; 0; 0; -0; -0; 0; 3151.99; 2353.76; 4725.91; -4234.97; 0; 0
519850.654; 23; 5527.63378906; -317166.998046875; 7877.5078125; -1088.46; 8965.97; 0; 0; -0; -0; 0; 3152.01; 2353.77; 4725.5; -4240.47; 0; 0
519851.654; 23; 5743.88867188; -325043.474609375; 7876.4765625; -1136.43; 9012.9; 0; 0; -0; -0; 0; 3152.03; 2353.79; 4724.45; -4288.46; 0; 0
519852.654; 23; 5955.98339844; -332920.2939453125; 7876.8193359375; -1114.57; 8991.38; 0; 0; -0; -0; 0; 3152.05; 2353.8; 4724.77; -4266.62; 0; 0
519853.654; 23; 6167.51171875; -340796.8544921875; 7876.560546875; -1111.59; 8988.15; 0; 0; -0; -0; 0; 3152.07; 2353.82; 4724.49; -4263.66; 0; 0
519854.654; 23; 6393.52050781; -348672.8447265625; 7875.990234375; -1187.68; 9063.67; 0; 0; -0; -0; 0; 3152.09; 2353.83; 4723.9; -4339.78; 0; 0
519855.654; 23; 6593.58007812; -356548.02734375; 7875.1826171875; -1051.32; 8926.5; 0; 0; -0; -0; 0; 3152.11; 2353.85; 4723.07; -4203.43; 0; 0
519856.654; 23; 6811.80859375; -364422.6611328125; 7874.6337890625; -1146.8; 9021.43; 0; 0; -0; -0; 0; 3152.13; 2353.87; 4722.5; -4298.93; 0; 0
519857.654; 23; 7023.74707031; -372296.8291015625; 7874.16796875; -1113.74; 8987.91; 0; 0; -0; -0; 0; 3152.15; 2353.88; 4722.01; -4265.9; 0; 0
519858.654; 23; 7234.80175781; -380170.025390625; 7873.1962890625; -1109.1; 8982.3; 0; 0; -0; -0; 0; 3152.17; 2353.9; 4721.02; -4261.27; 0; 0
519859.654; 23; 7457.24316406; -388043.119140625; 7873.09375; -1168.94; 9042.03; 0; 0; -0; -0; 0; 3152.19; 2353.91; 4720.9; -4321.13; 0; 0
519860.654; 23; 7675.22265625; -395915.837890625; 7872.71875; -1145.49; 9018.21; 0; 0; -0; -0; 0; 3152.21; 2353.93; 4720.5; -4297.7; 0; 0
519861.654; 23; 7886.59179688; -403788.31640625; 7872.478515625; -1110.75; 8983.23; 0; 0; -0; -0; 0; 3152.24; 2353.94; 4720.24; -4262.99; 0; 0
519862.654; 23; 8098.62207031; -411660.845703125; 7872.529296875; -1114.23; 8986.76; 0; 0; -0; -0; 0; 3152.26; 2353.96; 4720.27; -4266.48; 0; 0
519863.654; 23; 8313.58496094; -419532.5; 7871.654296875; -1129.64; 9001.29; 0; 0; -0; -0; 0; 3152.28; 2353.97; 4719.38; -4281.91; 0; 0
519864.654; 23; 8532.50390625; -427404.478515625; 7871.978515625; -1150.43; 9022.41; 0; 0; -0; -0; 0; 3152.3; 2353.99; 4719.68; -4302.72; 0; 0
519865.654; 23; 8738.9765625; -435275.9169921875; 7871.4384765625; -1085.02; 8956.46; 0; 0; -0; -0; 0; 3152.32; 2354; 4719.12; -4237.34; 0; 0
519866.654; 23; 8960.19140625; -443146.833984375; 7870.9169921875; -1162.49; 9033.41; 0; 0; -0; -0; 0; 3152.34; 2354.02; 4718.58; -4314.83; 0; 0
519867.654; 23; 9175.12011719; -451017.1416015625; 7870.3076171875; -1129.46; 8999.77; 0; 0; -0; -0; 0; 3152.35; 2354.03; 4717.95; -4281.81; 0; 0
519868.654; 23; 9384.41601562; -458887.71875; 7870.5771484375; -1099.86; 8970.43; 0; 0; -0; -0; 0; 3152.37; 2354.05; 4718.2; -4252.23; 0; 0
519869.654; 23; 9611.06347656; -466757.8212890625; 7870.1025390625; -1191.04; 9061.14; 0; 0; -0; -0; 0; 3152.39; 2354.06; 4717.71; -4343.43; 0; 0
519870.654; 23; 9814.828125; -474626.955078125; 7869.1337890625; -1070.79; 8939.92; 0; 0; -0; -0; 0; 3152.41; 2354.08; 4716.72; -4223.2; 0; 0
519871.654; 23; 10037.6572266; -482495.47265625; 7868.517578125; -1170.97; 9039.49; 0; 0; -0; -0; 0; 3152.43; 2354.09; 4716.08; -4323.41; 0; 0
519872.654; 23; 10251.5742188; -490363.962890625; 7868.490234375; -1124.14; 8992.63; 0; 0; -0; -0; 0; 3152.45; 2354.1; 4716.04; -4276.59; 0; 0
519873.654; 23; 10470.5693359; -498232.8037109375; 7868.8408203125; -1150.83; 9019.67; 0; 0; -0; -0; 0; 3152.47; 2354.12; 4716.37; -4303.3; 0; 0
519874.654; 23; 10680.7304688; -506101.19140625; 7868.3876953125; -1104.4; 8972.79; 0; 0; -0; -0; 0; 3152.49; 2354.13; 4715.9; -4256.89; 0; 0
519875.654; 23; 10893.3037109; -513968.5419921875; 7867.3505859375; -1117.08; 8984.43; 0; 0; -0; -0; 0; 3152.51; 2354.15; 4714.84; -4269.59; 0; 0
519876.654; 23; 11106.7929688; -521836.048828125; 7867.5068359375; -1121.89; 8989.4; 0; 0; -0; -0; 0; 3152.53; 2354.16; 4714.98; -4274.42; 0; 0
519877.654; 23; 11328.8525391; -529703.3037109375; 7867.2548828125; -1166.93; 9034.19; 0; 0; -0; -0; 0; 3152.55; 2354.18; 4714.71; -4319.48; 0; 0
519878.654; 23; 11543.6269531; -537569.9892578125; 7866.685546875; -1128.65; 8995.33; 0; 0; -0; -0; 0; 3152.57; 2354.19; 4714.12; -4281.21; 0; 0
519879.654; 23; 11756.9179688; -545436.5126953125; 7866.5234375; -1120.85; 8987.38; 0; 0; -0; -0; 0; 3152.58; 2354.2; 4713.94; -4273.44; 0; 0
519880.654; 23; 11964.4541016; -553302.2744140625; 7865.76171875; -1090.61; 8956.37; 0; 0; -0; -0; 0; 3152.6; 2354.22; 4713.16; -4243.21; 0; 0
519881.654; 23; 12185.6005859; -561167.9658203125; 7865.69140625; -1162.13; 9027.82; 0; 0; -0; -0; 0; 3152.62; 2354.23; 4713.07; -4314.75; 0; 0
519882.654; 23; 12398.3535156; -569034.0634765625; 7866.09765625; -1118.02; 8984.12; 0; 0; -0; -0; 0; 3152.64; 2354.24; 4713.46; -4270.66; 0; 0
519883.654; 23; 12622.1513672; -576900.0244140625; 7865.9609375; -1176.07; 9042.03; 0; 0; -0; -0; 0; 3152.66; 2354.26; 4713.3; -4328.72; 0; 0
519884.654; 23; 12831.8466797; -584765.3798828125; 7865.35546875; -1101.96; 8967.31; 0; 0; -0; -0; 0; 3152.68; 2354.27; 4712.68; -4254.63; 0; 0
519885.654; 23; 13050.0322266; -592629.74609375; 7864.3662109375; -1146.57; 9010.94; 0; 0; -0; -0; 0; 3152.7; 2354.29; 4711.67; -4299.27; 0; 0
519886.654; 23; 13272.6640625; -600494.0302734375; 7864.2841796875; -1169.94; 9034.22; 0; 0; -0; -0; 0; 3152.71; 2354.3; 4711.57; -4322.65; 0; 0
519887.654; 23; 13483.1464844; -608357.935546875; 7863.9052734375; -1106.09; 8970; 0; 0; -0; -0; 0; 3152.73; 2354.31; 4711.17; -4258.82; 0; 0
519888.654; 23; 13700.8046875; -616220.564453125; 7862.62890625; -1143.8; 9006.43; 0; 0; -0; -0; 0; 3152.75; 2354.33; 4709.88; -4296.55; 0; 0
519889.654; 23; 13915.703125; -624083.1845703125; 7862.6201171875; -1129.3; 8991.92; 0; 0; -0; -0; 0; 3152.77; 2354.34; 4709.85; -4282.07; 0; 0
519890.654; 23; 14132.0361328; -631945.2978515625; 7862.11328125; -1136.84; 8998.95; 0; 0; -0; -0; 0; 3152.78; 2354.35; 4709.33; -4289.62; 0; 0
519891.654; 23; 14346.9160156; -639806.546875; 7861.2490234375; -1129.2; 8990.45; 0; 0; -0; -0; 0; 3152.8; 2354.37; 4708.45; -4282; 0; 0
519892.654; 23; 14567.6591797; -647666.1962890625; 7859.6494140625; -1160.01; 9019.66; 0; 0; -0; -0; 0; 3152.82; 2354.38; 4706.83; -4312.83; 0; 0
519893.654; 23; 14787.78125; -655525.615234375; 7859.4189453125; -1156.75; 9016.17; 0; 0; -0; -0; 0; 3152.84; 2354.39; 4706.58; -4309.59; 0; 0
519894.654; 23; 15007.1699219; -663384.94140625; 7859.326171875; -1152.9; 9012.22; 0; 0; -0; -0; 0; 3152.85; 2354.4; 4706.47; -4305.75; 0; 0
519895.654; 23; 15214.2265625; -671244.2099609375; 7859.2685546875; -1088.09; 8947.36; 0; 0; -0; -0; 0; 3152.87; 2354.42; 4706.4; -4240.96; 0; 0
519896.654; 23; 15437.5927734; -679102.66015625; 7858.4501953125; -1173.8; 9032.25; 0; 0; -0; -0; 0; 3152.89; 2354.43; 4705.56; -4326.69; 0; 0
519897.654; 23; 15647.6542969; -686960.3994140625; 7857.7392578125; -1103.88; 8961.62; 0; 0; -0; -0; 0; 3152.91; 2354.44; 4704.83; -4256.79; 0; 0
519898.654; 23; 15873.1162109; -694817.0390625; 7856.6396484375; -1184.81; 9041.45; 0; 0; -0; -0; 0; 3152.92; 2354.46; 4703.72; -4337.73; 0; 0
519899.654; 23; 16085.9785156; -702673.5712890625; 7856.5322265625; -1118.6; 8975.13; 0; 0; -0; -0; 0; 3152.94; 2354.47; 4703.59; -4271.54; 0; 0
519900.654; 23; 16306.6972656; -710529.9384765625; 7856.3671875; -1159.88; 9016.25; 0; 0; -0; -0; 0; 3152.96; 2354.48; 4703.41; -4312.84; 0; 0
519901.654; 23; 16518.7470703; -718386.55859375; 7856.6201171875; -1114.33; 8970.95; 0; 0; -0; -0; 0; 3152.97; 2354.49; 4703.65; -4267.3; 0; 0
519902.654; 23; 16738.5673828; -726242.48046875; 7855.921875; -1155.16; 9011.09; 0; 0; -0; -0; 0; 3152.99; 2354.51; 4702.93; -4308.15; 0; 0
519903.654; 23; 16948.1601562; -734098.2783203125; 7855.7978515625; -1101.42; 8957.22; 0; 0; -0; -0; 0; 3153.01; 2354.52; 4702.79; -4254.42; 0; 0
519904.654; 23; 17177.6738281; -741953.4833984375; 7855.205078125; -1206.1; 9061.31; 0; 0; -0; -0; 0; 3153.02; 2354.53; 4702.18; -4359.13; 0; 0
519905.654; 23; 17399.8203125; -749808.525390625; 7855.0419921875; -1167.39; 9022.43; 0; 0; -0; -0; 0; 3153.04; 2354.54; 4702; -4320.43; 0; 0
519906.654; 23; 17608.7119141; -757662.876953125; 7854.3515625; -1097.73; 8952.08; 0; 0; -0; -0; 0; 3153.06; 2354.55; 4701.3; -4250.79; 0; 0
519907.654; 23; 17823.6474609; -765516.9951171875; 7854.1181640625; -1129.49; 8983.61; 0; 0; -0; -0; 0; 3153.07; 2354.57; 4701.05; -4282.57; 0; 0
519908.654; 23; 18051.0537109; -773370.6201171875; 7853.625; -1195.03; 9048.65; 0; 0; -0; -0; 0; 3153.09; 2354.58; 4700.54; -4348.12; 0; 0
519909.654; 23; 18261.296875; -781223.7607421875; 7853.140625; -1104.84; 8957.98; 0; 0; -0; -0; 0; 3153.1; 2354.59; 4700.04; -4257.94; 0; 0
519910.654; 23; 18478.5722656; -789076.6796875; 7852.9189453125; -1141.79; 8994.71; 0; 0; -0; -0; 0; 3153.12; 2354.6; 4699.8; -4294.91; 0; 0
519911.654; 23; 18704.9433594; -796928.74609375; 7852.06640625; -1189.59; 9041.65; 0; 0; -0; -0; 0; 3153.14; 2354.61; 4698.93; -4342.72; 0; 0
519912.654; 23; 18920.7519531; -804780.0927734375; 7851.3466796875; -1134.08; 8985.43; 0; 0; -0; -0; 0; 3153.15; 2354.63; 4698.19; -4287.23; 0; 0
519913.654; 23; 19138.9697266; -812631.1142578125; 7851.021484375; -1146.74; 8997.76; 0; 0; -0; -0; 0; 3153.17; 2354.64; 4697.85; -4299.91; 0; 0
519914.654; 23; 19363.2275391; -820481.76953125; 7850.6552734375; -1178.48; 9029.14; 0; 0; -0; -0; 0; 3153.18; 2354.65; 4697.47; -4331.67; 0; 0
519915.654; 23; 19579.0859375; -828331.29296875; 7849.5234375; -1134.34; 8983.87; 0; 0; -0; -0; 0; 3153.2; 2354.66; 4696.32; -4287.54; 0; 0
519916.654; 23; 19801.8789062; -836179.955078125; 7848.662109375; -1170.78; 9019.45; 0; 0; -0; -0; 0; 3153.21; 2354.67; 4695.45; -4324; 0; 0
519917.654; 23; 20009.4443359; -844028.8271484375; 7848.8720703125; -1090.76; 8939.64; 0; 0; -0; -0; 0; 3153.23; 2354.68; 4695.64; -4243.99; 0; 0
519918.654; 23; 20225.1806641; -851877.9306640625; 7849.103515625; -1133.7; 8982.81; 0; 0; -0; -0; 0; 3153.25; 2354.7; 4695.86; -4286.95; 0; 0
519919.654; 23; 20459.9912109; -859725.9443359375; 7848.013671875; -1233.94; 9081.95; 0; 0; -0; -0; 0; 3153.26; 2354.71; 4694.75; -4387.2; 0; 0
519920.654; 23; 20667.9833984; -867573.244140625; 7847.2998046875; -1093.01; 8940.31; 0; 0; -0; -0; 0; 3153.28; 2354.72; 4694.02; -4246.28; 0; 0
519921.654; 23; 20892.9169922; -875420.4140625; 7847.169921875; -1182.03; 9029.2; 0; 0; -0; -0; 0; 3153.29; 2354.73; 4693.88; -4335.32; 0; 0
519922.654; 23; 21118.5146484; -883267.0087890625; 7846.5947265625; -1185.52; 9032.12; 0; 0; -0; -0; 0; 3153.31; 2354.74; 4693.29; -4338.83; 0; 0
519923.654; 23; 21330.3515625; -891112.751953125; 7845.7431640625; -1113.21; 8958.95; 0; 0; -0; -0; 0; 3153.32; 2354.75; 4692.42; -4266.53; 0; 0
519924.654; 23; 21557.7529297; -898957.4619140625; 7844.7099609375; -1195; 9039.71; 0; 0; -0; -0; 0; 3153.33; 2354.76; 4691.38; -4348.34; 0; 0
519925.654; 23; 21774.9541016; -906802.595703125; 7845.1337890625; -1141.4; 8986.53; 0; 0; -0; -0; 0; 3153.35; 2354.77; 4691.78; -4294.75; 0; 0
519926.654; 23; 21989.9814453; -914647.328125; 7844.732421875; -1129.98; 8974.71; 0; 0; -0; -0; 0; 3153.36; 2354.78; 4691.37; -4283.34; 0; 0
519927.654; 23; 22211.4238281; -922492.181640625; 7844.853515625; -1163.69; 9008.54; 0; 0; -0; -0; 0; 3153.38; 2354.8; 4691.48; -4317.07; 0; 0
519928.654; 23; 22437.9433594; -930336.13671875; 7843.955078125; -1190.37; 9034.32; 0; 0; -0; -0; 0; 3153.39; 2354.81; 4690.56; -4343.76; 0; 0
519929.654; 23; 22647.4912109; -938180.2353515625; 7844.0986328125; -1101.18; 8945.28; 0; 0; -0; -0; 0; 3153.41; 2354.82; 4690.69; -4254.59; 0; 0
519930.654; 23; 22871.1367188; -946024.2734375; 7844.0380859375; -1175.27; 9019.3; 0; 0; -0; -0; 0; 3153.42; 2354.83; 4690.62; -4328.69; 0; 0
519931.654; 23; 23082.1123047; -953867.4619140625; 7843.1884765625; -1108.68; 8951.87; 0; 0; -0; -0; 0; 3153.44; 2354.84; 4689.75; -4262.12; 0; 0
519932.654; 23; 23307.1582031; -961710.6591796875; 7843.197265625; -1182.62; 9025.82; 0; 0; -0; -0; 0; 3153.45; 2354.85; 4689.75; -4336.07; 0; 0
519933.654; 23; 23543.9707031; -969553.90234375; 7843.2431640625; -1244.46; 9087.7; 0; 0; -0; -0; 0; 3153.46; 2354.86; 4689.78; -4397.92; 0; 0
519934.654; 23; 23752.3994141; -977396.06640625; 7842.1640625; -1095.3; 8937.46; 0; 0; -0; -0; 0; 3153.48; 2354.87; 4688.69; -4248.78; 0; 0
519935.654; 23; 23974.1503906; -985238.130859375; 7842.064453125; -1165.31; 9007.37; 0; 0; -0; -0; 0; 3153.49; 2354.88; 4688.57; -4318.8; 0; 0
519936.654; 23; 24190.8447266; -993079.73046875; 7841.599609375; -1138.74; 8980.34; 0; 0; -0; -0; 0; 3153.5; 2354.89; 4688.09; -4292.24; 0; 0
519937.654; 23; 24413.3203125; -1000919.28125; 7839.55078125; -1169.12; 9008.67; 0; 0; -0; -0; 0; 3153.52; 2354.9; 4686.03; -4322.64; 0; 0
519938.654; 23; 24627.8876953; -1008758.908203125; 7839.626953125; -1127.56; 8967.19; 0; 0; -0; -0; 0; 3153.53; 2354.91; 4686.1; -4281.09; 0; 0
519939.654; 23; 24860.7285156; -1016598.0947265625; 7839.1865234375; -1223.59; 9062.77; 0; 0; -0; -0; 0; 3153.55; 2354.92; 4685.64; -4377.13; 0; 0
519940.654; 23; 25080.4423828; -1024437.16015625; 7839.0654296875; -1154.6; 8993.67; 0; 0; -0; -0; 0; 3153.56; 2354.93; 4685.51; -4308.16; 0; 0
519941.654; 23; 25299.1435547; -1032275.9208984375; 7838.7607421875; -1149.28; 8988.04; 0; 0; -0; -0; 0; 3153.57; 2354.94; 4685.19; -4302.85; 0; 0
519942.654; 23; 25514.7226562; -1040113.7734375; 7837.8525390625; -1132.88; 8970.73; 0; 0; -0; -0; 0; 3153.58; 2354.95; 4684.27; -4286.46; 0; 0
519943.654; 23; 25739.0478516; -1047951.1064453125; 7837.3330078125; -1178.84; 9016.17; 0; 0; -0; -0; 0; 3153.6; 2354.96; 4683.74; -4332.43; 0; 0
519944.654; 23; 25958.453125; -1055788.7314453125; 7837.625; -1152.98; 8990.61; 0; 0; -0; -0; 0; 3153.61; 2354.97; 4684.01; -4306.59; 0; 0
519945.654; 23; 26186.2177734; -1063626.9638671875; 7838.232421875; -1196.91; 9035.14; 0; 0; -0; -0; 0; 3153.62; 2354.98; 4684.61; -4350.54; 0; 0
519946.654; 23; 26397.4658203; -1071463.9638671875; 7837; -1110.12; 8947.12; 0; 0; -0; -0; 0; 3153.64; 2354.99; 4683.36; -4263.75; 0; 0
519947.654; 23; 26634.140625; -1079300.630859375; 7836.6669921875; -1243.73; 9080.4; 0; 0; -0; -0; 0; 3153.65; 2355; 4683.02; -4397.38; 0; 0
519948.654; 23; 26843.3925781; -1087136.2587890625; 7835.6279296875; -1099.63; 8935.25; 0; 0; -0; -0; 0; 3153.66; 2355.01; 4681.97; -4253.29; 0; 0
519949.654; 23; 27066.5742188; -1094971.4228515625; 7835.1640625; -1172.83; 9007.99; 0; 0; -0; -0; 0; 3153.67; 2355.02; 4681.49; -4326.5; 0; 0
519950.654; 23; 27298.0185547; -1102806.5009765625; 7835.078125; -1216.25; 9051.33; 0; 0; -0; -0; 0; 3153.69; 2355.03; 4681.39; -4369.94; 0; 0
519951.654; 23; 27516.5458984; -1110642.01171875; 7835.5107421875; -1148.37; 8983.88; 0; 0; -0; -0; 0; 3153.7; 2355.04; 4681.81; -4302.07; 0; 0
519952.654; 23; 27725.8427734; -1118476.7587890625; 7834.7470703125; -1099.86; 8934.61; 0; 0; -0; -0; 0; 3153.71; 2355.04; 4681.04; -4253.57; 0; 0
519953.654; 23; 27956.7587891; -1126310.79296875; 7834.0341796875; -1213.47; 9047.51; 0; 0; -0; -0; 0; 3153.72; 2355.05; 4680.31; -4367.2; 0; 0
519954.654; 23; 28180.1376953; -1134144.3330078125; 7833.5400390625; -1173.86; 9007.4; 0; 0; -0; -0; 0; 3153.74; 2355.06; 4679.8; -4327.6; 0; 0
519955.654; 23; 28401.2626953; -1141977.646484375; 7833.3134765625; -1162.02; 8995.33; 0; 0; -0; -0; 0; 3153.75; 2355.07; 4679.57; -4315.77; 0; 0
519956.654; 23; 28620.9365234; -1149810.69921875; 7833.052734375; -1154.39; 8987.45; 0; 0; -0; -0; 0; 3153.76; 2355.08; 4679.29; -4308.15; 0; 0
519957.654; 23; 28840.1455078; -1157642.6796875; 7831.98046875; -1151.95; 8983.93; 0; 0; -0; -0; 0; 3153.77; 2355.09; 4678.21; -4305.72; 0; 0
519958.654; 23; 29076.6855469; -1165473.419921875; 7830.740234375; -1243.03; 9073.77; 0; 0; -0; -0; 0; 3153.78; 2355.1; 4676.96; -4396.81; 0; 0
519959.654; 23; 29283.8173828; -1173303.4091796875; 7829.9892578125; -1088.49; 8918.47; 0; 0; -0; -0; 0; 3153.79; 2355.11; 4676.19; -4242.28; 0; 0
519960.654; 23; 29509.5976562; -1181133.376953125; 7829.9677734375; -1186.48; 9016.45; 0; 0; -0; -0; 0; 3153.81; 2355.12; 4676.16; -4340.29; 0; 0
519961.654; 23; 29735.6816406; -1188962.8525390625; 7829.4755859375; -1188.08; 9017.55; 0; 0; -0; -0; 0; 3153.82; 2355.12; 4675.66; -4341.9; 0; 0
519962.654; 23; 29952.34375; -1196792.126953125; 7829.2744140625; -1138.57; 8967.84; 0; 0; -0; -0; 0; 3153.83; 2355.13; 4675.45; -4292.4; 0; 0
519963.654; 23; 30175.9619141; -1204621.380859375; 7829.25390625; -1175.12; 9004.38; 0; 0; -0; -0; 0; 3153.84; 2355.14; 4675.41; -4328.96; 0; 0
519964.654; 23; 30397.34375; -1212449.4404296875; 7828.0595703125; -1163.37; 8991.43; 0; 0; -0; -0; 0; 3153.85; 2355.15; 4674.21; -4317.22; 0; 0
519965.654; 23; 30629.3427734; -1220277.375; 7827.9345703125; -1219.16; 9047.1; 0; 0; -0; -0; 0; 3153.86; 2355.16; 4674.07; -4373.03; 0; 0
519966.654; 23; 30847.6367188; -1228105.21484375; 7827.83984375; -1147.14; 8974.98; 0; 0; -0; -0; 0; 3153.87; 2355.17; 4673.97; -4301.02; 0; 0
519967.654; 23; 31068.9335938; -1235932.5224609375; 7827.3076171875; -1162.92; 8990.23; 0; 0; -0; -0; 0; 3153.88; 2355.17; 4673.42; -4316.81; 0; 0
519968.654; 23; 31293.171875; -1243759.828125; 7827.3056640625; -1178.38; 9005.69; 0; 0; -0; -0; 0; 3153.9; 2355.18; 4673.41; -4332.28; 0; 0
519969.654; 23; 31507.5947266; -1251586.908203125; 7827.080078125; -1126.8; 8953.88; 0; 0; -0; -0; 0; 3153.91; 2355.19; 4673.17; -4280.71; 0; 0
519970.654; 23; 31747.8955078; -1259412.7587890625; 7825.8505859375; -1262.79; 9088.64; 0; 0; -0; -0; 0; 3153.92; 2355.2; 4671.93; -4416.71; 0; 0
519971.654; 23; 31961.3828125; -1267238.7509765625; 7825.9921875; -1121.88; 8947.88; 0; 0; -0; -0; 0; 3153.93; 2355.21; 4672.06; -4275.81; 0; 0
519972.654; 23; 32192.9824219; -1275064.384765625; 7825.6337890625; -1217.06; 9042.7; 0; 0; -0; -0; 0; 3153.94; 2355.21; 4671.7; -4371; 0; 0
519973.654; 23; 32410.0166016; -1282889.443359375; 7825.05859375; -1140.52; 8965.58; 0; 0; -0; -0; 0; 3153.95; 2355.22; 4671.11; -4294.47; 0; 0
519974.654; 23; 32633.7060547; -1290714.16796875; 7824.724609375; -1175.5; 9000.22; 0; 0; -0; -0; 0; 3153.96; 2355.23; 4670.77; -4329.46; 0; 0
519975.654; 23; 32860.796875; -1298538.21484375; 7824.046875; -1193.37; 9017.42; 0; 0; -0; -0; 0; 3153.97; 2355.24; 4670.08; -4347.34; 0; 0
519976.654; 23; 33085.1835938; -1306361.349609375; 7823.134765625; -1179.16; 9002.29; 0; 0; -0; -0; 0; 3153.98; 2355.24; 4669.16; -4333.14; 0; 0
519977.654; 23; 33306.3496094; -1314184.5361328125; 7823.1865234375; -1162.24; 8985.42; 0; 0; -0; -0; 0; 3153.99; 2355.25; 4669.2; -4316.22; 0; 0
519978.654; 23; 33526.9863281; -1322006.984375; 7822.4482421875; -1159.45; 8981.9; 0; 0; -0; -0; 0; 3154; 2355.26; 4668.45; -4313.45; 0; 0
519979.654; 23; 33753.5449219; -1329829.5224609375; 7822.5380859375; -1190.57; 9013.11; 0; 0; -0; -0; 0; 3154.01; 2355.27; 4668.53; -4344.58; 0; 0
519980.654; 23; 33978.5126953; -1337651.37890625; 7821.8564453125; -1182.21; 9004.07; 0; 0; -0; -0; 0; 3154.02; 2355.27; 4667.84; -4336.23; 0; 0
519981.654; 23; 34204.1884766; -1345473.359375; 7821.98046875; -1185.93; 9007.91; 0; 0; -0; -0; 0; 3154.03; 2355.28; 4667.95; -4339.96; 0; 0
519982.654; 23; 34434.0048828; -1353294.115234375; 7820.755859375; -1207.69; 9028.45; 0; 0; -0; -0; 0; 3154.04; 2355.29; 4666.72; -4361.73; 0; 0
519983.654; 23; 34657.1425781; -1361113.9375; 7819.822265625; -1172.6; 8992.42; 0; 0; -0; -0; 0; 3154.05; 2355.3; 4665.77; -4326.64; 0; 0
519984.654; 23; 34873.8886719; -1368933.908203125; 7819.970703125; -1139.01; 8958.98; 0; 0; -0; -0; 0; 3154.06; 2355.3; 4665.91; -4293.07; 0; 0
519985.654; 23; 35101.4882812; -1376753.9443359375; 7820.0361328125; -1196.04; 9016.08; 0; 0; -0; -0; 0; 3154.07; 2355.31; 4665.97; -4350.11; 0; 0
519986.654; 23; 35322.3476562; -1384573.771484375; 7819.8271484375; -1160.62; 8980.45; 0; 0; -0; -0; 0; 3154.08; 2355.32; 4665.75; -4314.7; 0; 0
519987.654; 23; 35554.5068359; -1392391.55078125; 7817.779296875; -1220; 9037.78; 0; 0; -0; -0; 0; 3154.09; 2355.32; 4663.69; -4374.09; 0; 0
519988.654; 23; 35781.2324219; -1400208.892578125; 7817.341796875; -1191.45; 9008.79; 0; 0; -0; -0; 0; 3154.09; 2355.33; 4663.25; -4345.55; 0; 0
519989.654; 23; 36000.9570312; -1408025.8115234375; 7816.9189453125; -1154.66; 8971.58; 0; 0; -0; -0; 0; 3154.1; 2355.34; 4662.82; -4308.76; 0; 0
519990.654; 23; 36226.9931641; -1415842.396484375; 7816.5849609375; -1187.83; 9004.41; 0; 0; -0; -0; 0; 3154.11; 2355.34; 4662.47; -4341.94; 0; 0
519991.654; 23; 36448.8642578; -1423658.8466796875; 7816.4501953125; -1165.94; 8982.39; 0; 0; -0; -0; 0; 3154.12; 2355.35; 4662.33; -4320.06; 0; 0
519992.654; 23; 36669.3603516; -1431474.9169921875; 7816.0703125; -1158.71; 8974.79; 0; 0; -0; -0; 0; 3154.13; 2355.36; 4661.94; -4312.84; 0; 0
519993.654; 23; 36905.7587891; -1439290.576171875; 7815.6591796875; -1242.28; 9057.94; 0; 0; -0; -0; 0; 3154.14; 2355.36; 4661.52; -4396.42; 0; 0
519994.654; 23; 37126.3535156; -1447105.3896484375; 7814.8134765625; -1159.23; 8974.05; 0; 0; -0; -0; 0; 3154.15; 2355.37; 4660.67; -4313.38; 0; 0
519995.654; 23; 37351.7685547; -1454920.2041015625; 7814.814453125; -1184.56; 8999.38; 0; 0; -0; -0; 0; 3154.16; 2355.38; 4660.66; -4338.72; 0; 0
519996.654; 23; 37582.6542969; -1462734.3994140625; 7814.1953125; -1213.31; 9027.51; 0; 0; -0; -0; 0; 3154.16; 2355.38; 4660.03; -4367.48; 0; 0
519997.654; 23; 37808.4980469; -1470548.19140625; 7813.7919921875; -1186.82; 9000.61; 0; 0; -0; -0; 0; 3154.17; 2355.39; 4659.62; -4340.99; 0; 0
519998.654; 23; 38032.5869141; -1478361.458984375; 7813.267578125; -1177.59; 8990.86; 0; 0; -0; -0; 0; 3154.18; 2355.39; 4659.09; -4331.78; 0; 0
519999.654; 23; 38250.8476562; -1486174.0810546875; 7812.6220703125; -1146.97; 8959.59; 0; 0; -0; -0; 0; 3154.19; 2355.4; 4658.43; -4301.16; 0; 0
520000.654; 23; 38478.1679688; -1493986.6416015625; 7812.560546875; -1194.58; 9007.14; 0; 0; -0; -0; 0; 3154.2; 2355.41; 4658.36; -4348.77; 0; 0
520001.654; 23; 38708.9160156; -1501798.6708984375; 7812.029296875; -1212.59; 9024.62; 0; 0; -0; -0; 0; 3154.2; 2355.41; 4657.82; -4366.79; 0; 0
520002.654; 23; 38940.7802734; -1509610.6787109375; 7812.0078125; -1218.45; 9030.46; 0; 0; -0; -0; 0; 3154.21; 2355.42; 4657.8; -4372.67; 0; 0
520003.654; 23; 39159.0820312; -1517421.9091796875; 7811.23046875; -1147.18; 8958.41; 0; 0; -0; -0; 0; 3154.22; 2355.42; 4657.01; -4301.4; 0; 0
520004.654; 23; 39392.0097656; -1525232.640625; 7810.7314453125; -1224.04; 9034.77; 0; 0; -0; -0; 0; 3154.23; 2355.43; 4656.5; -4378.27; 0; 0
520005.654; 23; 39627.5107422; -1533043.44921875; 7810.80859375; -1237.57; 9048.37; 0; 0; -0; -0; 0; 3154.24; 2355.44; 4656.57; -4391.8; 0; 0
520006.654; 23; 39833.4404297; -1540853.677734375; 7810.228515625; -1082.17; 8892.4; 0; 0; -0; -0; 0; 3154.24; 2355.44; 4655.99; -4236.41; 0; 0
520007.654; 23; 40070.40625; -1548662.646484375; 7808.96875; -1245.26; 9054.23; 0; 0; -0; -0; 0; 3154.25; 2355.45; 4654.72; -4399.51; 0; 0
520008.654; 23; 40297.4833984; -1556471.17578125; 7808.529296875; -1193.3; 9001.83; 0; 0; -0; -0; 0; 3154.26; 2355.45; 4654.27; -4347.56; 0; 0
520009.654; 23; 40516.5117188; -1564279.4658203125; 7808.2900390625; -1151; 8959.29; 0; 0; -0; -0; 0; 3154.27; 2355.46; 4654.02; -4305.27; 0; 0
520010.654; 23; 40744.3896484; -1572087.8046875; 7808.3388671875; -1197.51; 9005.85; 0; 0; -0; -0; 0; 3154.27; 2355.46; 4654.07; -4351.78; 0; 0
520011.654; 23; 40978.5488281; -1579895.69140625; 7807.88671875; -1230.51; 9038.4; 0; 0; -0; -0; 0; 3154.28; 2355.47; 4653.61; -4384.79; 0; 0
520012.654; 23; 41201.5400391; -1587702.9169921875; 7807.2255859375; -1171.83; 8979.05; 0; 0; -0; -0; 0; 3154.29; 2355.47; 4652.94; -4326.11; 0; 0
520013.654; 23; 41437.2216797; -1595509.4970703125; 7806.580078125; -1238.52; 9045.1; 0; 0; -0; -0; 0; 3154.29; 2355.48; 4652.29; -4392.81; 0; 0
520014.654; 23; 41656.4404297; -1603315.5009765625; 7806.00390625; -1152; 8958.01; 0; 0; -0; -0; 0; 3154.3; 2355.48; 4651.7; -4306.3; 0; 0
520015.654; 23; 41890.1679688; -1611120.818359375; 7805.3173828125; -1228.25; 9033.56; 0; 0; -0; -0; 0; 3154.31; 2355.49; 4651.01; -4382.55; 0; 0
520016.654; 23; 42113.1181641; -1618925.6611328125; 7804.8427734375; -1171.61; 8976.45; 0; 0; -0; -0; 0; 3154.31; 2355.49; 4650.53; -4325.92; 0; 0
520017.654; 23; 42332.2490234; -1626729.1953125; 7803.5341796875; -1151.54; 8955.07; 0; 0; -0; -0; 0; 3154.32; 2355.5; 4649.21; -4305.86; 0; 0
520018.654; 23; 42566.7402344; -1634532.4404296875; 7803.2451171875; -1232.26; 9035.5; 0; 0; -0; -0; 0; 3154.33; 2355.5; 4648.92; -4386.59; 0; 0
520019.654; 23; 42797.3808594; -1642335.2197265625; 7802.779296875; -1212.02; 9014.8; 0; 0; -0; -0; 0; 3154.33; 2355.51; 4648.45; -4366.36; 0; 0
520020.654; 23; 43027.4755859; -1650138.185546875; 7802.9658203125; -1209.16; 9012.12; 0; 0; -0; -0; 0; 3154.34; 2355.51; 4648.63; -4363.49; 0; 0
520021.654; 23; 43258.5712891; -1657940.7763671875; 7802.5908203125; -1214.42; 9017.01; 0; 0; -0; -0; 0; 3154.34; 2355.52; 4648.25; -4368.76; 0; 0
520022.654; 23; 43475.8144531; -1665742.212890625; 7801.4365234375; -1141.62; 8943.06; 0; 0; -0; -0; 0; 3154.35; 2355.52; 4647.09; -4295.97; 0; 0
520023.654; 23; 43718.1621094; -1673543.2373046875; 7801.0244140625; -1273.55; 9074.57; 0; 0; -0; -0; 0; 3154.36; 2355.53; 4646.67; -4427.9; 0; 0
520024.654; 23; 43937.8779297; -1681344.033203125; 7800.7958984375; -1154.61; 8955.41; 0; 0; -0; -0; 0; 3154.36; 2355.53; 4646.43; -4308.98; 0; 0
520025.654; 23; 44159.5986328; -1689144.8642578125; 7800.8310546875; -1165.15; 8965.98; 0; 0; -0; -0; 0; 3154.37; 2355.54; 4646.46; -4319.52; 0; 0
520026.654; 23; 44391.0341797; -1696943.935546875; 7799.0712890625; -1216.2; 9015.27; 0; 0; -0; -0; 0; 3154.37; 2355.54; 4644.7; -4370.58; 0; 0
520027.654; 23; 44620.4541016; -1704743.2431640625; 7799.3076171875; -1205.61; 9004.92; 0; 0; -0; -0; 0; 3154.38; 2355.54; 4644.93; -4359.99; 0; 0
520028.654; 23; 44851.1474609; -1712542.369140625; 7799.1259765625; -1212.3; 9011.43; 0; 0; -0; -0; 0; 3154.39; 2355.55; 4644.74; -4366.69; 0; 0
520029.654; 23; 45082.5478516; -1720341.306640625; 7798.9375; -1216.02; 9014.95; 0; 0; -0; -0; 0; 3154.39; 2355.55; 4644.55; -4370.41; 0; 0
520030.654; 23; 45311.4648438; -1728139.474609375; 7798.16796875; -1202.97; 9001.13; 0; 0; -0; -0; 0; 3154.4; 2355.56; 4643.77; -4357.36; 0; 0
520031.654; 23; 45536.8085938; -1735937.7265625; 7798.251953125; -1184.19; 8982.44; 0; 0; -0; -0; 0; 3154.4; 2355.56; 4643.85; -4338.59; 0; 0
520032.654; 23; 45767.75; -1743735.8896484375; 7798.1630859375; -1213.61; 9011.77; 0; 0; -0; -0; 0; 3154.41; 2355.56; 4643.76; -4368.01; 0; 0
520033.654; 23; 45994.7587891; -1751533.5126953125; 7797.623046875; -1192.94; 8990.56; 0; 0; -0; -0; 0; 3154.41; 2355.57; 4643.21; -4347.35; 0; 0
520034.654; 23; 46226.4404297; -1759330.1611328125; 7796.6484375; -1217.5; 9014.14; 0; 0; -0; -0; 0; 3154.42; 2355.57; 4642.23; -4371.91; 0; 0
520035.654; 23; 46442.7421875; -1767125.9736328125; 7795.8125; -1136.67; 8932.49; 0; 0; -0; -0; 0; 3154.42; 2355.57; 4641.39; -4291.1; 0; 0
520036.654; 23; 46677.765625; -1774921.94921875; 7795.9755859375; -1235.06; 9031.03; 0; 0; -0; -0; 0; 3154.43; 2355.58; 4641.55; -4389.48; 0; 0
520037.654; 23; 46920.4375; -1782717.2705078125; 7795.3212890625; -1275.25; 9070.57; 0; 0; -0; -0; 0; 3154.43; 2355.58; 4640.89; -4429.68; 0; 0
520038.654; 23; 47142.7978516; -1790512.4326171875; 7795.162109375; -1168.51; 8963.67; 0; 0; -0; -0; 0; 3154.44; 2355.59; 4640.73; -4322.95; 0; 0
520039.654; 23; 47379.5839844; -1798307.119140625; 7794.6865234375; -1244.32; 9039.01; 0; 0; -0; -0; 0; 3154.44; 2355.59; 4640.25; -4398.76; 0; 0
520040.654; 23; 47598.5917969; -1806101.37109375; 7794.251953125; -1150.89; 8945.15; 0; 0; -0; -0; 0; 3154.45; 2355.59; 4639.81; -4305.34; 0; 0
520041.654; 23; 47844.4785156; -1813896.080078125; 7794.708984375; -1292.14; 9086.85; 0; 0; -0; -0; 0; 3154.45; 2355.6; 4640.26; -4446.59; 0; 0
520042.654; 23; 48060.4882812; -1821691.240234375; 7795.16015625; -1135.14; 8930.3; 0; 0; -0; -0; 0; 3154.45; 2355.6; 4640.71; -4289.59; 0; 0
520043.654; 23; 48291.4257812; -1829486.1318359375; 7794.8916015625; -1213.58; 9008.48; 0; 0; -0; -0; 0; 3154.46; 2355.6; 4640.43; -4368.04; 0; 0
520044.654; 23; 48512.03125; -1837280.1728515625; 7794.041015625; -1159.29; 8953.33; 0; 0; -0; -0; 0; 3154.46; 2355.61; 4639.58; -4313.75; 0; 0
520045.654; 23; 48746.7099609; -1845073.134765625; 7792.9619140625; -1233.24; 9026.21; 0; 0; -0; -0; 0; 3154.47; 2355.61; 4638.5; -4387.71; 0; 0
520046.654; 23; 48974.0898438; -1852865.947265625; 7792.8125; -1194.89; 8987.7; 0; 0; -0; -0; 0; 3154.47; 2355.61; 4638.34; -4349.36; 0; 0
520047.654; 23; 49210.6455078; -1860657.82421875; 7791.876953125; -1243.11; 9034.99; 0; 0; -0; -0; 0; 3154.47; 2355.61; 4637.4; -4397.58; 0; 0
520048.654; 23; 49431.2851562; -1868449.37890625; 7791.5546875; -1159.47; 8951.02; 0; 0; -0; -0; 0; 3154.48; 2355.62; 4637.08; -4313.95; 0; 0
520049.654; 23; 49665.3134766; -1876241.130859375; 7791.751953125; -1229.83; 9021.58; 0; 0; -0; -0; 0; 3154.48; 2355.62; 4637.27; -4384.31; 0; 0
520050.654; 23; 49895.3652344; -1884031.89453125; 7790.763671875; -1208.93; 8999.69; 0; 0; -0; -0; 0; 3154.49; 2355.62; 4636.28; -4363.42; 0; 0
520051.654; 23; 50130.8037109; -1891822.0615234375; 7790.1669921875; -1237.24; 9027.4; 0; 0; -0; -0; 0; 3154.49; 2355.62; 4635.68; -4391.73; 0; 0
520052.654; 23; 50356.9228516; -1899612.728515625; 7790.6669921875; -1188.26; 8978.93; 0; 0; -0; -0; 0; 3154.49; 2355.63; 4636.17; -4342.76; 0; 0
520053.654; 23; 50584.84375; -1907402.7421875; 7790.013671875; -1197.73; 8987.75; 0; 0; -0; -0; 0; 3154.5; 2355.63; 4635.52; -4352.23; 0; 0
520054.654; 23; 50811.5742188; -1915191.7978515625; 7789.0556640625; -1191.48; 8980.53; 0; 0; -0; -0; 0; 3154.5; 2355.63; 4634.56; -4345.98; 0; 0
520055.654; 23; 51038.9355469; -1922980.609375; 7788.8115234375; -1194.79; 8983.6; 0; 0; -0; -0; 0; 3154.5; 2355.63; 4634.31; -4349.29; 0; 0
520056.654; 23; 51282.5664062; -1930768.4052734375; 7787.7958984375; -1280.29; 9068.08; 0; 0; -0; -0; 0; 3154.51; 2355.64; 4633.29; -4434.79; 0; 0
520057.654; 23; 51498.3603516; -1938555.8916015625; 7787.486328125; -1134; 8921.49; 0; 0; -0; -0; 0; 3154.51; 2355.64; 4632.98; -4288.51; 0; 0
520058.654; 23; 51740.0458984; -1946342.373046875; 7786.4814453125; -1270.07; 9056.55; 0; 0; -0; -0; 0; 3154.51; 2355.64; 4631.97; -4424.58; 0; 0
520059.654; 23; 51970.1777344; -1954129.150390625; 7786.77734375; -1209.35; 8996.13; 0; 0; -0; -0; 0; 3154.51; 2355.64; 4632.26; -4363.86; 0; 0
520060.654; 23; 52199.6328125; -1961915.2783203125; 7786.1279296875; -1205.79; 8991.92; 0; 0; -0; -0; 0; 3154.52; 2355.65; 4631.61; -4360.31; 0; 0
520061.654; 23; 52426.1162109; -1969701.4638671875; 7786.185546875; -1190.18; 8976.36; 0; 0; -0; -0; 0; 3154.52; 2355.65; 4631.67; -4344.7; 0; 0
520062.654; 23; 52659.4443359; -1977486.7763671875; 7785.3125; -1226.15; 9011.46; 0; 0; -0; -0; 0; 3154.52; 2355.65; 4630.79; -4380.67; 0; 0
520063.654; 23; 52885.2021484; -1985271.998046875; 7785.2216796875; -1186.37; 8971.59; 0; 0; -0; -0; 0; 3154.52; 2355.65; 4630.7; -4340.89; 0; 0
520064.654; 23; 53122.2744141; -1993057.4541015625; 7785.4560546875; -1245.82; 9031.28; 0; 0; -0; -0; 0; 3154.53; 2355.65; 4630.93; -4400.35; 0; 0
520065.654; 23; 53348.5507812; -2000842.4658203125; 7785.01171875; -1189.09; 8974.1; 0; 0; -0; -0; 0; 3154.53; 2355.65; 4630.48; -4343.62; 0; 0
520066.654; 23; 53579.4873047; -2008627.3203125; 7784.8544921875; -1213.58; 8998.43; 0; 0; -0; -0; 0; 3154.53; 2355.66; 4630.32; -4368.11; 0; 0
520067.654; 23; 53809.5673828; -2016411.126953125; 7783.806640625; -1209.08; 8992.89; 0; 0; -0; -0; 0; 3154.53; 2355.66; 4629.27; -4363.61; 0; 0
520068.654; 23; 54041.0556641; -2024193.7529296875; 7782.6259765625; -1216.48; 8999.11; 0; 0; -0; -0; 0; 3154.54; 2355.66; 4628.09; -4371.01; 0; 0
520069.654; 23; 54282.3300781; -2031975.279296875; 7781.5263671875; -1267.91; 9049.43; 0; 0; -0; -0; 0; 3154.54; 2355.66; 4626.99; -4422.44; 0; 0
520070.654; 23; 54501.5351562; -2039756.771484375; 7781.4921875; -1151.93; 8933.42; 0; 0; -0; -0; 0; 3154.54; 2355.66; 4626.95; -4306.47; 0; 0
520071.654; 23; 54739.6542969; -2047537.40234375; 7780.630859375; -1251.32; 9031.96; 0; 0; -0; -0; 0; 3154.54; 2355.66; 4626.09; -4405.87; 0; 0
520072.654; 23; 54971.5810547; -2055317.6650390625; 7780.2626953125; -1218.78; 8999.05; 0; 0; -0; -0; 0; 3154.54; 2355.66; 4625.72; -4373.33; 0; 0
520073.654; 23; 55205.6328125; -2063097.1416015625; 7779.4765625; -1229.95; 9009.43; 0; 0; -0; -0; 0; 3154.54; 2355.67; 4624.93; -4384.49; 0; 0
520074.654; 23; 55436.7900391; -2070876.3798828125; 7779.23828125; -1214.74; 8993.98; 0; 0; -0; -0; 0; 3154.55; 2355.67; 4624.69; -4369.28; 0; 0
520075.654; 23; 55671.8486328; -2078655.1396484375; 7778.759765625; -1235.24; 9014; 0; 0; -0; -0; 0; 3154.55; 2355.67; 4624.21; -4389.79; 0; 0
520076.654; 23; 55900.4716797; -2086433.84375; 7778.7041015625; -1201.42; 8980.13; 0; 0; -0; -0; 0; 3154.55; 2355.67; 4624.16; -4355.97; 0; 0
520077.654; 23; 56126.7617188; -2094212.8310546875; 7778.9873046875; -1189.16; 8968.15; 0; 0; -0; -0; 0; 3154.55; 2355.67; 4624.44; -4343.71; 0; 0
520078.654; 23; 56371.6220703; -2101990.919921875; 7778.0888671875; -1286.75; 9064.84; 0; 0; -0; -0; 0; 3154.55; 2355.67; 4623.54; -4441.3; 0; 0
520079.654; 23; 56599.7373047; -2109768.029296875; 7777.109375; -1198.75; 8975.86; 0; 0; -0; -0; 0; 3154.55; 2355.67; 4622.56; -4353.3; 0; 0
520080.654; 23; 56831.28125; -2117544.9716796875; 7776.9423828125; -1216.77; 8993.71; 0; 0; -0; -0; 0; 3154.55; 2355.67; 4622.39; -4371.32; 0; 0
520081.654; 23; 57060.4638672; -2125321.6708984375; 7776.69921875; -1204.36; 8981.06; 0; 0; -0; -0; 0; 3154.55; 2355.67; 4622.15; -4358.92; 0; 0
520082.654; 23; 57292.4599609; -2133097.7783203125; 7776.107421875; -1219.15; 8995.26; 0; 0; -0; -0; 0; 3154.55; 2355.67; 4621.55; -4373.7; 0; 0
520083.654; 23; 57527.4257812; -2140874.32421875; 7776.5458984375; -1234.75; 9011.3; 0; 0; -0; -0; 0; 3154.55; 2355.67; 4621.99; -4389.31; 0; 0
520084.654; 23; 57760.0634766; -2148649.8828125; 7775.55859375; -1222.52; 8998.08; 0; 0; -0; -0; 0; 3154.56; 2355.67; 4621; -4377.07; 0; 0
520085.654; 23; 57998.2519531; -2156425.0283203125; 7775.1455078125; -1251.69; 9026.83; 0; 0; -0; -0; 0; 3154.56; 2355.67; 4620.59; -4406.24; 0; 0
520086.654; 23; 58230.6035156; -2164199.5498046875; 7774.521484375; -1221.02; 8995.54; 0; 0; -0; -0; 0; 3154.56; 2355.67; 4619.97; -4375.57; 0; 0
520087.654; 23; 58464.8603516; -2171973.3037109375; 7773.75390625; -1231.03; 9004.78; 0; 0; -0; -0; 0; 3154.56; 2355.68; 4619.2; -4385.58; 0; 0
520088.654; 23; 58691.7304688; -2179745.8505859375; 7772.546875; -1192.21; 8964.76; 0; 0; -0; -0; 0; 3154.56; 2355.68; 4617.99; -4346.77; 0; 0
520089.654; 23; 58934.4033203; -2187518.62890625; 7772.7783203125; -1275.25; 9048.03; 0; 0; -0; -0; 0; 3154.56; 2355.68; 4618.22; -4429.81; 0; 0
520090.654; 23; 59166.7265625; -2195291.259765625; 7772.630859375; -1220.87; 8993.5; 0; 0; -0; -0; 0; 3154.56; 2355.68; 4618.07; -4375.42; 0; 0
520091.654; 23; 59401.3486328; -2203063.05859375; 7771.798828125; -1232.95; 9004.75; 0; 0; -0; -0; 0; 3154.56; 2355.68; 4617.24; -4387.5; 0; 0
520092.654; 23; 59630.9785156; -2210834.1552734375; 7771.0966796875; -1206.71; 8977.81; 0; 0; -0; -0; 0; 3154.56; 2355.68; 4616.54; -4361.27; 0; 0
520093.654; 23; 59868.6845703; -2218604.94921875; 7770.7939453125; -1249.15; 9019.95; 0; 0; -0; -0; 0; 3154.56; 2355.68; 4616.24; -4403.71; 0; 0
520094.654; 23; 60104.6826172; -2226375.458984375; 7770.509765625; -1240.18; 9010.69; 0; 0; -0; -0; 0; 3154.56; 2355.67; 4615.95; -4394.73; 0; 0
520095.654; 23; 60328.2539062; -2234145.25; 7769.791015625; -1174.88; 8944.67; 0; 0; -0; -0; 0; 3154.56; 2355.67; 4615.24; -4329.43; 0; 0
520096.654; 23; 60561.4521484; -2241914.76171875; 7769.51171875; -1225.47; 8994.98; 0; 0; -0; -0; 0; 3154.56; 2355.67; 4614.96; -4380.02; 0; 0
520097.654; 23; 60804.78125; -2249683.921875; 7769.16015625; -1278.7; 9047.86; 0; 0; -0; -0; 0; 3154.55; 2355.67; 4614.61; -4433.26; 0; 0
520098.654; 23; 61043.3457031; -2257452.4716796875; 7768.5498046875; -1253.66; 9022.21; 0; 0; -0; -0; 0; 3154.55; 2355.67; 4614; -4408.22; 0; 0
520099.654; 23; 61273.6328125; -2265219.9814453125; 7767.509765625; -1210.17; 8977.68; 0; 0; -0; -0; 0; 3154.55; 2355.67; 4612.96; -4364.72; 0; 0
520100.654; 23; 61515.8486328; -2272987.453125; 7767.4716796875; -1272.85; 9040.32; 0; 0; -0; -0; 0; 3154.55; 2355.67; 4612.92; -4427.41; 0; 0
520101.654; 23; 61735.7929688; -2280754.951171875; 7767.498046875; -1155.82; 8923.31; 0; 0; -0; -0; 0; 3154.55; 2355.67; 4612.95; -4310.37; 0; 0
520102.654; 23; 61981.8837891; -2288521.794921875; 7766.84375; -1293.22; 9060.06; 0; 0; -0; -0; 0; 3154.55; 2355.67; 4612.29; -4447.77; 0; 0
520103.654; 23; 62205.4794922; -2296288.212890625; 7766.41796875; -1175; 8941.42; 0; 0; -0; -0; 0; 3154.55; 2355.67; 4611.87; -4329.55; 0; 0
520104.654; 23; 62451.0136719; -2304053.6845703125; 7765.4716796875; -1290.29; 9055.76; 0; 0; -0; -0; 0; 3154.55; 2355.67; 4610.92; -4444.84; 0; 0
520105.654; 23; 62673.8945312; -2311818.681640625; 7764.9970703125; -1171.25; 8936.24; 0; 0; -0; -0; 0; 3154.55; 2355.67; 4610.45; -4325.79; 0; 0
520106.654; 23; 62921.2412109; -2319583.8056640625; 7765.1240234375; -1299.82; 9064.94; 0; 0; -0; -0; 0; 3154.55; 2355.67; 4610.58; -4454.36; 0; 0
520107.654; 23; 63147.6455078; -2327348.3583984375; 7764.552734375; -1189.76; 8954.32; 0; 0; -0; -0; 0; 3154.54; 2355.67; 4610.01; -4344.31; 0; 0
520108.654; 23; 63381.0136719; -2335112.4931640625; 7764.134765625; -1226.36; 8990.49; 0; 0; -0; -0; 0; 3154.54; 2355.66; 4609.59; -4380.9; 0; 0
520109.654; 23; 63624.3642578; -2342876.6298828125; 7764.13671875; -1278.82; 9042.95; 0; 0; -0; -0; 0; 3154.54; 2355.66; 4609.6; -4433.36; 0; 0
520110.654; 23; 63862.0664062; -2350640.435546875; 7763.8056640625; -1249.13; 9012.94; 0; 0; -0; -0; 0; 3154.54; 2355.66; 4609.27; -4403.67; 0; 0
520111.654; 23; 64088.1650391; -2358403.20703125; 7762.771484375; -1188.16; 8950.93; 0; 0; -0; -0; 0; 3154.54; 2355.66; 4608.23; -4342.69; 0; 0
520112.654; 23; 64329.3535156; -2366166.1982421875; 7762.9912109375; -1267.45; 9030.45; 0; 0; -0; -0; 0; 3154.54; 2355.66; 4608.46; -4421.99; 0; 0
520113.654; 23; 64563.0097656; -2373928.8623046875; 7762.6640625; -1227.87; 8990.54; 0; 0; -0; -0; 0; 3154.53; 2355.66; 4608.13; -4382.41; 0; 0
520114.654; 23; 64794.1660156; -2381692.072265625; 7763.2099609375; -1214.73; 8977.94; 0; 0; -0; -0; 0; 3154.53; 2355.66; 4608.68; -4369.27; 0; 0
520115.654; 23; 65037.9228516; -2389454.849609375; 7762.77734375; -1280.95; 9043.73; 0; 0; -0; -0; 0; 3154.53; 2355.65; 4608.25; -4435.48; 0; 0
520116.654; 23; 65263.0654297; -2397216.8515625; 7762.001953125; -1183.13; 8945.13; 0; 0; -0; -0; 0; 3154.53; 2355.65; 4607.48; -4337.66; 0; 0
520117.654; 23; 65503.3300781; -2404977.9814453125; 7761.1298828125; -1262.6; 9023.73; 0; 0; -0; -0; 0; 3154.52; 2355.65; 4606.61; -4417.12; 0; 0
520118.654; 23; 65735.8320312; -2412739.048828125; 7761.0673828125; -1221.81; 8982.87; 0; 0; -0; -0; 0; 3154.52; 2355.65; 4606.55; -4376.33; 0; 0
520119.654; 23; 65977.2080078; -2420500.376953125; 7761.328125; -1268.44; 9029.77; 0; 0; -0; -0; 0; 3154.52; 2355.65; 4606.81; -4422.96; 0; 0
520120.654; 23; 66207.6542969; -2428260.8330078125; 7760.4560546875; -1211; 8971.46; 0; 0; -0; -0; 0; 3154.52; 2355.65; 4605.94; -4365.52; 0; 0
520121.654; 23; 66450.7070312; -2436019.9140625; 7759.0810546875; -1277.25; 9036.33; 0; 0; -0; -0; 0; 3154.51; 2355.64; 4604.57; -4431.76; 0; 0
520122.654; 23; 66682.7011719; -2443779.033203125; 7759.119140625; -1219.14; 8978.26; 0; 0; -0; -0; 0; 3154.51; 2355.64; 4604.61; -4373.65; 0; 0
520123.654; 23; 66926.5859375; -2451538.693359375; 7759.66015625; -1281.62; 9041.28; 0; 0; -0; -0; 0; 3154.51; 2355.64; 4605.15; -4436.13; 0; 0
520124.654; 23; 67156.6503906; -2459297.818359375; 7759.125; -1209; 8968.12; 0; 0; -0; -0; 0; 3154.51; 2355.64; 4604.62; -4363.5; 0; 0
520125.654; 23; 67399.4228516; -2467057.0595703125; 7759.2412109375; -1275.78; 9035.02; 0; 0; -0; -0; 0; 3154.5; 2355.63; 4604.74; -4430.28; 0; 0
520126.654; 23; 67626.5625; -2474815.27734375; 7758.2177734375; -1193.63; 8951.84; 0; 0; -0; -0; 0; 3154.5; 2355.63; 4603.72; -4348.13; 0; 0
520127.654; 23; 67873.3515625; -2482572.7958984375; 7757.5185546875; -1296.89; 9054.4; 0; 0; -0; -0; 0; 3154.5; 2355.63; 4603.02; -4451.38; 0; 0
520128.654; 23; 68105.3359375; -2490329.111328125; 7756.3154296875; -1219.09; 8975.4; 0; 0; -0; -0; 0; 3154.49; 2355.63; 4601.82; -4373.58; 0; 0
520129.654; 23; 68334.7167969; -2498084.583984375; 7755.47265625; -1205.4; 8960.88; 0; 0; -0; -0; 0; 3154.49; 2355.62; 4600.98; -4359.89; 0; 0
520130.654; 23; 68574.5302734; -2505840.03515625; 7755.451171875; -1260.23; 9015.68; 0; 0; -0; -0; 0; 3154.49; 2355.62; 4600.97; -4414.71; 0; 0
520131.654; 23; 68814.8847656; -2513594.8857421875; 7754.8505859375; -1263.07; 9017.92; 0; 0; -0; -0; 0; 3154.48; 2355.62; 4600.37; -4417.55; 0; 0
520132.654; 23; 69045.3056641; -2521349.521484375; 7754.6357421875; -1210.87; 8965.51; 0; 0; -0; -0; 0; 3154.48; 2355.62; 4600.16; -4365.35; 0; 0
520133.654; 23; 69296.5136719; -2529103.072265625; 7753.55078125; -1320.11; 9073.66; 0; 0; -0; -0; 0; 3154.47; 2355.61; 4599.08; -4474.58; 0; 0
520134.654; 23; 69529.6962891; -2536856.0126953125; 7752.9404296875; -1225.38; 8978.32; 0; 0; -0; -0; 0; 3154.47; 2355.61; 4598.47; -4379.85; 0; 0
520135.654; 23; 69769.6650391; -2544608.904296875; 7752.8916015625; -1261.04; 9013.94; 0; 0; -0; -0; 0; 3154.47; 2355.61; 4598.42; -4415.51; 0; 0
520136.654; 23; 69998.3066406; -2552361.7998046875; 7752.8955078125; -1201.52; 8954.42; 0; 0; -0; -0; 0; 3154.46; 2355.61; 4598.43; -4355.98; 0; 0
520137.654; 23; 70244.4511719; -2560114.8232421875; 7753.0234375; -1293.5; 9046.52; 0; 0; -0; -0; 0; 3154.46; 2355.6; 4598.57; -4447.96; 0; 0
520138.654; 23; 70466.9560547; -2567867.3525390625; 7752.529296875; -1169.27; 8921.8; 0; 0; -0; -0; 0; 3154.45; 2355.6; 4598.08; -4323.73; 0; 0
520139.654; 23; 70720.0683594; -2575619.2021484375; 7751.849609375; -1330.11; 9081.96; 0; 0; -0; -0; 0; 3154.45; 2355.6; 4597.4; -4484.56; 0; 0
520140.654; 23; 70950.4619141; -2583370.138671875; 7750.9365234375; -1210.73; 8961.66; 0; 0; -0; -0; 0; 3154.45; 2355.59; 4596.49; -4365.17; 0; 0
520141.654; 23; 71186.890625; -2591120.62890625; 7750.490234375; -1242.44; 8992.93; 0; 0; -0; -0; 0; 3154.44; 2355.59; 4596.05; -4396.88; 0; 0
520142.654; 23; 71425.6621094; -2598870.2421875; 7749.61328125; -1254.75; 9004.37; 0; 0; -0; -0; 0; 3154.44; 2355.59; 4595.18; -4409.19; 0; 0
520143.654; 23; 71664.8417969; -2606619.0380859375; 7748.7958984375; -1256.9; 9005.69; 0; 0; -0; -0; 0; 3154.43; 2355.58; 4594.36; -4411.33; 0; 0
520144.654; 23; 71898.7363281; -2614367.8681640625; 7748.830078125; -1229.12; 8977.95; 0; 0; -0; -0; 0; 3154.43; 2355.58; 4594.4; -4383.55; 0; 0
520145.654; 23; 72138.4521484; -2622116.6552734375; 7748.787109375; -1259.72; 9008.5; 0; 0; -0; -0; 0; 3154.42; 2355.57; 4594.37; -4414.14; 0; 0
520146.654; 23; 72371.3994141; -2629865.154296875; 7748.4990234375; -1224.15; 8972.65; 0; 0; -0; -0; 0; 3154.42; 2355.57; 4594.08; -4378.56; 0; 0
520147.654; 23; 72621.2460938; -2637612.8046875; 7747.650390625; -1312.95; 9060.6; 0; 0; -0; -0; 0; 3154.41; 2355.57; 4593.24; -4467.37; 0; 0
520148.654; 23; 72840.5361328; -2645360.7939453125; 7747.9892578125; -1152.38; 8900.37; 0; 0; -0; -0; 0; 3154.41; 2355.56; 4593.58; -4306.78; 0; 0
520149.654; 23; 73089.0371094; -2653107.8857421875; 7747.091796875; -1305.88; 9052.97; 0; 0; -0; -0; 0; 3154.4; 2355.56; 4592.69; -4460.28; 0; 0
520150.654; 23; 73324.2304688; -2660854.0654296875; 7746.1796875; -1235.95; 8982.13; 0; 0; -0; -0; 0; 3154.4; 2355.56; 4591.78; -4390.35; 0; 0
520151.654; 23; 73566.6113281; -2668599.3935546875; 7745.328125; -1273.72; 9019.05; 0; 0; -0; -0; 0; 3154.39; 2355.55; 4590.94; -4428.11; 0; 0
520152.654; 23; 73811.5634766; -2676344.12890625; 7744.7353515625; -1287.23; 9031.97; 0; 0; -0; -0; 0; 3154.39; 2355.55; 4590.35; -4441.62; 0; 0
520153.654; 23; 74047.8056641; -2684088.9306640625; 7744.8017578125; -1241.46; 8986.26; 0; 0; -0; -0; 0; 3154.38; 2355.54; 4590.42; -4395.84; 0; 0
520154.654; 23; 74288.0390625; -2691833.376953125; 7744.4462890625; -1262.44; 9006.88; 0; 0; -0; -0; 0; 3154.37; 2355.54; 4590.07; -4416.81; 0; 0
520155.654; 23; 74526.5976562; -2699578.19921875; 7744.822265625; -1253.63; 8998.46; 0; 0; -0; -0; 0; 3154.37; 2355.53; 4590.45; -4408; 0; 0
520156.654; 23; 74768.2158203; -2707321.77734375; 7743.578125; -1269.71; 9013.29; 0; 0; -0; -0; 0; 3154.36; 2355.53; 4589.22; -4424.07; 0; 0
520157.654; 23; 75006.2333984; -2715064.79296875; 7743.015625; -1250.79; 8993.81; 0; 0; -0; -0; 0; 3154.36; 2355.53; 4588.66; -4405.15; 0; 0
520158.654; 23; 75244.4794922; -2722806.923828125; 7742.130859375; -1251.99; 8994.12; 0; 0; -0; -0; 0; 3154.35; 2355.52; 4587.78; -4406.34; 0; 0
520159.654; 23; 75485.5771484; -2730548.830078125; 7741.90625; -1266.98; 9008.88; 0; 0; -0; -0; 0; 3154.34; 2355.52; 4587.56; -4421.32; 0; 0
520160.654; 23; 75724.9755859; -2738290.65234375; 7741.822265625; -1258.05; 8999.87; 0; 0; -0; -0; 0; 3154.34; 2355.51; 4587.48; -4412.39; 0; 0
520161.654; 23; 75967.6708984; -2746031.2783203125; 7740.6259765625; -1275.37; 9016; 0; 0; -0; -0; 0; 3154.33; 2355.51; 4586.29; -4429.7; 0; 0
520162.654; 23; 76204.7919922; -2753771.923828125; 7740.6455078125; -1246.08; 8986.73; 0; 0; -0; -0; 0; 3154.33; 2355.5; 4586.32; -4400.41; 0; 0
520163.654; 23; 76446.9404297; -2761512.12890625; 7740.205078125; -1272.5; 9012.7; 0; 0; -0; -0; 0; 3154.32; 2355.5; 4585.89; -4426.82; 0; 0
520164.654; 23; 76672.53125; -2769252.591796875; 7740.462890625; -1185.49; 8925.95; 0; 0; -0; -0; 0; 3154.31; 2355.49; 4586.15; -4339.8; 0; 0
520165.654; 23; 76929.3574219; -2776992.4833984375; 7739.8916015625; -1349.63; 9089.52; 0; 0; -0; -0; 0; 3154.31; 2355.49; 4585.59; -4503.94; 0; 0
520166.654; 23; 77159.5566406; -2784731.947265625; 7739.4638671875; -1209.71; 8949.17; 0; 0; -0; -0; 0; 3154.3; 2355.48; 4585.16; -4364; 0; 0
520167.654; 23; 77400.0996094; -2792471.763671875; 7739.81640625; -1264.06; 9003.88; 0; 0; -0; -0; 0; 3154.29; 2355.48; 4585.52; -4418.35; 0; 0
520168.654; 23; 77635.9306641; -2800210.734375; 7738.970703125; -1239.3; 8978.27; 0; 0; -0; -0; 0; 3154.29; 2355.47; 4584.69; -4393.59; 0; 0
520169.654; 23; 77883.3164062; -2807948.810546875; 7738.076171875; -1300.02; 9038.1; 0; 0; -0; -0; 0; 3154.28; 2355.47; 4583.8; -4454.3; 0; 0
520170.654; 23; 78121.5390625; -2815686.28125; 7737.470703125; -1251.87; 8989.34; 0; 0; -0; -0; 0; 3154.27; 2355.46; 4583.2; -4406.14; 0; 0
520171.654; 23; 78357.1376953; -2823424.123046875; 7737.841796875; -1238.08; 8975.92; 0; 0; -0; -0; 0; 3154.26; 2355.46; 4583.58; -4392.34; 0; 0
520172.654; 23; 78599.1435547; -2831162.0078125; 7737.884765625; -1271.75; 9009.63; 0; 0; -0; -0; 0; 3154.26; 2355.45; 4583.63; -4426.01; 0; 0
520173.654; 23; 78844.2783203; -2838899.0888671875; 7737.0810546875; -1288.19; 9025.27; 0; 0; -0; -0; 0; 3154.25; 2355.45; 4582.83; -4442.44; 0; 0
520174.654; 23; 79075.3447266; -2846635.392578125; 7736.3037109375; -1214.26; 8950.57; 0; 0; -0; -0; 0; 3154.24; 2355.44; 4582.06; -4368.5; 0; 0
520175.654; 23; 79314.3486328; -2854371.0390625; 7735.646484375; -1255.97; 8991.62; 0; 0; -0; -0; 0; 3154.23; 2355.44; 4581.41; -4410.21; 0; 0
520176.654; 23; 79559.7011719; -2862105.7822265625; 7734.7431640625; -1289.34; 9024.08; 0; 0; -0; -0; 0; 3154.23; 2355.43; 4580.52; -4443.56; 0; 0
520177.654; 23; 79800.2509766; -2869840.25; 7734.4677734375; -1264.1; 8998.57; 0; 0; -0; -0; 0; 3154.22; 2355.42; 4580.25; -4418.32; 0; 0
520178.654; 23; 80043.40625; -2877574.28515625; 7734.03515625; -1277.79; 9011.82; 0; 0; -0; -0; 0; 3154.21; 2355.42; 4579.82; -4432; 0; 0
520179.654; 23; 80294.8583984; -2885308.1259765625; 7733.8408203125; -1321.39; 9055.23; 0; 0; -0; -0; 0; 3154.2; 2355.41; 4579.64; -4475.59; 0; 0
520180.654; 23; 80518.6708984; -2893041.693359375; 7733.5673828125; -1176.14; 8909.71; 0; 0; -0; -0; 0; 3154.2; 2355.41; 4579.37; -4330.34; 0; 0
520181.654; 23; 80766.3671875; -2900774.8583984375; 7733.1650390625; -1301.65; 9034.82; 0; 0; -0; -0; 0; 3154.19; 2355.4; 4578.98; -4455.84; 0; 0
520182.654; 23; 81005.5507812; -2908507.8330078125; 7732.974609375; -1256.92; 8989.89; 0; 0; -0; -0; 0; 3154.18; 2355.39; 4578.8; -4411.1; 0; 0
520183.654; 23; 81240.0742188; -2916239.982421875; 7732.1494140625; -1232.43; 8964.58; 0; 0; -0; -0; 0; 3154.17; 2355.39; 4577.98; -4386.6; 0; 0
520184.654; 23; 81489.0371094; -2923971.2666015625; 7731.2841796875; -1308.31; 9039.59; 0; 0; -0; -0; 0; 3154.16; 2355.38; 4577.12; -4462.47; 0; 0
520185.654; 23; 81723.8505859; -2931702.4853515625; 7731.21875; -1233.95; 8965.17; 0; 0; -0; -0; 0; 3154.15; 2355.38; 4577.06; -4388.11; 0; 0
520186.654; 23; 81982.0029297; -2939433.1748046875; 7730.689453125; -1356.6; 9087.29; 0; 0; -0; -0; 0; 3154.15; 2355.37; 4576.54; -4510.75; 0; 0
520187.654; 23; 82222.6425781; -2947162.955078125; 7729.7802734375; -1264.57; 8994.35; 0; 0; -0; -0; 0; 3154.14; 2355.36; 4575.64; -4418.71; 0; 0
520188.654; 23; 82463.2373047; -2954892.0966796875; 7729.1416015625; -1264.33; 8993.48; 0; 0; -0; -0; 0; 3154.13; 2355.36; 4575.01; -4418.46; 0; 0
520189.654; 23; 82695.8066406; -2962620.533203125; 7728.4365234375; -1222.16; 8950.6; 0; 0; -0; -0; 0; 3154.12; 2355.35; 4574.32; -4376.28; 0; 0
520190.654; 23; 82939.1123047; -2970348.6142578125; 7728.0810546875; -1278.58; 9006.66; 0; 0; -0; -0; 0; 3154.11; 2355.34; 4573.97; -4432.69; 0; 0
520191.654; 23; 83186.8603516; -2978076.6708984375; 7728.056640625; -1301.92; 9029.98; 0; 0; -0; -0; 0; 3154.1; 2355.34; 4573.95; -4456.03; 0; 0
520192.654; 23; 83421.3251953; -2985804.259765625; 7727.5888671875; -1232.12; 8959.71; 0; 0; -0; -0; 0; 3154.09; 2355.33; 4573.5; -4386.21; 0; 0
520193.654; 23; 83669.4355469; -2993530.9873046875; 7726.7275390625; -1303.83; 9030.56; 0; 0; -0; -0; 0; 3154.08; 2355.32; 4572.64; -4457.91; 0; 0
520194.654; 23; 83915.890625; -3001257.4521484375; 7726.46484375; -1295.13; 9021.6; 0; 0; -0; -0; 0; 3154.07; 2355.32; 4572.39; -4449.2; 0; 0
520195.654; 23; 84159.2539062; -3008983.1474609375; 7725.6953125; -1278.88; 9004.58; 0; 0; -0; -0; 0; 3154.07; 2355.31; 4571.63; -4432.95; 0; 0
520196.654; 23; 84396.2392578; -3016708.9296875; 7725.7822265625; -1245.37; 8971.15; 0; 0; -0; -0; 0; 3154.06; 2355.3; 4571.73; -4399.42; 0; 0
520197.654; 23; 84636.8955078; -3024434.267578125; 7725.337890625; -1264.66; 8990; 0; 0; -0; -0; 0; 3154.05; 2355.29; 4571.29; -4418.7; 0; 0
520198.654; 23; 84882.8349609; -3032159.4501953125; 7725.1826171875; -1292.42; 9017.6; 0; 0; -0; -0; 0; 3154.04; 2355.29; 4571.15; -4446.46; 0; 0
520199.654; 23; 85121.9873047; -3039884.5341796875; 7725.083984375; -1256.75; 8981.84; 0; 0; -0; -0; 0; 3154.03; 2355.28; 4571.06; -4410.78; 0; 0
520200.654; 23; 85357.6005859; -3047608.1025390625; 7723.568359375; -1238.16; 8961.72; 0; 0; -0; -0; 0; 3154.02; 2355.27; 4569.55; -4392.17; 0; 0
520201.654; 23; 85609.7792969; -3055331.6259765625; 7723.5234375; -1325.21; 9048.73; 0; 0; -0; -0; 0; 3154.01; 2355.27; 4569.52; -4479.22; 0; 0
520202.654; 23; 85848.0888672; -3063054.6591796875; 7723.033203125; -1252.33; 8975.36; 0; 0; -0; -0; 0; 3154; 2355.26; 4569.04; -4406.32; 0; 0
520203.654; 23; 86092.8984375; -3070777.7333984375; 7723.07421875; -1286.48; 9009.56; 0; 0; -0; -0; 0; 3153.99; 2355.25; 4569.09; -4440.47; 0; 0
520204.654; 23; 86338.6210938; -3078500.7421875; 7723.0087890625; -1291.28; 9014.29; 0; 0; -0; -0; 0; 3153.98; 2355.24; 4569.03; -4445.26; 0; 0
520205.654; 23; 86579.3681641; -3086222.3857421875; 7721.6435546875; -1265.13; 8986.78; 0; 0; -0; -0; 0; 3153.97; 2355.23; 4567.68; -4419.1; 0; 0
520206.654; 23; 86823.8876953; -3093942.783203125; 7720.3974609375; -1284.96; 9005.36; 0; 0; -0; -0; 0; 3153.96; 2355.23; 4566.44; -4438.92; 0; 0
520207.654; 23; 87066.9775391; -3101663.4541015625; 7720.6708984375; -1277.45; 8998.12; 0; 0; -0; -0; 0; 3153.95; 2355.22; 4566.72; -4431.39; 0; 0
520208.654; 23; 87308.0175781; -3109384.6845703125; 7721.23046875; -1266.67; 8987.9; 0; 0; -0; -0; 0; 3153.94; 2355.21; 4567.29; -4420.61; 0; 0
520209.654; 23; 87557.4404297; -3117105.2578125; 7720.5732421875; -1310.73; 9031.3; 0; 0; -0; -0; 0; 3153.92; 2355.2; 4566.65; -4464.65; 0; 0
520210.654; 23; 87798.5146484; -3124825.4150390625; 7720.1572265625; -1266.85; 8987.01; 0; 0; -0; -0; 0; 3153.91; 2355.2; 4566.24; -4420.77; 0; 0
520211.654; 23; 88046.0634766; -3132545.3701171875; 7719.955078125; -1300.88; 9020.83; 0; 0; -0; -0; 0; 3153.9; 2355.19; 4566.05; -4454.78; 0; 0
520212.654; 23; 88280.4970703; -3140264.6611328125; 7719.291015625; -1231.96; 8951.25; 0; 0; -0; -0; 0; 3153.89; 2355.18; 4565.4; -4385.85; 0; 0
520213.654; 23; 88527.5175781; -3147983.9423828125; 7719.28125; -1298.1; 9017.38; 0; 0; -0; -0; 0; 3153.88; 2355.17; 4565.4; -4451.98; 0; 0
520214.654; 23; 88770.9296875; -3155702.5908203125; 7718.6484375; -1279.14; 8997.79; 0; 0; -0; -0; 0; 3153.87; 2355.16; 4564.78; -4433.01; 0; 0
520215.654; 23; 89012.6582031; -3163420.6494140625; 7718.05859375; -1270.29; 8988.35; 0; 0; -0; -0; 0; 3153.86; 2355.15; 4564.2; -4424.15; 0; 0
520216.654; 23; 89256.71875; -3171138.638671875; 7717.9892578125; -1282.55; 9000.54; 0; 0; -0; -0; 0; 3153.85; 2355.15; 4564.14; -4436.4; 0; 0
520217.654; 23; 89510.2382812; -3178855.7041015625; 7717.0654296875; -1332.25; 9049.32; 0; 0; -0; -0; 0; 3153.84; 2355.14; 4563.23; -4486.09; 0; 0
520218.654; 23; 89754.8925781; -3186572.26171875; 7716.5576171875; -1285.67; 9002.22; 0; 0; -0; -0; 0; 3153.83; 2355.13; 4562.73; -4439.49; 0; 0
520219.654; 23; 89987.8828125; -3194288.6240234375; 7716.3623046875; -1224.37; 8940.73; 0; 0; -0; -0; 0; 3153.81; 2355.12; 4562.55; -4378.19; 0; 0
520220.654; 23; 90240.9726562; -3202004.7099609375; 7716.0859375; -1330; 9046.08; 0; 0; -0; -0; 0; 3153.8; 2355.11; 4562.28; -4483.8; 0; 0
520221.654; 23; 90480.0859375; -3209720.0048828125; 7715.294921875; -1256.55; 8971.84; 0; 0; -0; -0; 0; 3153.79; 2355.1; 4561.5; -4410.34; 0; 0
520222.654; 23; 90733.2158203; -3217435.0283203125; 7715.0234375; -1330.21; 9045.23; 0; 0; -0; -0; 0; 3153.78; 2355.09; 4561.24; -4483.99; 0; 0
520223.654; 23; 90970.0996094; -3225149.4765625; 7714.4482421875; -1244.83; 8959.28; 0; 0; -0; -0; 0; 3153.77; 2355.09; 4560.68; -4398.6; 0; 0
520224.654; 23; 91211.6787109; -3232863.7880859375; 7714.3115234375; -1269.51; 8983.82; 0; 0; -0; -0; 0; 3153.76; 2355.08; 4560.56; -4423.26; 0; 0
520225.654; 23; 91470.8242188; -3240577.115234375; 7713.3271484375; -1361.82; 9075.15; 0; 0; -0; -0; 0; 3153.74; 2355.07; 4559.58; -4515.56; 0; 0
520226.654; 23; 91711.4960938; -3248290.0458984375; 7712.9306640625; -1264.74; 8977.67; 0; 0; -0; -0; 0; 3153.73; 2355.06; 4559.2; -4418.47; 0; 0
520227.654; 23; 91955.4082031; -3256002.201171875; 7712.1552734375; -1281.77; 8993.92; 0; 0; -0; -0; 0; 3153.72; 2355.05; 4558.44; -4435.49; 0; 0
520228.654; 23; 92194.3007812; -3263714.6005859375; 7712.3994140625; -1255.39; 8967.79; 0; 0; -0; -0; 0; 3153.71; 2355.04; 4558.69; -4409.1; 0; 0
520229.654; 23; 92444.4453125; -3271426.3603515625; 7711.759765625; -1314.52; 9026.28; 0; 0; -0; -0; 0; 3153.69; 2355.03; 4558.07; -4468.21; 0; 0
520230.654; 23; 92683.1337891; -3279138.0830078125; 7711.72265625; -1254.32; 8966.04; 0; 0; -0; -0; 0; 3153.68; 2355.02; 4558.04; -4408; 0; 0
520231.654; 23; 92940.2451172; -3286848.841796875; 7710.7587890625; -1351.13; 9061.89; 0; 0; -0; -0; 0; 3153.67; 2355.01; 4557.09; -4504.8; 0; 0
520232.654; 23; 93180.2011719; -3294558.9541015625; 7710.1123046875; -1260.98; 8971.09; 0; 0; -0; -0; 0; 3153.66; 2355; 4556.46; -4414.63; 0; 0
520233.654; 23; 93419.0566406; -3302268.427734375; 7709.4736328125; -1255.19; 8964.67; 0; 0; -0; -0; 0; 3153.64; 2354.99; 4555.83; -4408.84; 0; 0
520234.654; 23; 93668.0888672; -3309978.212890625; 7709.78515625; -1308.67; 9018.46; 0; 0; -0; -0; 0; 3153.63; 2354.98; 4556.15; -4462.3; 0; 0
520235.654; 23; 93915.5947266; -3317687.4365234375; 7709.2236328125; -1300.65; 9009.88; 0; 0; -0; -0; 0; 3153.62; 2354.97; 4555.61; -4454.27; 0; 0
520236.654; 23; 94160.703125; -3325396.568359375; 7709.1318359375; -1288.05; 8997.19; 0; 0; -0; -0; 0; 3153.61; 2354.96; 4555.53; -4441.66; 0; 0
520237.654; 23; 94399.3613281; -3333105.0986328125; 7708.5302734375; -1254.16; 8962.69; 0; 0; -0; -0; 0; 3153.59; 2354.96; 4554.94; -4407.75; 0; 0
520238.654; 23; 94648.71875; -3340812.8046875; 7707.7060546875; -1310.38; 9018.09; 0; 0; -0; -0; 0; 3153.58; 2354.95; 4554.13; -4463.96; 0; 0
520239.654; 23; 94896.1923828; -3348520.2587890625; 7707.4541015625; -1300.48; 9007.94; 0; 0; -0; -0; 0; 3153.57; 2354.94; 4553.89; -4454.05; 0; 0
520240.654; 23; 95149.4951172; -3356227.5673828125; 7707.30859375; -1331.11; 9038.42; 0; 0; -0; -0; 0; 3153.55; 2354.93; 4553.76; -4484.67; 0; 0
520241.654; 23; 95388.4335938; -3363934.869140625; 7707.3017578125; -1255.63; 8962.93; 0; 0; -0; -0; 0; 3153.54; 2354.92; 4553.76; -4409.17; 0; 0
520242.654; 23; 95636.5537109; -3371641.65234375; 7706.783203125; -1303.88; 9010.66; 0; 0; -0; -0; 0; 3153.53; 2354.91; 4553.26; -4457.41; 0; 0
520243.654; 23; 95884.9648438; -3379347.556640625; 7705.904296875; -1305.41; 9011.31; 0; 0; -0; -0; 0; 3153.51; 2354.89; 4552.39; -4458.92; 0; 0
520244.654; 23; 96126.4765625; -3387053.3525390625; 7705.7958984375; -1269.15; 8974.95; 0; 0; -0; -0; 0; 3153.5; 2354.88; 4552.3; -4422.65; 0; 0
520245.654; 23; 96377.296875; -3394758.98046875; 7705.6279296875; -1318.07; 9023.7; 0; 0; -0; -0; 0; 3153.48; 2354.87; 4552.14; -4471.55; 0; 0
520246.654; 23; 96619.2558594; -3402463.3623046875; 7704.3818359375; -1271.5; 8975.88; 0; 0; -0; -0; 0; 3153.47; 2354.86; 4550.91; -4424.97; 0; 0
520247.654; 23; 96867.8955078; -3410167.1064453125; 7703.744140625; -1306.61; 9010.35; 0; 0; -0; -0; 0; 3153.46; 2354.85; 4550.29; -4460.07; 0; 0
520248.654; 23; 97112.2255859; -3417870.5732421875; 7703.466796875; -1283.96; 8987.43; 0; 0; -0; -0; 0; 3153.44; 2354.84; 4550.03; -4437.41; 0; 0
520249.654; 23; 97362.8339844; -3425573.5048828125; 7702.931640625; -1316.96; 9019.89; 0; 0; -0; -0; 0; 3153.43; 2354.83; 4549.5; -4470.38; 0; 0
520250.654; 23; 97607.5615234; -3433275.9052734375; 7702.400390625; -1286.05; 8988.45; 0; 0; -0; -0; 0; 3153.41; 2354.82; 4548.99; -4439.47; 0; 0
520251.654; 23; 97851.5664062; -3440978.1435546875; 7702.23828125; -1282.25; 8984.49; 0; 0; -0; -0; 0; 3153.4; 2354.81; 4548.84; -4435.65; 0; 0
520252.654; 23; 98105.7265625; -3448679.77734375; 7701.6337890625; -1335.62; 9037.25; 0; 0; -0; -0; 0; 3153.38; 2354.8; 4548.25; -4489.01; 0; 0
520253.654; 23; 98344.3164062; -3456380.99609375; 7701.21875; -1253.8; 8955.02; 0; 0; -0; -0; 0; 3153.37; 2354.79; 4547.85; -4407.17; 0; 0
520254.654; 23; 98594.8447266; -3464082.3857421875; 7701.3896484375; -1316.54; 9017.92; 0; 0; -0; -0; 0; 3153.36; 2354.78; 4548.03; -4469.89; 0; 0
520255.654; 23; 98846.2753906; -3471783.97265625; 7701.5869140625; -1321.28; 9022.86; 0; 0; -0; -0; 0; 3153.34; 2354.77; 4548.25; -4474.62; 0; 0
520256.654; 23; 99089.1865234; -3479484.68359375; 7700.7109375; -1276.51; 8977.22; 0; 0; -0; -0; 0; 3153.33; 2354.76; 4547.39; -4429.83; 0; 0
520257.654; 23; 99339.4013672; -3487185.50390625; 7700.8203125; -1314.89; 9015.71; 0; 0; -0; -0; 0; 3153.31; 2354.75; 4547.51; -4468.2; 0; 0
520258.654; 23; 99578.5273438; -3494885.869140625; 7700.365234375; -1256.62; 8956.98; 0; 0; -0; -0; 0; 3153.3; 2354.73; 4547.07; -4409.91; 0; 0
520259.654; 23; 99834.4501953; -3502585.4130859375; 7699.5439453125; -1344.88; 9044.43; 0; 0; -0; -0; 0; 3153.28; 2354.72; 4546.26; -4498.16; 0; 0
520260.654; 23; 100077.547852; -3510285.439453125; 7700.0263671875; -1277.49; 8977.51; 0; 0; -0; -0; 0; 3153.27; 2354.71; 4546.76; -4430.75; 0; 0
520261.654; 23; 100325.179688; -3517984.791015625; 7699.3515625; -1301.31; 9000.67; 0; 0; -0; -0; 0; 3153.25; 2354.7; 4546.1; -4454.56; 0; 0
520262.654; 23; 100579.854492; -3525683.548828125; 7698.7578125; -1338.33; 9037.08; 0; 0; -0; -0; 0; 3153.24; 2354.69; 4545.52; -4491.56; 0; 0
520263.654; 23; 100820.217773; -3533382.1630859375; 7698.6142578125; -1263.12; 8961.73; 0; 0; -0; -0; 0; 3153.22; 2354.68; 4545.39; -4416.34; 0; 0
520264.654; 23; 101070.59375; -3541080.41796875; 7698.2548828125; -1315.73; 9013.99; 0; 0; -0; -0; 0; 3153.2; 2354.67; 4545.05; -4468.94; 0; 0
520265.654; 23; 101315.677734; -3548778.0322265625; 7697.6142578125; -1287.93; 8985.54; 0; 0; -0; -0; 0; 3153.19; 2354.65; 4544.43; -4441.11; 0; 0
520266.654; 23; 101578.142578; -3556475.8955078125; 7697.86328125; -1379.26; 9077.13; 0; 0; -0; -0; 0; 3153.17; 2354.64; 4544.69; -4532.43; 0; 0
520267.654; 23; 101811.698242; -3564172.3916015625; 7696.49609375; -1227.34; 8923.84; 0; 0; -0; -0; 0; 3153.16; 2354.63; 4543.34; -4380.5; 0; 0
520268.654; 23; 102062.787109; -3571869.10546875; 7696.7138671875; -1319.48; 9016.19; 0; 0; -0; -0; 0; 3153.14; 2354.62; 4543.57; -4472.62; 0; 0
520269.654; 23; 102311.75; -3579565.2548828125; 7696.1494140625; -1308.31; 9004.46; 0; 0; -0; -0; 0; 3153.13; 2354.61; 4543.02; -4461.43; 0; 0
520270.654; 23; 102563.896484; -3587260.880859375; 7695.6259765625; -1325.04; 9020.66; 0; 0; -0; -0; 0; 3153.11; 2354.59; 4542.52; -4478.15; 0; 0
520271.654; 23; 102802.455078; -3594955.283203125; 7694.40234375; -1253.63; 8948.04; 0; 0; -0; -0; 0; 3153.09; 2354.58; 4541.31; -4406.73; 0; 0
520272.654; 23; 103056.207031; -3602649.2685546875; 7693.9853515625; -1333.48; 9027.46; 0; 0; -0; -0; 0; 3153.08; 2354.57; 4540.91; -4486.55; 0; 0
520273.654; 23; 103297.820312; -3610342.9111328125; 7693.642578125; -1269.69; 8963.33; 0; 0; -0; -0; 0; 3153.06; 2354.56; 4540.58; -4422.75; 0; 0
520274.654; 23; 103556.405273; -3618036.146484375; 7693.2353515625; -1358.87; 9052.11; 0; 0; -0; -0; 0; 3153.04; 2354.55; 4540.19; -4511.92; 0; 0
520275.654; 23; 103796.242188; -3625729.23828125; 7693.091796875; -1260.35; 8953.44; 0; 0; -0; -0; 0; 3153.03; 2354.53; 4540.06; -4413.38; 0; 0
520276.654; 23; 104055.736328; -3633421.8681640625; 7692.6298828125; -1363.65; 9056.28; 0; 0; -0; -0; 0; 3153.01; 2354.52; 4539.62; -4516.66; 0; 0
520277.654; 23; 104297.518555; -3641114.2255859375; 7692.357421875; -1270.57; 8962.93; 0; 0; -0; -0; 0; 3152.99; 2354.51; 4539.36; -4423.57; 0; 0
520278.654; 23; 104545.34082; -3648807.4033203125; 7693.177734375; -1302.31; 8995.49; 0; 0; -0; -0; 0; 3152.98; 2354.5; 4540.2; -4455.29; 0; 0
520279.654; 23; 104797.457031; -3656498.8955078125; 7691.4921875; -1324.88; 9016.37; 0; 0; -0; -0; 0; 3152.96; 2354.48; 4538.53; -4477.84; 0; 0
520280.654; 23; 105046.057617; -3664188.94140625; 7690.0458984375; -1306.4; 8996.45; 0; 0; -0; -0; 0; 3152.94; 2354.47; 4537.1; -4459.35; 0; 0
520281.654; 23; 105297.115234; -3671878.310546875; 7689.369140625; -1319.32; 9008.69; 0; 0; -0; -0; 0; 3152.93; 2354.46; 4536.44; -4472.24; 0; 0
520282.654; 23; 105542.650391; -3679567.623046875; 7689.3125; -1290.3; 8979.61; 0; 0; -0; -0; 0; 3152.91; 2354.45; 4536.4; -4443.2; 0; 0
520283.654; 23; 105793.030273; -3687257.1396484375; 7689.5166015625; -1315.76; 9005.27; 0; 0; -0; -0; 0; 3152.89; 2354.43; 4536.62; -4468.65; 0; 0
520284.654; 23; 106047.000977; -3694946.5302734375; 7689.390625; -1334.63; 9024.02; 0; 0; -0; -0; 0; 3152.87; 2354.42; 4536.52; -4487.5; 0; 0
520285.654; 23; 106292.40332; -3702635.119140625; 7688.5888671875; -1289.6; 8978.19; 0; 0; -0; -0; 0; 3152.86; 2354.41; 4535.73; -4442.45; 0; 0
520286.654; 23; 106547.479492; -3710322.2802734375; 7687.1611328125; -1340.43; 9027.6; 0; 0; -0; -0; 0; 3152.84; 2354.39; 4534.32; -4493.27; 0; 0
520287.654; 23; 106794.292969; -3718008.9296875; 7686.6494140625; -1297.01; 8983.66; 0; 0; -0; -0; 0; 3152.82; 2354.38; 4533.83; -4449.84; 0; 0
520288.654; 23; 107047.724609; -3725694.9990234375; 7686.0693359375; -1331.79; 9017.86; 0; 0; -0; -0; 0; 3152.8; 2354.37; 4533.27; -4484.6; 0; 0
520289.654; 23; 107293.832031; -3733380.6044921875; 7685.60546875; -1293.3; 8978.91; 0; 0; -0; -0; 0; 3152.79; 2354.35; 4532.82; -4446.09; 0; 0
520290.654; 23; 107552.71582; -3741065.3701171875; 7684.765625; -1360.44; 9045.21; 0; 0; -0; -0; 0; 3152.77; 2354.34; 4532; -4513.21; 0; 0
520291.654; 23; 107791.308594; -3748749.826171875; 7684.4560546875; -1253.81; 8938.27; 0; 0; -0; -0; 0; 3152.75; 2354.33; 4531.71; -4406.56; 0; 0
520292.654; 23; 108045.412109; -3756433.9677734375; 7684.1416015625; -1335.32; 9019.46; 0; 0; -0; -0; 0; 3152.73; 2354.31; 4531.41; -4488.06; 0; 0
520293.654; 23; 108295.635742; -3764116.8515625; 7682.8837890625; -1314.93; 8997.82; 0; 0; -0; -0; 0; 3152.71; 2354.3; 4530.17; -4467.65; 0; 0
520294.654; 23; 108546.617188; -3771799.544921875; 7682.693359375; -1318.92; 9001.61; 0; 0; -0; -0; 0; 3152.7; 2354.29; 4530; -4471.61; 0; 0
520295.654; 23; 108799.539062; -3779482.5986328125; 7683.0537109375; -1329.11; 9012.17; 0; 0; -0; -0; 0; 3152.68; 2354.27; 4530.38; -4481.79; 0; 0
520296.654; 23; 109048.000977; -3787164.84765625; 7682.2490234375; -1305.68; 8987.93; 0; 0; -0; -0; 0; 3152.66; 2354.26; 4529.59; -4458.34; 0; 0
520297.654; 23; 109294.583008; -3794846.2158203125; 7681.3681640625; -1295.8; 8977.17; 0; 0; -0; -0; 0; 3152.64; 2354.24; 4528.73; -4448.44; 0; 0
520298.654; 23; 109549.273438; -3802527.1162109375; 7680.900390625; -1338.41; 9019.31; 0; 0; -0; -0; 0; 3152.62; 2354.23; 4528.28; -4491.03; 0; 0
520299.654; 23; 109801.259766; -3810207.279296875; 7680.1630859375; -1324.2; 9004.36; 0; 0; -0; -0; 0; 3152.6; 2354.22; 4527.56; -4476.8; 0; 0
520300.654; 23; 110050.367188; -3817886.837890625; 7679.55859375; -1309.07; 8988.63; 0; 0; -0; -0; 0; 3152.58; 2354.2; 4526.97; -4461.65; 0; 0
520301.654; 23; 110303.750977; -3825566.482421875; 7679.64453125; -1331.54; 9011.19; 0; 0; -0; -0; 0; 3152.57; 2354.19; 4527.08; -4484.11; 0; 0
520302.654; 23; 110555.976562; -3833246.2607421875; 7679.7783203125; -1325.45; 9005.23; 0; 0; -0; -0; 0; 3152.55; 2354.17; 4527.23; -4478; 0; 0
520303.654; 23; 110801.025391; -3840925.615234375; 7679.3544921875; -1287.74; 8967.09; 0; 0; -0; -0; 0; 3152.53; 2354.16; 4526.83; -4440.27; 0; 0
520304.654; 23; 111057.62207; -3848604.6669921875; 7679.0517578125; -1348.42; 9027.48; 0; 0; -0; -0; 0; 3152.51; 2354.15; 4526.54; -4500.93; 0; 0
520305.654; 23; 111306.196289; -3856282.7177734375; 7678.05078125; -1306.27; 8984.32; 0; 0; -0; -0; 0; 3152.49; 2354.13; 4525.56; -4458.76; 0; 0
520306.654; 23; 111561.191406; -3863961.2255859375; 7678.5078125; -1340.01; 9018.52; 0; 0; -0; -0; 0; 3152.47; 2354.12; 4526.04; -4492.48; 0; 0
520307.654; 23; 111805.981445; -3871638.841796875; 7677.6162109375; -1286.38; 8964; 0; 0; -0; -0; 0; 3152.45; 2354.1; 4525.17; -4438.83; 0; 0
520308.654; 23; 112063.630859; -3879316.09375; 7677.251953125; -1353.96; 9031.21; 0; 0; -0; -0; 0; 3152.43; 2354.09; 4524.82; -4506.39; 0; 0
520309.654; 23; 112313.950195; -3886992.970703125; 7676.876953125; -1315.44; 8992.31; 0; 0; -0; -0; 0; 3152.41; 2354.07; 4524.47; -4467.85; 0; 0
520310.654; 23; 112574.661133; -3894669.0986328125; 7676.1279296875; -1370.05; 9046.17; 0; 0; -0; -0; 0; 3152.39; 2354.06; 4523.74; -4522.44; 0; 0
520311.654; 23; 112821.533203; -3902344.7802734375; 7675.681640625; -1297.32; 8973; 0; 0; -0; -0; 0; 3152.37; 2354.04; 4523.31; -4449.69; 0; 0
520312.654; 23; 113070.84668; -3910020.1796875; 7675.3994140625; -1310.15; 8985.55; 0; 0; -0; -0; 0; 3152.35; 2354.03; 4523.05; -4462.5; 0; 0
520313.654; 23; 113321.017578; -3917695.056640625; 7674.876953125; -1314.66; 8989.53; 0; 0; -0; -0; 0; 3152.33; 2354.01; 4522.54; -4466.99; 0; 0
520314.654; 23; 113571.764648; -3925369.837890625; 7674.78125; -1317.68; 8992.47; 0; 0; -0; -0; 0; 3152.31; 2354; 4522.47; -4470; 0; 0
520315.654; 23; 113833.243164; -3933044.2275390625; 7674.3896484375; -1374.08; 9048.47; 0; 0; -0; -0; 0; 3152.29; 2353.98; 4522.1; -4526.37; 0; 0
520316.654; 23; 114076.53418; -3940718.1767578125; 7673.94921875; -1278.5; 8952.45; 0; 0; -0; -0; 0; 3152.27; 2353.97; 4521.68; -4430.77; 0; 0
520317.654; 23; 114336.907227; -3948391.595703125; 7673.4189453125; -1368.27; 9041.69; 0; 0; -0; -0; 0; 3152.25; 2353.95; 4521.17; -4520.52; 0; 0
520318.654; 23; 114586.636719; -3956064.865234375; 7673.26953125; -1312.34; 8985.61; 0; 0; -0; -0; 0; 3152.23; 2353.94; 4521.04; -4464.57; 0; 0
520319.654; 23; 114837.886719; -3963738.19921875; 7673.333984375; -1320.33; 8993.66; 0; 0; -0; -0; 0; 3152.21; 2353.92; 4521.12; -4472.54; 0; 0
520320.654; 23; 115090.15332; -3971410.2548828125; 7672.0556640625; -1325.67; 8997.73; 0; 0; -0; -0; 0; 3152.19; 2353.91; 4519.87; -4477.86; 0; 0
520321.654; 23; 115340.5625; -3979082.509765625; 7672.2548828125; -1315.91; 8988.16; 0; 0; -0; -0; 0; 3152.17; 2353.89; 4520.09; -4468.08; 0; 0
520322.654; 23; 115596.029297; -3986754.9560546875; 7672.4462890625; -1342.49; 9014.93; 0; 0; -0; -0; 0; 3152.15; 2353.88; 4520.3; -4494.64; 0; 0
520323.654; 23; 115848.202148; -3994426.994140625; 7672.0380859375; -1325.18; 8997.22; 0; 0; -0; -0; 0; 3152.13; 2353.86; 4519.91; -4477.3; 0; 0
520324.654; 23; 116098.242188; -4002098.43359375; 7671.439453125; -1313.97; 8985.41; 0; 0; -0; -0; 0; 3152.11; 2353.85; 4519.33; -4466.08; 0; 0
520325.654; 23; 116350.217773; -4009769.3876953125; 7670.9541015625; -1324.14; 8995.09; 0; 0; -0; -0; 0; 3152.09; 2353.83; 4518.87; -4476.23; 0; 0
520326.654; 23; 116610.691406; -4017440.0732421875; 7670.685546875; -1368.8; 9039.48; 0; 0; -0; -0; 0; 3152.06; 2353.81; 4518.62; -4520.86; 0; 0
520327.654; 23; 116856.317383; -4025109.8740234375; 7669.80078125; -1290.77; 8960.57; 0; 0; -0; -0; 0; 3152.04; 2353.8; 4517.76; -4442.82; 0; 0
520328.654; 23; 117117.657227; -4032779.734375; 7669.8603515625; -1373.35; 9043.21; 0; 0; -0; -0; 0; 3152.02; 2353.78; 4517.84; -4525.37; 0; 0
520329.654; 23; 117367.070312; -4040449.009765625; 7669.275390625; -1310.67; 8979.95; 0; 0; -0; -0; 0; 3152; 2353.77; 4517.27; -4462.68; 0; 0
520330.654; 23; 117618.400391; -4048117.8349609375; 7668.8251953125; -1320.75; 8989.57; 0; 0; -0; -0; 0; 3151.98; 2353.75; 4516.85; -4472.73; 0; 0
520331.654; 23; 117873.158203; -4055786.3828125; 7668.5478515625; -1338.76; 9007.31; 0; 0; -0; -0; 0; 3151.96; 2353.73; 4516.59; -4490.72; 0; 0
520332.654; 23; 118132.600586; -4063454.3671875; 7667.984375; -1363.38; 9031.36; 0; 0; -0; -0; 0; 3151.94; 2353.72; 4516.05; -4515.31; 0; 0
520333.654; 23; 118374.091797; -4071121.9599609375; 7667.5927734375; -1269.04; 8936.64; 0; 0; -0; -0; 0; 3151.91; 2353.7; 4515.68; -4420.96; 0; 0
520334.654; 23; 118627.618164; -4078789.1123046875; 7667.15234375; -1332.29; 8999.44; 0; 0; -0; -0; 0; 3151.89; 2353.69; 4515.26; -4484.18; 0; 0
520335.654; 23; 118887.529297; -4086455.958984375; 7666.8466796875; -1365.84; 9032.69; 0; 0; -0; -0; 0; 3151.87; 2353.67; 4514.98; -4517.71; 0; 0
520336.654; 23; 119136.459961; -4094122.255859375; 7666.296875; -1308.14; 8974.44; 0; 0; -0; -0; 0; 3151.85; 2353.65; 4514.45; -4459.99; 0; 0
520337.654; 23; 119397.567383; -4101787.9501953125; 7665.6943359375; -1372.13; 9037.82; 0; 0; -0; -0; 0; 3151.83; 2353.64; 4513.87; -4523.95; 0; 0
520338.654; 23; 119642.107422; -4109453.16015625; 7665.2099609375; -1285.07; 8950.28; 0; 0; -0; -0; 0; 3151.8; 2353.62; 4513.41; -4436.87; 0; 0
520339.654; 23; 119904.631836; -4117117.841796875; 7664.681640625; -1379.58; 9044.26; 0; 0; -0; -0; 0; 3151.78; 2353.6; 4512.9; -4531.36; 0; 0
520340.654; 23; 120164.255859; -4124781.32421875; 7663.482421875; -1364.33; 9027.82; 0; 0; -0; -0; 0; 3151.76; 2353.59; 4511.72; -4516.09; 0; 0
520341.654; 23; 120409.701172; -4132445.28125; 7663.95703125; -1289.82; 8953.78; 0; 0; -0; -0; 0; 3151.74; 2353.57; 4512.22; -4441.56; 0; 0
520342.654; 23; 120661.477539; -4140109.6396484375; 7664.3583984375; -1323.09; 8987.45; 0; 0; -0; -0; 0; 3151.71; 2353.55; 4512.64; -4474.81; 0; 0
520343.654; 23; 120922.339844; -4147773.7080078125; 7664.068359375; -1370.84; 9034.91; 0; 0; -0; -0; 0; 3151.69; 2353.54; 4512.38; -4522.53; 0; 0
520344.654; 23; 121178.709961; -4155436.73046875; 7663.0224609375; -1347.23; 9010.26; 0; 0; -0; -0; 0; 3151.67; 2353.52; 4511.35; -4498.9; 0; 0
520345.654; 23; 121425.837891; -4163099.2919921875; 7662.5615234375; -1298.67; 8961.23; 0; 0; -0; -0; 0; 3151.65; 2353.5; 4510.92; -4450.31; 0; 0
520346.654; 23; 121683.432617; -4170761.4599609375; 7662.16796875; -1353.67; 9015.84; 0; 0; -0; -0; 0; 3151.62; 2353.48; 4510.55; -4505.29; 0; 0
520347.654; 23; 121941.001953; -4178423.4755859375; 7662.015625; -1353.54; 9015.55; 0; 0; -0; -0; 0; 3151.6; 2353.47; 4510.42; -4505.14; 0; 0
520348.654; 23; 122189.931641; -4186085.2587890625; 7661.783203125; -1308.13; 8969.92; 0; 0; -0; -0; 0; 3151.58; 2353.45; 4510.21; -4459.71; 0; 0
520349.654; 23; 122452.900391; -4193745.9990234375; 7660.740234375; -1381.91; 9042.65; 0; 0; -0; -0; 0; 3151.55; 2353.43; 4509.19; -4533.46; 0; 0
520350.654; 23; 122698.779297; -4201406.6650390625; 7660.666015625; -1292.1; 8952.77; 0; 0; -0; -0; 0; 3151.53; 2353.42; 4509.14; -4443.63; 0; 0
520351.654; 23; 122953.152344; -4209066.3046875; 7659.6396484375; -1336.74; 8996.38; 0; 0; -0; -0; 0; 3151.51; 2353.4; 4508.13; -4488.25; 0; 0
520352.654; 23; 123214.477539; -4216725.8701171875; 7659.5654296875; -1373.27; 9032.84; 0; 0; -0; -0; 0; 3151.48; 2353.38; 4508.08; -4524.76; 0; 0
520353.654; 23; 123469.410156; -4224385.154296875; 7659.2841796875; -1339.68; 8998.96; 0; 0; -0; -0; 0; 3151.46; 2353.36; 4507.82; -4491.14; 0; 0
520354.654; 23; 123717.695312; -4232044.6240234375; 7659.4697265625; -1304.75; 8964.22; 0; 0; -0; -0; 0; 3151.44; 2353.35; 4508.03; -4456.18; 0; 0
520355.654; 23; 123982.139648; -4239702.923828125; 7658.2998046875; -1389.66; 9047.96; 0; 0; -0; -0; 0; 3151.41; 2353.33; 4506.89; -4541.08; 0; 0
520356.654; 23; 124226.458008; -4247360.7998046875; 7657.8759765625; -1283.9; 8941.78; 0; 0; -0; -0; 0; 3151.39; 2353.31; 4506.49; -4435.29; 0; 0
520357.654; 23; 124493.648438; -4255017.6689453125; 7656.869140625; -1404.1; 9060.96; 0; 0; -0; -0; 0; 3151.36; 2353.29; 4505.5; -4555.46; 0; 0
520358.654; 23; 124734.720703; -4262674.1171875; 7656.4482421875; -1266.84; 8923.29; 0; 0; -0; -0; 0; 3151.34; 2353.27; 4505.11; -4418.18; 0; 0
520359.654; 23; 125003.292969; -4270330.013671875; 7655.896484375; -1411.36; 9067.25; 0; 0; -0; -0; 0; 3151.32; 2353.26; 4504.58; -4562.67; 0; 0
520360.654; 23; 125259.374023; -4277985.8642578125; 7655.8505859375; -1345.72; 9001.57; 0; 0; -0; -0; 0; 3151.29; 2353.24; 4504.56; -4497.01; 0; 0
520361.654; 23; 125508.21582; -4285640.3203125; 7654.4560546875; -1307.67; 8962.13; 0; 0; -0; -0; 0; 3151.27; 2353.22; 4503.19; -4458.94; 0; 0
520362.654; 23; 125759.694336; -4293294.30078125; 7653.98046875; -1321.53; 8975.51; 0; 0; -0; -0; 0; 3151.24; 2353.2; 4502.74; -4472.77; 0; 0
520363.654; 23; 126023.166992; -4300947.947265625; 7653.646484375; -1384.56; 9038.2; 0; 0; -0; -0; 0; 3151.22; 2353.18; 4502.43; -4535.78; 0; 0
520364.654; 23; 126282.087891; -4308601.5576171875; 7653.6103515625; -1360.64; 9014.25; 0; 0; -0; -0; 0; 3151.19; 2353.16; 4502.42; -4511.83; 0; 0
520365.654; 23; 126541.310547; -4316255.138671875; 7653.5810546875; -1362.22; 9015.81; 0; 0; -0; -0; 0; 3151.17; 2353.15; 4502.41; -4513.39; 0; 0
520366.654; 23; 126793.518555; -4323909.087890625; 7653.94921875; -1325.36; 8979.31; 0; 0; -0; -0; 0; 3151.14; 2353.13; 4502.8; -4476.51; 0; 0
520367.654; 23; 127048.383789; -4331562.3134765625; 7653.2255859375; -1339.33; 8992.55; 0; 0; -0; -0; 0; 3151.12; 2353.11; 4502.11; -4490.45; 0; 0
520368.654; 23; 127305.345703; -4339214.8525390625; 7652.5390625; -1350.34; 9002.88; 0; 0; -0; -0; 0; 3151.1; 2353.09; 4501.44; -4501.44; 0; 0
520369.654; 23; 127559.884766; -4346867.580078125; 7652.7275390625; -1337.61; 8990.34; 0; 0; -0; -0; 0; 3151.07; 2353.07; 4501.66; -4488.68; 0; 0
520370.654; 23; 127818.571289; -4354519.615234375; 7652.03515625; -1359.41; 9011.44; 0; 0; -0; -0; 0; 3151.04; 2353.05; 4500.99; -4510.45; 0; 0
520371.654; 23; 128073.758789; -4362170.619140625; 7651.00390625; -1341.02; 8992.02; 0; 0; -0; -0; 0; 3151.02; 2353.03; 4499.98; -4492.04; 0; 0
520372.654; 23; 128336.092773; -4369821.2509765625; 7650.6318359375; -1378.57; 9029.21; 0; 0; -0; -0; 0; 3150.99; 2353.02; 4499.64; -4529.57; 0; 0
520373.654; 23; 128584.865234; -4377471.74609375; 7650.4951171875; -1307.31; 8957.8; 0; 0; -0; -0; 0; 3150.97; 2353; 4499.53; -4458.28; 0; 0
520374.654; 23; 128850.821289; -4385121.9970703125; 7650.2509765625; -1397.61; 9047.86; 0; 0; -0; -0; 0; 3150.94; 2352.98; 4499.31; -4548.55; 0; 0
520375.654; 23; 129105.123047; -4392771.94921875; 7649.9521484375; -1336.36; 8986.32; 0; 0; -0; -0; 0; 3150.92; 2352.96; 4499.03; -4487.28; 0; 0
520376.654; 23; 129355.719727; -4400421.0869140625; 7649.1376953125; -1316.89; 8966.03; 0; 0; -0; -0; 0; 3150.89; 2352.94; 4498.25; -4467.79; 0; 0
520377.654; 23; 129614.929688; -4408071.0048828125; 7649.91796875; -1362.16; 9012.08; 0; 0; -0; -0; 0; 3150.87; 2352.92; 4499.05; -4513.02; 0; 0
520378.654; 23; 129873.161133; -4415720.6513671875; 7649.646484375; -1357.02; 9006.66; 0; 0; -0; -0; 0; 3150.84; 2352.9; 4498.81; -4507.86; 0; 0
520379.654; 23; 130132.68457; -4423369.3515625; 7648.7001953125; -1363.8; 9012.51; 0; 0; -0; -0; 0; 3150.81; 2352.88; 4497.89; -4514.62; 0; 0
520380.654; 23; 130396.610352; -4431018.126953125; 7648.775390625; -1386.94; 9035.71; 0; 0; -0; -0; 0; 3150.79; 2352.86; 4497.99; -4537.73; 0; 0
520381.654; 23; 130641.791992; -4438666.310546875; 7648.18359375; -1288.44; 8936.62; 0; 0; -0; -0; 0; 3150.76; 2352.84; 4497.42; -4439.2; 0; 0
520382.654; 23; 130902.789062; -4446312.5625; 7646.251953125; -1371.55; 9017.8; 0; 0; -0; -0; 0; 3150.74; 2352.82; 4495.52; -4522.29; 0; 0
520383.654; 23; 131158.310547; -4453958.705078125; 7646.142578125; -1342.77; 8988.92; 0; 0; -0; -0; 0; 3150.71; 2352.8; 4495.43; -4493.48; 0; 0
520384.654; 23; 131417.249023; -4461604.7646484375; 7646.0595703125; -1360.73; 9006.79; 0; 0; -0; -0; 0; 3150.68; 2352.78; 4495.38; -4511.41; 0; 0
520385.654; 23; 131682.478516; -4469250.2939453125; 7645.529296875; -1393.79; 9039.32; 0; 0; -0; -0; 0; 3150.66; 2352.76; 4494.87; -4544.45; 0; 0
520386.654; 23; 131933.172852; -4476895.400390625; 7645.1064453125; -1317.41; 8962.51; 0; 0; -0; -0; 0; 3150.63; 2352.74; 4494.48; -4468.04; 0; 0
520387.654; 23; 132194.374023; -4484539.83203125; 7644.431640625; -1372.62; 9017.05; 0; 0; -0; -0; 0; 3150.6; 2352.72; 4493.83; -4523.23; 0; 0
520388.654; 23; 132443.44043; -4492183.916015625; 7644.083984375; -1308.85; 8952.94; 0; 0; -0; -0; 0; 3150.58; 2352.7; 4493.51; -4459.43; 0; 0
520389.654; 23; 132707.310547; -4499827.638671875; 7643.72265625; -1386.65; 9030.37; 0; 0; -0; -0; 0; 3150.55; 2352.68; 4493.17; -4537.2; 0; 0
520390.654; 23; 132970.897461; -4507472.28125; 7644.642578125; -1385.16; 9029.8; 0; 0; -0; -0; 0; 3150.52; 2352.66; 4494.12; -4535.68; 0; 0
520391.654; 23; 133222.772461; -4515115.7431640625; 7643.4619140625; -1323.61; 8967.07; 0; 0; -0; -0; 0; 3150.5; 2352.64; 4492.97; -4474.11; 0; 0
520392.654; 23; 133480.185547; -4522758.6416015625; 7642.8984375; -1352.71; 8995.61; 0; 0; -0; -0; 0; 3150.47; 2352.62; 4492.43; -4503.18; 0; 0
520393.654; 23; 133742.973633; -4530401.1044921875; 7642.462890625; -1380.96; 9023.42; 0; 0; -0; -0; 0; 3150.44; 2352.6; 4492.02; -4531.4; 0; 0
520394.654; 23; 133996.803711; -4538043.7998046875; 7642.6953125; -1333.89; 8976.58; 0; 0; -0; -0; 0; 3150.41; 2352.58; 4492.28; -4484.3; 0; 0
520395.654; 23; 134255.317383; -4545685.9296875; 7642.1298828125; -1358.5; 9000.63; 0; 0; -0; -0; 0; 3150.39; 2352.56; 4491.74; -4508.89; 0; 0
520396.654; 23; 134513.620117; -4553327.2265625; 7641.296875; -1357.39; 8998.69; 0; 0; -0; -0; 0; 3150.36; 2352.54; 4490.94; -4507.75; 0; 0
520397.654; 23; 134774.162109; -4560968.4697265625; 7641.2431640625; -1369.16; 9010.4; 0; 0; -0; -0; 0; 3150.33; 2352.52; 4490.91; -4519.49; 0; 0
520398.654; 23; 135027.277344; -4568608.5693359375; 7640.099609375; -1330.13; 8970.23; 0; 0; -0; -0; 0; 3150.3; 2352.5; 4489.8; -4480.43; 0; 0
520399.654; 23; 135290.799805; -4576248.6220703125; 7640.052734375; -1384.82; 9024.87; 0; 0; -0; -0; 0; 3150.28; 2352.48; 4489.78; -4535.1; 0; 0
520400.654; 23; 135551.540039; -4583888.2802734375; 7639.658203125; -1370.2; 9009.86; 0; 0; -0; -0; 0; 3150.25; 2352.46; 4489.41; -4520.45; 0; 0
520401.654; 23; 135810.24707; -4591527.6044921875; 7639.32421875; -1359.51; 8998.84; 0; 0; -0; -0; 0; 3150.22; 2352.44; 4489.1; -4509.74; 0; 0
520402.654; 23; 136065.698242; -4599167.310546875; 7639.7060546875; -1342.4; 8982.11; 0; 0; -0; -0; 0; 3150.19; 2352.42; 4489.51; -4492.6; 0; 0
520403.654; 23; 136331.995117; -4606806.072265625; 7638.76171875; -1399.4; 9038.16; 0; 0; -0; -0; 0; 3150.16; 2352.4; 4488.6; -4549.56; 0; 0
520404.654; 23; 136588.467773; -4614444.55078125; 7638.478515625; -1347.77; 8986.25; 0; 0; -0; -0; 0; 3150.14; 2352.37; 4488.34; -4497.91; 0; 0
520405.654; 23; 136846.981445; -4622081.9267578125; 7637.3759765625; -1358.5; 8995.87; 0; 0; -0; -0; 0; 3150.11; 2352.35; 4487.27; -4508.61; 0; 0
520406.654; 23; 137104.448242; -4629718.484375; 7636.5576171875; -1353; 8989.55; 0; 0; -0; -0; 0; 3150.08; 2352.33; 4486.48; -4503.08; 0; 0
520407.654; 23; 137363.686523; -4637354.619140625; 7636.134765625; -1362.31; 8998.44; 0; 0; -0; -0; 0; 3150.05; 2352.31; 4486.08; -4512.36; 0; 0
520408.654; 23; 137627.731445; -4644990.1083984375; 7635.4892578125; -1387.57; 9023.05; 0; 0; -0; -0; 0; 3150.02; 2352.29; 4485.47; -4537.59; 0; 0
520409.654; 23; 137888.920898; -4652625.0615234375; 7634.953125; -1372.56; 9007.51; 0; 0; -0; -0; 0; 3149.99; 2352.27; 4484.96; -4522.55; 0; 0
520410.654; 23; 138141.635742; -4660259.30859375; 7634.2470703125; -1328.03; 8962.27; 0; 0; -0; -0; 0; 3149.97; 2352.25; 4484.28; -4477.99; 0; 0
520411.654; 23; 138405.358398; -4667892.3369140625; 7633.0283203125; -1385.87; 9018.9; 0; 0; -0; -0; 0; 3149.94; 2352.23; 4483.09; -4535.81; 0; 0
520412.654; 23; 138665.254883; -4675524.5361328125; 7632.19921875; -1365.77; 8997.96; 0; 0; -0; -0; 0; 3149.91; 2352.2; 4482.29; -4515.67; 0; 0
520413.654; 23; 138923.819336; -4683156.748046875; 7632.2119140625; -1358.77; 8990.98; 0; 0; -0; -0; 0; 3149.88; 2352.18; 4482.33; -4508.64; 0; 0
520414.654; 23; 139183.410156; -4690788.185546875; 7631.4375; -1364.16; 8995.6; 0; 0; -0; -0; 0; 3149.85; 2352.16; 4481.59; -4514.01; 0; 0
520415.654; 23; 139434.886719; -4698419.3154296875; 7631.1298828125; -1321.52; 8952.65; 0; 0; -0; -0; 0; 3149.82; 2352.14; 4481.31; -4471.34; 0; 0
520416.654; 23; 139706.405273; -4706050.4072265625; 7631.091796875; -1426.84; 9057.93; 0; 0; -0; -0; 0; 3149.79; 2352.12; 4481.3; -4576.63; 0; 0
520417.654; 23; 139966.488281; -4713681.533203125; 7631.1259765625; -1366.75; 8997.87; 0; 0; -0; -0; 0; 3149.76; 2352.09; 4481.36; -4516.51; 0; 0
520418.654; 23; 140223.807617; -4721312.4375; 7630.904296875; -1352.22; 8983.13; 0; 0; -0; -0; 0; 3149.73; 2352.07; 4481.17; -4501.95; 0; 0
520419.654; 23; 140487.850586; -4728942.83984375; 7630.40234375; -1387.56; 9017.96; 0; 0; -0; -0; 0; 3149.7; 2352.05; 4480.7; -4537.26; 0; 0
520420.654; 23; 140749.84375; -4736572.322265625; 7629.482421875; -1376.78; 9006.27; 0; 0; -0; -0; 0; 3149.67; 2352.03; 4479.81; -4526.46; 0; 0
520421.654; 23; 141011.521484; -4744201.970703125; 7629.6484375; -1375.13; 9004.77; 0; 0; -0; -0; 0; 3149.64; 2352.01; 4480.01; -4524.77; 0; 0
520422.654; 23; 141269.657227; -4751831.10546875; 7629.134765625; -1356.51; 8985.65; 0; 0; -0; -0; 0; 3149.61; 2351.98; 4479.52; -4506.13; 0; 0
520423.654; 23; 141531.172852; -4759459.4111328125; 7628.3056640625; -1374.27; 9002.58; 0; 0; -0; -0; 0; 3149.58; 2351.96; 4478.72; -4523.86; 0; 0
520424.654; 23; 141795.572266; -4767087.0595703125; 7627.6484375; -1389.43; 9017.08; 0; 0; -0; -0; 0; 3149.55; 2351.94; 4478.1; -4538.98; 0; 0
520425.654; 23; 142054.157227; -4774715.27734375; 7628.2177734375; -1358.87; 8987.09; 0; 0; -0; -0; 0; 3149.52; 2351.92; 4478.69; -4508.4; 0; 0
520426.654; 23; 142309.674805; -4782342.7080078125; 7627.4306640625; -1342.75; 8970.18; 0; 0; -0; -0; 0; 3149.49; 2351.89; 4477.94; -4492.25; 0; 0
520427.654; 23; 142582.767578; -4789969.212890625; 7626.5048828125; -1435.11; 9061.62; 0; 0; -0; -0; 0; 3149.46; 2351.87; 4477.04; -4584.57; 0; 0
520428.654; 23; 142830.938477; -4797595.791015625; 7626.578125; -1304.15; 8930.72; 0; 0; -0; -0; 0; 3149.43; 2351.85; 4477.15; -4453.58; 0; 0
520429.654; 23; 143104.354492; -4805221.7021484375; 7625.9111328125; -1436.81; 9062.72; 0; 0; -0; -0; 0; 3149.4; 2351.83; 4476.51; -4586.21; 0; 0
520430.654; 23; 143363.851562; -4812847.041015625; 7625.3388671875; -1363.67; 8989.01; 0; 0; -0; -0; 0; 3149.37; 2351.8; 4475.97; -4513.04; 0; 0
520431.654; 23; 143615.989258; -4820471.9931640625; 7624.9521484375; -1324.99; 8949.94; 0; 0; -0; -0; 0; 3149.34; 2351.78; 4475.61; -4474.33; 0; 0
520432.654; 23; 143883.452148; -4828096.5517578125; 7624.55859375; -1405.53; 9030.09; 0; 0; -0; -0; 0; 3149.31; 2351.76; 4475.25; -4554.84; 0; 0
520433.654; 23; 144145.716797; -4835720.9150390625; 7624.36328125; -1378.21; 9002.57; 0; 0; -0; -0; 0; 3149.28; 2351.73; 4475.08; -4527.49; 0; 0
520434.654; 23; 144407.759766; -4843344.3203125; 7623.4052734375; -1377.05; 9000.45; 0; 0; -0; -0; 0; 3149.25; 2351.71; 4474.16; -4526.29; 0; 0
520435.654; 23; 144667.109375; -4850968.3525390625; 7624.0322265625; -1362.89; 8986.92; 0; 0; -0; -0; 0; 3149.22; 2351.69; 4474.82; -4512.11; 0; 0
520436.654; 23; 144937.037109; -4858591.427734375; 7623.0751953125; -1418.48; 9041.56; 0; 0; -0; -0; 0; 3149.19; 2351.66; 4473.89; -4567.67; 0; 0
520437.654; 23; 145188.453125; -4866213.9140625; 7622.486328125; -1321.2; 8943.69; 0; 0; -0; -0; 0; 3149.15; 2351.64; 4473.33; -4470.35; 0; 0
