tow; prn2; p-rng1; phase1; dopp1(carr); dopp1(range); bias1(Hz); p-rng2; phase2; dopp2(carr); dopp2(range); bias2(Hz); dopp1(eph); dopp2(eph) 
518401.376; 6; -268597.682617; -6.8642578125; 45.7617187073811; -2.56594; 48.3277; 0; 0; -0; -0; 0; 45.7466; 34.1614
518401.526; 6; -268602.366211; -13.724609375; 45.7356771117298; 164.083; -118.347; 0; 0; -0; -0; 0; 45.6443; 34.085
518401.676; 6; -268601.676758; -20.5634765625; 45.5924478742054; -24.154; 69.7465; 0; 0; -0; -0; 0; 45.5419; 34.0086
518401.826; 6; -268605.616211; -27.389648437500003553; 45.507812528255; 138.013; -92.5053; 0; 0; -0; -0; 0; 45.4396; 33.9322
518401.976; 6; -268605.848633; -34.2041015625; 45.4296875282064; 8.14257; 37.2871; 0; 0; -0; -0; 0; 45.3372; 33.8557
518402.126; 6; -268606.306641; -40.984375; 45.2018228745692; 16.0456; 29.1562; 0; 0; -0; -0; 0; 45.2349; 33.7793
518402.276; 6; -268608.328125; -47.7744140625; 45.2669271114387; 70.8198; -25.5529; 0; 0; -0; -0; 0; 45.1325; 33.7029
518402.426; 6; -268608.811523; -54.533203125; 45.0585937080359; 16.9352; 28.1234; 0; 0; -0; -0; 0; 45.0302; 33.6264
518402.576; 6; -268609.62207; -61.27734375; 44.9609375279154; 28.3964; 16.5646; 0; 0; -0; -0; 0; 44.9279; 33.5501
518402.726; 6; -268612.796875; -68.0185546875; 44.9414062779033; 111.225; -66.2833; 0; 0; -0; -0; 0; 44.8255; 33.4736
518402.876; 6; -268612.612305; -74.7333984375; 44.7656249583088; -6.46616; 51.2318; 0; 0; -0; -0; 0; 44.7232; 33.3972
518403.026; 6; -268612.15918; -81.4326171875; 44.6614583610628; -15.8746; 60.536; 0; 0; -0; -0; 0; 44.6208; 33.3207
518403.176; 6; -268614.749023; -88.12109375; 44.5898437084725; 90.7315; -46.1416; 0; 0; -0; -0; 0; 44.5185; 33.2443
518403.326; 6; -268615.09375; -94.796875000000014211; 44.5052083609659; 12.077; 32.4282; 0; 0; -0; -0; 0; 44.4161; 33.1679
518403.476; 6; -268618.328125; -101.44628906249998579; 44.3294271108565; 113.312; -68.9823; 0; 0; -0; -0; 0; 44.3138; 33.0914
518403.626; 6; -268619.978516; -108.0908203125; 44.2968749587454; 57.8191; -13.5222; 0; 0; -0; -0; 0; 44.2114; 33.015
518403.776; 6; -268620.837891; -114.7099609375; 44.1276041940647; 30.107; 14.0206; 0; 0; -0; -0; 0; 44.1091; 32.9386
518403.926; 6; -268621.192383; -121.326171875; 44.1080728755878; 12.4191; 31.6889; 0; 0; -0; -0; 0; 44.0068; 32.8622
518404.076; 6; -268624.350586; -127.91699218749998579; 43.938802110614; 110.643; -66.7043; 0; 0; -0; -0; 0; 43.9044; 32.7857
518404.226; 6; -268623.357422; -134.49609375; 43.8606771105657; -34.7941; 78.6548; 0; 0; -0; -0; 0; 43.8021; 32.7094
518404.376; 6; -268623.929688; -141.0625; 43.7760416258971; 20.0485; 23.7275; 0; 0; -0; -0; 0; 43.6997; 32.6329
518404.526; 6; -268627.496094; -147.6044921875; 43.6132812770787; 124.944; -81.3307; 0; 0; -0; -0; 0; 43.5974; 32.5565
518404.676; 6; -268626.938477; -154.1435546875; 43.5937499594002; -19.5353; 63.1291; 0; 0; -0; -0; 0; 43.495; 32.4801
518404.826; 6; -268627.727539; -160.66015625; 43.4440104436403; 27.6437; 15.8003; 0; 0; -0; -0; 0; 43.3927; 32.4036
518404.976; 6; -268628.363281; -167.1640625; 43.359375026921; 22.2723; 21.0871; 0; 0; -0; -0; 0; 43.2903; 32.3272
518405.126; 6; -268629.401367; -173.6455078125; 43.2096353764246; 36.3679; 6.84178; 0; 0; -0; -0; 0; 43.188; 32.2508
518405.276; 6; -268631.78125; -180.119140625; 43.1575521101291; 83.3758; -40.2182; 0; 0; -0; -0; 0; 43.0856; 32.1743
518405.426; 6; -268632.537109; -186.58496093749997158; 43.1054687098547; 26.4805; 16.625; 0; 0; -0; -0; 0; 42.9833; 32.0979
518405.576; 6; -268635.579102; -193.01855468749997158; 42.89062502663; 106.572; -63.6812; 0; 0; -0; -0; 0; 42.8809; 32.0215
518405.726; 6; -268634.642578; -199.4453125; 42.8450521099352; -32.8098; 75.6548; 0; 0; -0; -0; 0; 42.7786; 31.945
518405.876; 6; -268635.5625; -205.861328125; 42.7734374601641; 32.2281; 10.5453; 0; 0; -0; -0; 0; 42.6762; 31.8686
518406.026; 6; -268637.369141; -212.248046875; 42.578125026436; 63.2931; -20.7149; 0; 0; -0; -0; 0; 42.5739; 31.7922
518406.176; 6; -268638.78418; -218.62792968750002842; 42.532552043722; 49.5739; -7.04132; 0; 0; -0; -0; 0; 42.4715; 31.7157
518406.326; 6; -268640.393555; -224.990234375; 42.4153646096681; 56.3822; -13.9668; 0; 0; -0; -0; 0; 42.3692; 31.6393
518406.476; 6; -268641.966797; -231.345703125; 42.3697916929733; 55.1163; -12.7465; 0; 0; -0; -0; 0; 42.2669; 31.5629
518406.626; 6; -268643.664062; -237.677734375; 42.2135416273522; 59.4613; -17.2477; 0; 0; -0; -0; 0; 42.1645; 31.4865
518406.776; 6; -268645.183594; -243.99511718750002842; 42.1158854428158; 53.2346; -11.1187; 0; 0; -0; -0; 0; 42.0622; 31.4101
518406.926; 6; -268646.49707; -250.29296875; 41.9856770442309; 46.0158; -4.0301; 0; 0; -0; -0; 0; 41.9598; 31.3336
518407.076; 6; -268647.264648; -256.5771484375; 41.8945312760115; 26.891; 15.0035; 0; 0; -0; -0; 0; 41.8575; 31.2572
518407.226; 6; -268648.49707; -262.853515625; 41.8424479426459; 43.1761; -1.33369; 0; 0; -0; -0; 0; 41.7551; 31.1808
518407.376; 6; -268649.633789; -269.107421875; 41.692708294504; 39.8233; 1.86939; 0; 0; -0; -0; 0; 41.6527; 31.1043
518407.526; 6; -268650.649414; -275.3583984375; 41.6731771092074; 35.581; 6.09221; 0; 0; -0; -0; 0; 41.5504; 31.0279
518407.676; 6; -268651.6875; -281.5830078125; 41.4973957946859; 36.3679; 5.12954; 0; 0; -0; -0; 0; 41.448; 30.9515
518407.826; 6; -268652.685547; -287.791015625; 41.3867187756963; 34.9651; 6.42157; 0; 0; -0; -0; 0; 41.3457; 30.875
518407.976; 6; -268653.248047; -293.982421875; 41.2760416922942; 19.7064; 21.5697; 0; 0; -0; -0; 0; 41.2433; 30.7986
518408.126; 6; -268654.082031; -300.162109375; 41.1979166282981; 29.2174; 11.9805; 0; 0; -0; -0; 0; 41.141; 30.7222
518408.276; 6; -268655.267578; -306.322265625; 41.0677083588315; 41.5339; -0.466231; 0; 0; -0; -0; 0; 41.0386; 30.6457
518408.426; 6; -268656.18457; -312.484375; 41.0807291284073; 32.1255; 8.95522; 0; 0; -0; -0; 0; 40.9363; 30.5693
518408.576; 6; -268657.889648; -318.6171875; 40.8854166920517; 59.735; -18.8496; 0; 0; -0; -0; 0; 40.8339; 30.4929
518408.726; 6; -268658.967773; -324.7333984375; 40.7747396086496; 37.7706; 3.00417; 0; 0; -0; -0; 0; 40.7316; 30.4164
518408.876; 6; -268660.306641; -330.837890625; 40.6966145454317; 46.9053; -6.20868; 0; 0; -0; -0; 0; 40.6292; 30.34
518409.026; 6; -268661.853516; -336.923828125; 40.5729166918576; 54.1926; -13.6196; 0; 0; -0; -0; 0; 40.5269; 30.2636
518409.176; 6; -268662.894531; -342.99609375000005684; 40.4817707956321; 36.4705; 4.01128; 0; 0; -0; -0; 0; 40.4245; 30.1871
518409.326; 6; -268664.107422; -349.05371093750005684; 40.3841146084071; 42.4919; -2.10777; 0; 0; -0; -0; 0; 40.3222; 30.1107
518409.476; 6; -268665.417969; -355.09667968750005684; 40.2864583583465; 45.9131; -5.62668; 0; 0; -0; -0; 0; 40.2198; 30.0343
518409.626; 6; -268666.561523; -361.12402343749994316; 40.1822916292432; 40.0628; 0.119489; 0; 0; -0; -0; 0; 40.1175; 29.9579
518409.776; 6; -268667.674805; -367.1318359375; 40.0520833582013; 39.0022; 1.04987; 0; 0; -0; -0; 0; 40.0151; 29.8814
518409.926; 6; -268668.889648; -373.13085937499994316; 39.9934895460861; 42.5603; -2.56682; 0; 0; -0; -0; 0; 39.9127; 29.805
518410.076; 6; -268670.231445; -379.11035156249994316; 39.8632812747504; 47.0079; -7.14465; 0; 0; -0; -0; 0; 39.8104; 29.7286
518410.226; 6; -268671.418945; -385.076171875; 39.7721354413608; 41.6024; -1.83023; 0; 0; -0; -0; 0; 39.7081; 29.6521
518410.376; 6; -268672.806641; -391.0244140625; 39.6549478797351; 48.6159; -8.96097; 0; 0; -0; -0; 0; 39.6057; 29.5757
518410.526; 6; -268674.238281; -396.9580078125; 39.5572916912271; 50.1555; -10.5982; 0; 0; -0; -0; 0; 39.5034; 29.4993
518410.676; 6; -268675.646484; -402.875; 39.4466145465958; 49.3344; -9.88777; 0; 0; -0; -0; 0; 39.401; 29.4228
518410.826; 6; -268676.775391; -408.78125000000005684; 39.3750000244476; 39.5496; -0.174616; 0; 0; -0; -0; 0; 39.2986; 29.3464
518410.976; 6; -268677.915039; -414.6689453125; 39.2513021077034; 39.926; -0.674651; 0; 0; -0; -0; 0; 39.1963; 29.27
518411.126; 6; -268679.055664; -420.544921875; 39.1731770468505; 39.9602; -0.786988; 0; 0; -0; -0; 0; 39.0939; 29.1935
518411.276; 6; -268679.989258; -426.3994140625; 39.0299479408996; 32.7071; 6.32283; 0; 0; -0; -0; 0; 38.9916; 29.1171
518411.426; 6; -268680.982422; -432.2421875; 38.95182288039; 34.7941; 4.15774; 0; 0; -0; -0; 0; 38.8892; 29.0407
518411.576; 6; -268681.970703; -438.068359375; 38.8411458574491; 34.623; 4.21813; 0; 0; -0; -0; 0; 38.7869; 28.9642
518411.726; 6; -268682.986328; -443.8798828125; 38.7434896073885; 35.581; 3.16252; 0; 0; -0; -0; 0; 38.6845; 28.8878
518411.876; 6; -268684.001953; -449.67773437500005684; 38.6523437140026; 35.581; 3.07137; 0; 0; -0; -0; 0; 38.5822; 28.8114
518412.026; 6; -268685.114258; -455.458984375; 38.5416666905961; 38.968; -0.426337; 0; 0; -0; -0; 0; 38.4798; 28.7349
518412.176; 6; -268686.105469; -461.2236328125; 38.4309895475417; 34.7257; 3.70533; 0; 0; -0; -0; 0; 38.3774; 28.6585
518412.326; 6; -268687.15918; -466.97265625; 38.3268229404631; 36.9153; 1.41157; 0; 0; -0; -0; 0; 38.2751; 28.582
518412.476; 6; -268688.341797; -472.708984375; 38.2421875237439; 41.4313; -3.18911; 0; 0; -0; -0; 0; 38.1727; 28.5056
518412.626; 6; -268689.394531; -478.427734375; 38.1249999644933; 36.881; 1.24396; 0; 0; -0; -0; 0; 38.0704; 28.4292
518412.776; 6; -268690.493164; -484.130859375; 38.0208333569398; 38.489; -0.468196; 0; 0; -0; -0; 0; 37.968; 28.3527
518412.926; 6; -268691.657227; -489.8193359375; 37.9231770480146; 40.7813; -2.85809; 0; 0; -0; -0; 0; 37.8657; 28.2763
518413.076; 6; -268692.638672; -495.4912109375; 37.8125000234771; 34.3835; 3.42897; 0; 0; -0; -0; 0; 37.7633; 28.1999
518413.226; 6; -268693.644531; -501.150390625; 37.7278646067579; 35.2388; 2.48902; 0; 0; -0; -0; 0; 37.6609; 28.1234
518413.376; 6; -268694.780273; -506.79199218749994316; 37.6106770483053; 39.7891; -2.17843; 0; 0; -0; -0; 0; 37.5586; 28.047
518413.526; 6; -268695.84082; -512.419921875; 37.5195312732956; 37.1547; 0.364788; 0; 0; -0; -0; 0; 37.4562; 27.9705
518413.676; 6; -268696.733398; -518.0322265625; 37.4153645484876; 31.2702; 6.14517; 0; 0; -0; -0; 0; 37.3539; 27.8941
518413.826; 6; -268697.700195; -523.62890625; 37.3111979398325; 33.8703; 3.44085; 0; 0; -0; -0; 0; 37.2515; 27.8177
518413.976; 6; -268698.457031; -529.2109375; 37.2135416897719; 26.5147; 10.6989; 0; 0; -0; -0; 0; 37.1491; 27.7412
518414.126; 6; -268699.368164; -534.7763671875; 37.1028645487786; 31.9202; 5.18263; 0; 0; -0; -0; 0; 37.0467; 27.6648
518414.276; 6; -268700.447266; -540.3271484375; 37.0052083563092; 37.8048; -0.799572; 0; 0; -0; -0; 0; 36.9445; 27.5884
518414.426; 6; -268701.363281; -545.861328125; 36.8945312156393; 32.0913; 4.80323; 0; 0; -0; -0; 0; 36.8421; 27.512
518414.576; 6; -268702.391602; -551.380859375; 36.7968750228465; 36.0257; 0.771144; 0; 0; -0; -0; 0; 36.7397; 27.4355
518414.726; 6; -268703.34375; -556.88671875; 36.7057291894566; 33.3572; 3.34857; 0; 0; -0; -0; 0; 36.6374; 27.3591
518414.876; 6; -268704.222656; -562.3740234375; 36.5820312159303; 30.7912; 5.79081; 0; 0; -0; -0; 0; 36.535; 27.2826
518415.026; 6; -268705.236328; -567.849609375; 36.5039062726646; 35.5125; 0.991362; 0; 0; -0; -0; 0; 36.4326; 27.2062
518415.176; 6; -268706.357422; -573.3076171875; 36.3867187161122; 39.2759; -2.8892; 0; 0; -0; -0; 0; 36.3303; 27.1298
518415.326; 6; -268707.457031; -578.7509765625; 36.2890625225312; 38.5232; -2.23418; 0; 0; -0; -0; 0; 36.2279; 27.0533
518415.476; 6; -268708.584961; -584.17578125; 36.1653646057877; 39.5154; -3.35004; 0; 0; -0; -0; 0; 36.1256; 26.9769
518415.626; 6; -268709.703125; -589.58984375; 36.0937499663851; 39.1733; -3.07953; 0; 0; -0; -0; 0; 36.0232; 26.9004
518415.776; 6; -268710.817383; -594.9853515625; 35.9700521056665; 39.0364; -3.06638; 0; 0; -0; -0; 0; 35.9208; 26.824
518415.926; 6; -268711.910156; -600.369140625; 35.8919270499064; 38.2838; -2.39183; 0; 0; -0; -0; 0; 35.8185; 26.7476
518416.076; 6; -268712.990234; -605.7333984375; 35.7617187722038; 37.839; -2.07727; 0; 0; -0; -0; 0; 35.7161; 26.6711
518416.226; 6; -268714.205078; -611.0859375; 35.6835937721553; 42.5603; -6.87672; 0; 0; -0; -0; 0; 35.6137; 26.5947
518416.376; 6; -268715.291016; -616.4228515625; 35.5794270501974; 38.0443; -2.46484; 0; 0; -0; -0; 0; 35.5114; 26.5182
518416.526; 6; -268716.363281; -621.7412109375; 35.4557291886805; 37.5653; -2.10956; 0; 0; -0; -0; 0; 35.409; 26.4418
518416.676; 6; -268717.40625; -627.046875; 35.3710937170581; 36.5389; -1.16782; 0; 0; -0; -0; 0; 35.3066; 26.3653
518416.826; 6; -268718.352539; -632.3349609375; 35.2539062718885; 33.1519; 2.10202; 0; 0; -0; -0; 0; 35.2043; 26.2889
518416.976; 6; -268719.366211; -637.609375; 35.1627604384986; 35.5125; -0.349784; 0; 0; -0; -0; 0; 35.102; 26.2125
518417.126; 6; -268720.21875; -642.8701171875; 35.0716145506703; 29.8675; 5.20413; 0; 0; -0; -0; 0; 34.9995; 26.136
518417.276; 6; -268721.223633; -648.1123046875; 34.9479166883652; 35.2046; -0.256715; 0; 0; -0; -0; 0; 34.8972; 26.0596
518417.426; 6; -268722.217773; -653.3388671875; 34.8437499675492; 34.8283; 0.015455; 0; 0; -0; -0; 0; 34.7949; 25.9832
518417.576; 6; -268723.132812; -658.5537109375; 34.7656250215853; 32.0571; 2.70854; 0; 0; -0; -0; 0; 34.6925; 25.9067
518417.726; 6; -268723.958008; -663.7490234375; 34.6354166881712; 28.9095; 5.72588; 0; 0; -0; -0; 0; 34.5901; 25.8303
518417.876; 6; -268724.892578; -668.9306640625; 34.5442708011615; 32.7413; 1.80294; 0; 0; -0; -0; 0; 34.4878; 25.7539
518418.026; 6; -268725.896484; -674.0986328125; 34.4531250213913; 35.1704; -0.717295; 0; 0; -0; -0; 0; 34.3853; 25.6773
518418.176; 6; -268726.792969; -679.251953125; 34.355468718004; 31.407; 2.94842; 0; 0; -0; -0; 0; 34.2831; 25.601
518418.326; 6; -268727.792969; -684.3857421875; 34.2252604379165; 35.0336; -0.808309; 0; 0; -0; -0; 0; 34.1807; 25.5245
518418.476; 6; -268728.776367; -689.5048828125; 34.1276041878559; 34.452; -0.324354; 0; 0; -0; -0; 0; 34.0783; 25.4481
518418.626; 6; -268729.628906; -694.61230468749988631; 34.0494791349549; 29.8675; 4.18199; 0; 0; -0; -0; 0; 33.9759; 25.3716
518418.776; 6; -268730.529297; -699.7001953125; 33.9192708543939; 31.5439; 2.37537; 0; 0; -0; -0; 0; 33.8736; 25.2952
518418.926; 6; -268731.556641; -704.77734375000011369; 33.8476562184777; 35.9915; -2.14386; 0; 0; -0; -0; 0; 33.7712; 25.2187
518419.076; 6; -268732.585938; -709.8349609375; 33.7174479376005; 36.0599; -2.3425; 0; 0; -0; -0; 0; 33.6689; 25.1424
518419.226; 6; -268733.541992; -714.880859375; 33.6393229375527; 33.494; 0.145314; 0; 0; -0; -0; 0; 33.5665; 25.0659
518419.376; 6; -268734.536133; -719.908203125; 33.5156249687861; 34.8283; -1.31267; 0; 0; -0; -0; 0; 33.4641; 24.9894
518419.526; 6; -268735.584961; -724.9208984375; 33.4179687707486; 36.7442; -3.32622; 0; 0; -0; -0; 0; 33.3618; 24.913
518419.676; 6; -268736.546875; -729.9189453125; 33.320312468968; 33.6993; -0.378971; 0; 0; -0; -0; 0; 33.2594; 24.8365
518419.826; 6; -268737.679688; -734.8994140625; 33.2031250206152; 39.6865; -6.48334; 0; 0; -0; -0; 0; 33.157; 24.7601
518419.976; 6; -268738.871094; -739.8681640625; 33.1250000205667; 41.7392; -8.61421; 0; 0; -0; -0; 0; 33.0546; 24.6837
518420.126; 6; -268740.007812; -744.818359375; 33.0013020525985; 39.8233; -6.82201; 0; 0; -0; -0; 0; 32.9523; 24.6072
518420.276; 6; -268741.097656; -749.7548828125; 32.9101562704333; 38.1811; -5.27096; 0; 0; -0; -0; 0; 32.8499; 24.5308
518420.426; 6; -268742.242188; -754.67578125; 32.8059895527804; 40.097; -7.29103; 0; 0; -0; -0; 0; 32.7476; 24.4544
518420.576; 6; -268743.228516; -759.580078125; 32.6953125202999; 34.5546; -1.85928; 0; 0; -0; -0; 0; 32.6452; 24.3779
518420.726; 6; -268744.292969; -764.4716796875; 32.6106771035807; 37.2916; -4.68092; 0; 0; -0; -0; 0; 32.5428; 24.3015
518420.876; 6; -268745.399414; -769.345703125; 32.4934895530714; 38.7627; -6.26924; 0; 0; -0; -0; 0; 32.4405; 24.225
518421.026; 6; -268746.438477; -774.20703125; 32.4088541867887; 36.4021; -3.99321; 0; 0; -0; -0; 0; 32.3381; 24.1486
518421.176; 6; -268747.335938; -779.0498046875; 32.2851562199321; 31.4413; 0.843896; 0; 0; -0; -0; 0; 32.2357; 24.0721
518421.326; 6; -268748.135742; -783.8818359375; 32.2135416866675; 28.02; 4.19353; 0; 0; -0; -0; 0; 32.1334; 23.9957
518421.476; 6; -268749.060547; -788.69140625; 32.0638021032412; 32.3992; -0.335407; 0; 0; -0; -0; 0; 32.031; 23.9193
518421.626; 6; -268749.910156; -793.4912109375; 31.9986978868656; 29.7648; 2.23385; 0; 0; -0; -0; 0; 31.9286; 23.8428
518421.776; 6; -268750.700195; -798.27246093749988631; 31.8750000197898; 27.6779; 4.19711; 0; 0; -0; -0; 0; 31.8263; 23.7664
518421.926; 6; -268751.424805; -803.0419921875; 31.7968749703876; 25.3857; 6.41122; 0; 0; -0; -0; 0; 31.7239; 23.6899
518422.076; 6; -268752.139648; -807.7919921875; 31.6666666863279; 25.0435; 6.62314; 0; 0; -0; -0; 0; 31.6215; 23.6135
518422.226; 6; -268753.042969; -812.5283203125; 31.575520852938; 31.6465; -0.0710144; 0; 0; -0; -0; 0; 31.5192; 23.537
518422.376; 6; -268753.895508; -817.2509765625; 31.4843749706779; 29.8675; 1.61689; 0; 0; -0; -0; 0; 31.4168; 23.4606
518422.526; 6; -268754.763672; -821.95605468749988631; 31.3671875194746; 30.4149; 0.952301; 0; 0; -0; -0; 0; 31.3144; 23.3841
518422.676; 6; -268755.673828; -826.6484375; 31.2825520541999; 31.886; -0.60347; 0; 0; -0; -0; 0; 31.2121; 23.3077
518422.826; 6; -268756.588867; -831.32226562500011369; 31.1588541860134; 32.0571; -0.898231; 0; 0; -0; -0; 0; 31.1097; 23.2312
518422.976; 6; -268757.5; -835.9853515625; 31.0872396026341; 31.9202; -0.832995; 0; 0; -0; -0; 0; 31.0073; 23.1548
518423.126; 6; -268758.304688; -840.626953125; 30.9440103878478; 28.1911; 2.75293; 0; 0; -0; -0; 0; 30.905; 23.0784
518423.276; 6; -268759.216797; -845.2568359375; 30.8658854358307; 31.9544; -1.08856; 0; 0; -0; -0; 0; 30.8026; 23.0019
518423.426; 6; -268759.955078; -849.87109375; 30.7617187213509; 25.8646; 4.89709; 0; 0; -0; -0; 0; 30.7002; 22.9255
518423.576; 6; -268760.823242; -854.46875; 30.6510416856973; 30.4149; 0.236155; 0; 0; -0; -0; 0; 30.5978; 22.849
518423.726; 6; -268761.691406; -859.05371093750011369; 30.5664062689789; 30.4149; 0.15152; 0; 0; -0; -0; 0; 30.4955; 22.7726
518423.876; 6; -268762.600586; -863.61914062499988631; 30.4361978883192; 31.8518; -1.41561; 0; 0; -0; -0; 0; 30.3931; 22.6962
518424.026; 6; -268763.452148; -868.1728515625; 30.3580729355162; 29.8333; 0.524799; 0; 0; -0; -0; 0; 30.2907; 22.6197
518424.176; 6; -268764.288086; -872.708984375; 30.2408853885026; 29.2859; 0.955011; 0; 0; -0; -0; 0; 30.1883; 22.5432
518424.326; 6; -268764.979492; -877.232421875; 30.1562500187235; 24.2224; 5.93382; 0; 0; -0; -0; 0; 30.086; 22.4668
518424.476; 6; -268765.62793; -881.736328125; 30.0260416853093; 22.7171; 7.30896; 0; 0; -0; -0; 0; 29.9836; 22.3904
518424.626; 6; -268766.450195; -886.228515625; 29.9479166387755; 28.8069; 1.14102; 0; 0; -0; -0; 0; 29.8813; 22.3139
518424.776; 6; -268767.174805; -890.7021484375; 29.8242187685173; 25.3857; 4.43857; 0; 0; -0; -0; 0; 29.7789; 22.2375
518424.926; 6; -268767.983398; -895.1640625; 29.7460937222968; 28.3279; 1.41817; 0; 0; -0; -0; 0; 29.6765; 22.161
518425.076; 6; -268768.808594; -899.611328125; 29.6484375184082; 28.9095; 0.7389; 0; 0; -0; -0; 0; 29.5741; 22.0846
518425.226; 6; -268769.634766; -904.0380859375; 29.5117187683233; 28.9438; 0.567969; 0; 0; -0; -0; 0; 29.4717; 22.0081
518425.376; 6; -268770.258789; -908.4541015625; 29.4401041392484; 21.8618; 7.57834; 0; 0; -0; -0; 0; 29.3694; 21.9317
518425.526; 6; -268770.920898; -912.8525390625; 29.3229166848727; 23.1961; 6.12686; 0; 0; -0; -0; 0; 29.267; 21.8552
518425.676; 6; -268771.65918; -917.236328125; 29.2252603894485; 25.8646; 3.36063; 0; 0; -0; -0; 0; 29.1646; 21.7788
518425.826; 6; -268772.369141; -921.6044921875; 29.1210937680808; 24.8725; 4.24863; 0; 0; -0; -0; 0; 29.0623; 21.7023
518425.976; 6; -268773.114258; -925.955078125; 29.003906268008; 26.1041; 2.89979; 0; 0; -0; -0; 0; 28.9599; 21.6259
518426.126; 6; -268774.022461; -930.29589843749988631; 28.9388020563812; 31.8176; -2.8788; 0; 0; -0; -0; 0; 28.8575; 21.5494
518426.276; 6; -268775.114258; -934.615234375; 28.7955729345461; 38.2495; -9.45397; 0; 0; -0; -0; 0; 28.7551; 21.473
518426.426; 6; -268775.901367; -938.923828125; 28.7239583065821; 27.5753; 1.14871; 0; 0; -0; -0; 0; 28.6528; 21.3965
518426.576; 6; -268776.87207; -943.21484375; 28.6067708510948; 34.0072; -5.40042; 0; 0; -0; -0; 0; 28.5504; 21.3201
518426.726; 6; -268777.892578; -947.49023437500011369; 28.5026041843642; 35.752; -7.24943; 0; 0; -0; -0; 0; 28.448; 21.2437
518426.876; 6; -268778.875; -951.7509765625; 28.4049478902117; 34.4177; -6.0128; 0; 0; -0; -0; 0; 28.3456; 21.1672
518427.026; 6; -268779.811523; -955.9970703125; 28.3072916842421; 32.8098; -4.50247; 0; 0; -0; -0; 0; 28.2432; 21.0907
518427.176; 6; -268780.855469; -960.2265625; 28.1966145570732; 36.5731; -8.37652; 0; 0; -0; -0; 0; 28.1409; 21.0143
518427.326; 6; -268781.893555; -964.44140625; 28.0989583507795; 36.3679; -8.2689; 0; 0; -0; -0; 0; 28.0385; 20.9378
518427.476; 6; -268782.873047; -968.63867187500011369; 27.9817708507075; 34.3151; -6.33334; 0; 0; -0; -0; 0; 27.9362; 20.8614
518427.626; 6; -268783.742188; -972.82421875; 27.9036458073453; 30.4491; -2.54545; 0; 0; -0; -0; 0; 27.8338; 20.7849
518427.776; 6; -268784.480469; -976.9921875; 27.7864583505854; 25.8646; 1.92183; 0; 0; -0; -0; 0; 27.7314; 20.7085
518427.926; 6; -268785.088867; -981.1474609375; 27.7018228908673; 21.3144; 6.38745; 0; 0; -0; -0; 0; 27.629; 20.6321
518428.076; 6; -268785.836914; -985.283203125; 27.571614600452; 26.2068; 1.36486; 0; 0; -0; -0; 0; 27.5267; 20.5556
518428.226; 6; -268786.506836; -989.40625; 27.4869791837328; 23.4698; 4.01722; 0; 0; -0; -0; 0; 27.4243; 20.4792
518428.376; 6; -268787.191406; -993.51367187500011369; 27.3828124744985; 23.9829; 3.39987; 0; 0; -0; -0; 0; 27.3219; 20.4027
518428.526; 6; -268787.908203; -997.6044921875; 27.2721354335987; 25.112; 2.16018; 0; 0; -0; -0; 0; 27.2195; 20.3263
518428.676; 6; -268788.668945; -1001.6806640625; 27.1744791413585; 26.6515; 0.522965; 0; 0; -0; -0; 0; 27.1172; 20.2498
518428.826; 6; -268789.213867; -1005.7421875; 27.0768229334782; 19.0906; 7.98626; 0; 0; -0; -0; 0; 27.0148; 20.1734
518428.976; 6; -268789.890625; -1009.7861328125001137; 26.9596354334062; 23.7092; 3.25039; 0; 0; -0; -0; 0; 26.9124; 20.0969
518429.126; 6; -268790.527344; -1013.8183593749998863; 26.8815103916298; 22.3065; 4.57498; 0; 0; -0; -0; 0; 26.81; 20.0205
518429.276; 6; -268791.163086; -1017.833984375; 26.7708333499556; 22.2723; 4.49852; 0; 0; -0; -0; 0; 26.7076; 19.944
518429.426; 6; -268791.769531; -1021.8320312499998863; 26.6536458085094; 21.2459; 5.4077; 0; 0; -0; -0; 0; 26.6053; 19.8676
518429.576; 6; -268792.463867; -1025.8173828125; 26.5690104331636; 24.3251; 2.24394; 0; 0; -0; -0; 0; 26.5029; 19.7911
518429.726; 6; -268793.269531; -1029.7861328125; 26.4583333497608; 28.2253; -1.76695; 0; 0; -0; -0; 0; 26.4005; 19.7146
518429.876; 6; -268794.162109; -1033.7392578125; 26.3541666421224; 31.2702; -4.91603; 0; 0; -0; -0; 0; 26.2981; 19.6382
518430.026; 6; -268795.067383; -1037.677734375; 26.2565104329689; 31.715; -5.45845; 0; 0; -0; -0; 0; 26.1957; 19.5618
518430.176; 6; -268795.920898; -1041.6015625; 26.1588541423043; 29.9017; -3.74285; 0; 0; -0; -0; 0; 26.0934; 19.4853
518430.326; 6; -268796.740234; -1045.5068359375; 26.0351562661648; 28.7043; -2.66911; 0; 0; -0; -0; 0; 25.991; 19.4089
518430.476; 6; -268797.47168; -1049.400390625; 25.9570312661162; 25.6251; 0.331891; 0; 0; -0; -0; 0; 25.8886; 19.3324
518430.626; 6; -268798.084961; -1053.2763671875; 25.8398437259348; 21.4854; 4.35441; 0; 0; -0; -0; 0; 25.7862; 19.2559
518430.776; 6; -268798.588867; -1057.1396484375; 25.7552083493243; 17.6536; 8.10157; 0; 0; -0; -0; 0; 25.6839; 19.1795
518430.926; 6; -268799.311523; -1060.984375; 25.6315103927955; 25.3172; 0.314282; 0; 0; -0; -0; 0; 25.5815; 19.1031
518431.076; 6; -268800.057617; -1064.8154296875; 25.5403645991909; 26.1383; -0.597963; 0; 0; -0; -0; 0; 25.4791; 19.0266
518431.226; 6; -268800.802734; -1068.630859375; 25.4361979324595; 26.1041; -0.667917; 0; 0; -0; -0; 0; 25.3767; 18.9502
518431.376; 6; -268801.583008; -1072.4296875; 25.3255208097471; 27.3358; -2.01024; 0; 0; -0; -0; 0; 25.2743; 18.8737
518431.526; 6; -268802.366211; -1076.212890625; 25.2213541823261; 27.4384; -2.21705; 0; 0; -0; -0; 0; 25.172; 18.7973
518431.676; 6; -268803.176758; -1079.9833984375; 25.1367187265896; 28.3964; -3.25963; 0; 0; -0; -0; 0; 25.0696; 18.7208
518431.826; 6; -268804.039062; -1083.7373046875; 25.0260416822049; 30.2096; -5.18357; 0; 0; -0; -0; 0; 24.9672; 18.6443
518431.976; 6; -268804.871094; -1087.4755859375; 24.9218750154735; 29.149; -4.22715; 0; 0; -0; -0; 0; 24.8648; 18.5679
518432.126; 6; -268805.703125; -1091.201171875; 24.8372395602019; 29.149; -4.31179; 0; 0; -0; -0; 0; 24.7624; 18.4914
518432.276; 6; -268806.554688; -1094.9091796875; 24.7200520986816; 29.8333; -5.11322; 0; 0; -0; -0; 0; 24.6601; 18.415
518432.426; 6; -268807.670898; -1098.599609375; 24.6028645604201; 39.1049; -14.502; 0; 0; -0; -0; 0; 24.5576; 18.3385
518432.576; 6; -268808.526367; -1102.2763671875; 24.5117187652189; 29.9701; -5.45841; 0; 0; -0; -0; 0; 24.4553; 18.2621
518432.726; 6; -268809.487305; -1105.9375; 24.4075520984875; 33.6651; -9.25752; 0; 0; -0; -0; 0; 24.3529; 18.1856
518432.876; 6; -268810.297852; -1109.583984375; 24.309895810693; 28.3964; -4.08645; 0; 0; -0; -0; 0; 24.2506; 18.1092
518433.026; 6; -268811.109375; -1113.21484375; 24.2057291816956; 28.4306; -4.22483; 0; 0; -0; -0; 0; 24.1481; 18.0327
518433.176; 6; -268811.870117; -1116.83203125; 24.1145833108749; 26.6515; -2.53693; 0; 0; -0; -0; 0; 24.0458; 17.9563
518433.326; 6; -268812.541016; -1120.431640625; 23.9973958482329; 23.504; 0.493429; 0; 0; -0; -0; 0; 23.9434; 17.8798
518433.476; 6; -268813.205078; -1124.017578125; 23.906250014843; 23.2645; 0.64177; 0; 0; -0; -0; 0; 23.841; 17.8033
518433.626; 6; -268813.824219; -1127.5859375; 23.7890624778447; 21.6907; 2.09836; 0; 0; -0; -0; 0; 23.7386; 17.7269
518433.776; 6; -268814.454102; -1131.1396484375; 23.6914062647096; 22.067; 1.62436; 0; 0; -0; -0; 0; 23.6362; 17.6504
518433.926; 6; -268815.047852; -1134.6806640625; 23.6067708113478; 20.8012; 2.80559; 0; 0; -0; -0; 0; 23.5339; 17.574
518434.076; 6; -268815.646484; -1138.2021484375; 23.4765625145762; 20.9722; 2.50432; 0; 0; -0; -0; 0; 23.4315; 17.4976
518434.226; 6; -268816.227539; -1141.7109375; 23.391927097857; 20.3564; 3.03551; 0; 0; -0; -0; 0; 23.3291; 17.4211
518434.376; 6; -268816.725586; -1145.205078125; 23.2942708116389; 17.4484; 5.84591; 0; 0; -0; -0; 0; 23.2267; 17.3446
518434.526; 6; -268817.246094; -1148.681640625; 23.1770833477236; 18.2352; 4.94184; 0; 0; -0; -0; 0; 23.1244; 17.2682
518434.676; 6; -268817.740234; -1152.1435546875; 23.0794270618389; 17.3115; 5.76792; 0; 0; -0; -0; 0; 23.0219; 17.1917
518434.826; 6; -268818.213867; -1155.5908203125; 22.9817708476023; 16.593; 6.38872; 0; 0; -0; -0; 0; 22.9196; 17.1153
518434.976; 6; -268818.745117; -1159.021484375; 22.8710937642002; 18.6116; 4.25951; 0; 0; -0; -0; 0; 22.8172; 17.0388
518435.126; 6; -268819.291992; -1162.439453125; 22.7864583121118; 19.159; 3.62747; 0; 0; -0; -0; 0; 22.7148; 16.9624
518435.276; 6; -268819.866211; -1165.8388671875; 22.6627604307376; 20.1169; 2.54583; 0; 0; -0; -0; 0; 22.6124; 16.8859
518435.426; 6; -268820.50293; -1169.224609375; 22.5716145623119; 22.3065; 0.265084; 0; 0; -0; -0; 0; 22.5101; 16.8095
518435.576; 6; -268821.106445; -1172.5927734375; 22.4544270972749; 21.1433; 1.31112; 0; 0; -0; -0; 0; 22.4077; 16.733
518435.726; 6; -268821.713867; -1175.9501953125; 22.3828125138971; 21.2802; 1.10266; 0; 0; -0; -0; 0; 22.3053; 16.6565
518435.876; 6; -268822.419922; -1179.291015625; 22.2721353959241; 24.7356; -2.46348; 0; 0; -0; -0; 0; 22.2029; 16.5801
518436.026; 6; -268823.107422; -1182.6142578125; 22.1549479304223; 24.0856; -1.93063; 0; 0; -0; -0; 0; 22.1005; 16.5037
518436.176; 6; -268823.963867; -1185.9208984375; 22.044270812803; 30.0043; -7.96007; 0; 0; -0; -0; 0; 21.9981; 16.4272
518436.326; 6; -268824.614258; -1189.2138671875; 21.9531250136303; 22.7855; -0.83238; 0; 0; -0; -0; 0; 21.8957; 16.3507
518436.476; 6; -268825.234375; -1192.4912109375; 21.848958346899; 21.7249; 0.12404; 0; 0; -0; -0; 0; 21.7933; 16.2742
518436.626; 6; -268825.8125; -1195.75390625; 21.7513020630759; 20.2538; 1.49752; 0; 0; -0; -0; 0; 21.691; 16.1978
518436.776; 6; -268826.371094; -1199; 21.6406250134363; 19.5695; 2.07109; 0; 0; -0; -0; 0; 21.5886; 16.1213
518436.926; 6; -268827.03418; -1202.232421875; 21.5494791465972; 23.2303; -1.68079; 0; 0; -0; -0; 0; 21.4862; 16.0449
518437.076; 6; -268827.603516; -1205.447265625; 21.4322916799736; 19.9459; 1.48642; 0; 0; -0; -0; 0; 21.3838; 15.9685
518437.226; 6; -268828.293945; -1208.6494140625; 21.3476562632544; 24.1882; -2.84056; 0; 0; -0; -0; 0; 21.2814; 15.892
518437.376; 6; -268828.908203; -1211.8369140625; 21.2499999802094; 21.5196; -0.269644; 0; 0; -0; -0; 0; 21.179; 15.8155
518437.526; 6; -268829.466797; -1215.0078125; 21.1393229297917; 19.5695; 1.56979; 0; 0; -0; -0; 0; 21.0766; 15.7391
518437.676; 6; -268830.075195; -1218.162109375; 21.0286458137489; 21.3144; -0.285723; 0; 0; -0; -0; 0; 20.9743; 15.6626
518437.826; 6; -268830.647461; -1221.3017578125; 20.930989596329; 20.0485; 0.882482; 0; 0; -0; -0; 0; 20.8719; 15.5861
518437.976; 6; -268831.154297; -1224.4248046875; 20.820312512927; 17.7563; 3.06404; 0; 0; -0; -0; 0; 20.7695; 15.5097
518438.126; 6; -268831.6875; -1227.53515625; 20.7356770640217; 18.68; 2.05567; 0; 0; -0; -0; 0; 20.6672; 15.4333
518438.276; 6; -268832.198242; -1230.6279296875; 20.618489596135; 17.8931; 2.72537; 0; 0; -0; -0; 0; 20.5647; 15.3568
518438.426; 6; -268832.643555; -1233.703125; 20.50130206424; 15.6009; 4.90042; 0; 0; -0; -0; 0; 20.4623; 15.2803
518438.576; 6; -268833.100586; -1236.767578125; 20.4296875126844; 16.0114; 4.41825; 0; 0; -0; -0; 0; 20.3599; 15.2039
518438.726; 6; -268833.604492; -1239.814453125; 20.3125000126117; 17.6536; 2.65887; 0; 0; -0; -0; 0; 20.2576; 15.1274
518438.876; 6; -268834.087891; -1242.8466796875; 20.2148437311735; 16.9352; 3.27967; 0; 0; -0; -0; 0; 20.1552; 15.0509
518439.026; 6; -268834.490234; -1245.865234375; 20.1236979291611; 14.0955; 6.02816; 0; 0; -0; -0; 0; 20.0528; 14.9745
518439.176; 6; -268835.05957; -1248.865234375; 19.9999999813735; 19.9459; 0.0541297; 0; 0; -0; -0; 0; 19.9504; 14.898
518439.326; 6; -268835.481445; -1251.8515625; 19.9088541790277; 14.7798; 5.12907; 0; 0; -0; -0; 0; 19.848; 14.8216
518439.476; 6; -268836.087891; -1254.822265625; 19.8046875122964; 21.2459; -1.44126; 0; 0; -0; -0; 0; 19.7456; 14.7451
518439.626; 6; -268836.583984; -1257.779296875; 19.713541648307; 17.3799; 2.33361; 0; 0; -0; -0; 0; 19.6432; 14.6686
518439.776; 6; -268837.199219; -1260.716796875; 19.5833333454923; 21.5539; -1.97052; 0; 0; -0; -0; 0; 19.5408; 14.5922
518439.926; 6; -268837.749023; -1263.6416015625; 19.4986978985071; 19.2616; 0.237077; 0; 0; -0; -0; 0; 19.4385; 14.5157
518440.076; 6; -268838.186523; -1266.5517578125; 19.4010416787124; 15.3272; 4.07385; 0; 0; -0; -0; 0; 19.3361; 14.4393
518440.226; 6; -268838.761719; -1269.4462890625; 19.2968750119811; 20.1511; -0.85427; 0; 0; -0; -0; 0; 19.2337; 14.3628
518440.376; 6; -268839.196289; -1272.3203125; 19.1601562321557; 15.2245; 3.93561; 0; 0; -0; -0; 0; 19.1312; 14.2863
518440.526; 6; -268839.654297; -1275.1875; 19.1145833452012; 16.0456; 3.06893; 0; 0; -0; -0; 0; 19.0289; 14.2099
518440.676; 6; -268840.006836; -1278.033203125; 18.9713541489982; 12.3507; 6.62065; 0; 0; -0; -0; 0; 18.9266; 14.1335
518440.826; 6; -268840.518555; -1280.8681640625; 18.8997395950678; 17.9273; 0.972405; 0; 0; -0; -0; 0; 18.8241; 14.057
518440.976; 6; -268841.001953; -1283.6826171875; 18.763020844983; 16.9352; 1.82785; 0; 0; -0; -0; 0; 18.7217; 13.9805
518441.126; 6; -268841.508789; -1286.4873046875; 18.6979166492529; 17.7563; 0.941644; 0; 0; -0; -0; 0; 18.6194; 13.9041
518441.276; 6; -268842.257812; -1289.271484375; 18.561197928191; 26.241; -7.67977; 0; 0; -0; -0; 0; 18.517; 13.8276
518441.426; 6; -268842.926758; -1292.044921875; 18.4895833161136; 23.4355; -4.94596; 0; 0; -0; -0; 0; 18.4146; 13.7511
518441.576; 6; -268843.695312; -1294.80078125; 18.3723958447404; 26.9252; -8.55282; 0; 0; -0; -0; 0; 18.3121; 13.6747
518441.726; 6; -268844.321289; -1297.5400390625; 18.2617187613384; 21.9302; -3.66847; 0; 0; -0; -0; 0; 18.2098; 13.5982
518441.876; 6; -268845.071289; -1300.2646484375; 18.1640624830834; 26.2752; -8.11111; 0; 0; -0; -0; 0; 18.1074; 13.5218
518442.026; 6; -268845.770508; -1302.9736328125; 18.0598958445464; 24.4961; -6.43623; 0; 0; -0; -0; 0; 18.005; 13.4453
518442.176; 6; -268846.46875; -1305.6669921875; 17.9557291499441; 24.4619; -6.50619; 0; 0; -0; -0; 0; 17.9026; 13.3688
518442.326; 6; -268847.144531; -1308.34765625; 17.8710937610958; 23.675; -5.80394; 0; 0; -0; -0; 0; 17.8002; 13.2924
518442.476; 6; -268847.819336; -1311.009765625; 17.7473958443524; 23.6408; -5.89342; 0; 0; -0; -0; 0; 17.6978; 13.2159
518442.626; 6; -268848.386719; -1313.66015625; 17.6692708168775; 19.8774; -2.20817; 0; 0; -0; -0; 0; 17.5954; 13.1394
518442.776; 6; -268849.083008; -1316.2919921875; 17.5455729275604; 24.3935; -6.84792; 0; 0; -0; -0; 0; 17.493; 13.063
518442.926; 6; -268849.818359; -1318.9091796875; 17.447916650417; 25.762; -8.31407; 0; 0; -0; -0; 0; 17.3906; 12.9865
518443.076; 6; -268850.307617; -1321.5107421875; 17.3437500107684; 17.1404; 0.203302; 0; 0; -0; -0; 0; 17.2882; 12.9101
518443.226; 6; -268850.84375; -1324.099609375; 17.2591145940492; 18.7826; -1.52353; 0; 0; -0; -0; 0; 17.1859; 12.8336
518443.376; 6; -268851.416992; -1326.6689453125; 17.1289062340475; 20.0827; -2.95381; 0; 0; -0; -0; 0; 17.0835; 12.7571
518443.526; 6; -268851.892578; -1329.2236328125; 17.0312500105744; 16.6615; 0.369777; 0; 0; -0; -0; 0; 16.9811; 12.6807
518443.676; 6; -268852.269531; -1331.7646484375; 16.94010415089; 13.206; 3.73409; 0; 0; -0; -0; 0; 16.8787; 12.6042
518443.826; 6; -268852.644531; -1334.2919921875; 16.8489583437945; 13.1376; 3.71137; 0; 0; -0; -0; 0; 16.7763; 12.5277
518443.976; 6; -268852.991211; -1336.80078125; 16.7252604270511; 12.1454; 4.57983; 0; 0; -0; -0; 0; 16.6739; 12.4513
518444.126; 6; -268853.246094; -1339.2978515625; 16.6471354011628; 8.92945; 7.71768; 0; 0; -0; -0; 0; 16.5715; 12.3748
518444.276; 6; -268853.694336; -1341.7724609375; 16.4973958435763; 15.7035; 0.793872; 0; 0; -0; -0; 0; 16.4691; 12.2984
518444.426; 6; -268853.879883; -1344.2392578125; 16.4453124846841; 6.50037; 9.94494; 0; 0; -0; -0; 0; 16.3667; 12.2219
518444.576; 6; -268854.262695; -1346.6845703125; 16.302083343455; 13.4113; 2.89079; 0; 0; -0; -0; 0; 16.2643; 12.1454
518444.726; 6; -268854.640625; -1349.1201171875002274; 16.2369791767494; 13.2402; 2.99675; 0; 0; -0; -0; 0; 16.1619; 12.0689
518444.876; 6; -268855.258789; -1351.53515625; 16.1002604016706; 21.6565; -5.55623; 0; 0; -0; -0; 0; 16.0595; 11.9925
518445.026; 6; -268855.379883; -1353.9384765625; 16.0221354266145; 4.24235; 11.7798; 0; 0; -0; -0; 0; 15.9571; 11.916
518445.176; 6; -268855.856445; -1356.32421875; 15.904947901854; 16.6957; -0.790738; 0; 0; -0; -0; 0; 15.8547; 11.8396
518445.326; 6; -268856.330078; -1358.6982421875; 15.8268229264933; 16.593; -0.766225; 0; 0; -0; -0; 0; 15.7524; 11.7631
518445.476; 6; -268856.733398; -1361.0576171875; 15.7291666764326; 14.1298; 1.59942; 0; 0; -0; -0; 0; 15.65; 11.6867
518445.626; 6; -268857.101562; -1363.3955078125; 15.5859374854845; 12.8981; 2.68784; 0; 0; -0; -0; 0; 15.5475; 11.6102
518445.776; 6; -268857.582031; -1365.7226562500002274; 15.5143229263007; 16.8325; -1.31821; 0; 0; -0; -0; 0; 15.4451; 11.5337
518445.926; 6; -268857.994141; -1368.0322265625; 15.3971354023255; 14.4377; 0.959473; 0; 0; -0; -0; 0; 15.3428; 11.4573
518446.076; 6; -268858.166016; -1370.3271484375; 15.2994791761658; 6.02139; 9.27808; 0; 0; -0; -0; 0; 15.2404; 11.3808
518446.226; 6; -268858.53418; -1372.6064453125; 15.1953125094345; 12.8981; 2.29721; 0; 0; -0; -0; 0; 15.138; 11.3043
518446.376; 6; -268858.928711; -1374.869140625; 15.084635402618; 13.8218; 1.2628; 0; 0; -0; -0; 0; 15.0356; 11.2279
518446.526; 6; -268859.359375; -1377.1171875000002274; 14.9869791759733; 15.0877; -0.10072; 0; 0; -0; -0; 0; 14.9332; 11.1514
518446.676; 6; -268859.673828; -1379.353515625; 14.9088541527802; 11.0164; 3.89244; 0; 0; -0; -0; 0; 14.8308; 11.0749
518446.826; 6; -268860.070312; -1381.5703125; 14.7786458425091; 13.8903; 0.888383; 0; 0; -0; -0; 0; 14.7284; 10.9985
518446.976; 6; -268860.541016; -1383.7744140625; 14.6940104257899; 16.4904; -1.7964; 0; 0; -0; -0; 0; 14.626; 10.922
518447.126; 6; -268861.039062; -1385.9619140625; 14.5833333197515; 17.4484; -2.86503; 0; 0; -0; -0; 0; 14.5236; 10.8455
518447.276; 6; -268861.561523; -1388.1328125; 14.4726562589858; 18.3037; -3.83102; 0; 0; -0; -0; 0; 14.4212; 10.7691
518447.426; 6; -268862; -1390.2890625; 14.3749999866122; 15.3614; -0.986399; 0; 0; -0; -0; 0; 14.3188; 10.6926
518447.576; 6; -268862.445312; -1392.4306640625; 14.2773437588645; 15.6009; -1.32354; 0; 0; -0; -0; 0; 14.2164; 10.6161
518447.726; 6; -268863.056641; -1394.556640625; 14.1731770921332; 21.417; -7.24383; 0; 0; -0; -0; 0; 14.114; 10.5397
518447.876; 6; -268863.5; -1396.6669921875; 14.0690104035639; 15.5325; -1.46345; 0; 0; -0; -0; 0; 14.0116; 10.4632
518448.026; 6; -268863.889648; -1398.7626953124997726; 13.9713541753397; 13.6508; 0.320578; 0; 0; -0; -0; 0; 13.9092; 10.3867
518448.176; 6; -268864.243164; -1400.841796875; 13.8606770704261; 12.3849; 1.47576; 0; 0; -0; -0; 0; 13.8068; 10.3103
518448.326; 6; -268864.785156; -1402.90625; 13.7630208418785; 18.9879; -5.2249; 0; 0; -0; -0; 0; 13.7044; 10.2338
518448.476; 6; -268865.231445; -1404.955078125; 13.6588541751472; 15.6351; -1.97624; 0; 0; -0; -0; 0; 13.602; 10.1574
518448.626; 6; -268865.626953; -1406.9912109375; 13.574218737358; 13.8561; -0.281832; 0; 0; -0; -0; 0; 13.4996; 10.0809
518448.776; 6; -268866.029297; -1409.0068359375; 13.4375000083431; 14.0955; -0.658038; 0; 0; -0; -0; 0; 13.3972; 10.0044
518448.926; 6; -268866.298828; -1411.0126953125; 13.3723958208793; 9.44264; 3.92975; 0; 0; -0; -0; 0; 13.2948; 9.92797
518449.076; 6; -268866.691406; -1412.998046875; 13.2356770915511; 13.7534; -0.517736; 0; 0; -0; -0; 0; 13.1924; 9.85148
518449.226; 6; -268866.791992; -1414.9716796875; 13.1575520915026; 3.52388; 9.63367; 0; 0; -0; -0; 0; 13.09; 9.77501
518449.376; 6; -268867.09668; -1416.9277343750002274; 13.0403645711901; 10.6743; 2.36607; 0; 0; -0; -0; 0; 12.9876; 9.69856
518449.526; 6; -268867.511719; -1418.87109375; 12.9557291747091; 14.5403; -1.58457; 0; 0; -0; -0; 0; 12.8852; 9.6221
518449.676; 6; -268867.90918; -1420.7958984375; 12.8320312380492; 13.9245; -1.09244; 0; 0; -0; -0; 0; 12.7828; 9.54561
518449.826; 6; -268868.371094; -1422.7060546875; 12.7343750079065; 16.1825; -3.44812; 0; 0; -0; -0; 0; 12.6804; 9.46916
518449.976; 6; -268868.824219; -1424.6025390625; 12.6432291745166; 15.8746; -3.23136; 0; 0; -0; -0; 0; 12.578; 9.39268
518450.126; 6; -268869.195312; -1426.4785156249997726; 12.5065104050176; 13.0007; -0.494228; 0; 0; -0; -0; 0; 12.4756; 9.31621
518450.276; 6; -268869.629883; -1428.3466796875; 12.4544270910676; 15.2245; -2.77012; 0; 0; -0; -0; 0; 12.3732; 9.23974
518450.426; 6; -268870.078125; -1430.1953125; 12.3242187385222; 15.7035; -3.37931; 0; 0; -0; -0; 0; 12.2708; 9.16329
518450.576; 6; -268870.370117; -1432.02734375; 12.2135416742498; 10.2295; 1.98401; 0; 0; -0; -0; 0; 12.1685; 9.08684
518450.726; 6; -268870.700195; -1433.8525390625; 12.1679687575549; 11.5638; 0.604154; 0; 0; -0; -0; 0; 12.0661; 9.01037
518450.876; 6; -268871.077148; -1435.65234375; 11.998697905492; 13.206; -1.20732; 0; 0; -0; -0; 0; 11.9636; 8.93388
518451.026; 6; -268871.433594; -1437.4404296875002274; 11.9205729240694; 12.4876; -0.566979; 0; 0; -0; -0; 0; 11.8612; 8.85739
518451.176; 6; -268871.81543; -1439.212890625; 11.8164062389936; 13.3771; -1.56067; 0; 0; -0; -0; 0; 11.7588; 8.78095
518451.326; 6; -268872.100586; -1440.9707031250002274; 11.7187500072775; 9.99004; 1.72871; 0; 0; -0; -0; 0; 11.6564; 8.70446
518451.476; 6; -268872.425781; -1442.708984375; 11.5885416738603; 11.3928; 0.195789; 0; 0; -0; -0; 0; 11.554; 8.62801
518451.626; 6; -268872.771484; -1444.4375; 11.523437489268; 12.1112; -0.587777; 0; 0; -0; -0; 0; 11.4516; 8.55154
518451.776; 6; -268873.167969; -1446.150390625; 11.4192708404233; 13.8903; -2.47099; 0; 0; -0; -0; 0; 11.3492; 8.47506
518451.926; 6; -268873.636719; -1447.8466796875; 11.3085937394681; 16.422; -5.11339; 0; 0; -0; -0; 0; 11.2468; 8.39861
518452.076; 6; -268874.092773; -1449.525390625; 11.1914062569485; 15.9772; -4.78582; 0; 0; -0; -0; 0; 11.1444; 8.32215
518452.226; 6; -268874.662109; -1451.1923828125; 11.1132812569; 19.9459; -8.83259; 0; 0; -0; -0; 0; 11.042; 8.24566
518452.376; 6; -268875.067383; -1452.83984375; 10.9830729064379; 14.1982; -3.2151; 0; 0; -0; -0; 0; 10.9396; 8.16918
518452.526; 6; -268875.625; -1454.4765625; 10.9114583401081; 19.5353; -8.62386; 0; 0; -0; -0; 0; 10.8372; 8.09272
518452.676; 6; -268875.916016; -1456.0947265625; 10.7877604066198; 10.1953; 0.592444; 0; 0; -0; -0; 0; 10.7348; 8.01624
518452.826; 6; -268876.237305; -1457.69921875; 10.6966145899747; 11.2559; -0.559288; 0; 0; -0; -0; 0; 10.6324; 7.93977
518452.976; 6; -268876.449219; -1459.28515625; 10.5729166732312; 7.42411; 3.14881; 0; 0; -0; -0; 0; 10.53; 7.86332
518453.126; 6; -268876.935547; -1460.861328125; 10.5078124902138; 17.0378; -6.53; 0; 0; -0; -0; 0; 10.4276; 7.78685
518453.276; 6; -268877.202148; -1462.4169921875; 10.3710937564392; 9.34; 1.03109; 0; 0; -0; -0; 0; 10.3252; 7.71036
518453.426; 6; -268877.828125; -1463.9599609375002274; 10.2864583237548; 21.9302; -11.6437; 0; 0; -0; -0; 0; 10.2228; 7.63389
518453.576; 6; -268878.033203; -1465.4853515625; 10.1692708396457; 7.18462; 2.98465; 0; 0; -0; -0; 0; 10.1204; 7.55744
518453.726; 6; -268878.447266; -1466.998046875; 10.084635422928; 14.5061; -4.42145; 0; 0; -0; -0; 0; 10.018; 7.48095
518453.876; 6; -268878.792969; -1468.4931640625; 9.96744790738376; 12.1112; -2.14377; 0; 0; -0; -0; 0; 9.91556; 7.40448
518454.026; 6; -268878.976562; -1469.9755859375; 9.88281250613606; 6.43194; 3.45087; 0; 0; -0; -0; 0; 9.8132; 7.32804
518454.176; 6; -268879.383789; -1471.439453125; 9.75911457424445; 14.2666; -4.50749; 0; 0; -0; -0; 0; 9.71082; 7.25158
518454.326; 6; -268879.746094; -1472.8896484375; 9.66796875600267; 12.6928; -3.02486; 0; 0; -0; -0; 0; 9.60842; 7.17512
518454.476; 6; -268879.942383; -1474.32421875; 9.56380208927132; 6.87671; 2.6871; 0; 0; -0; -0; 0; 9.50597; 7.09862
518454.626; 6; -268880.21875; -1475.7431640625; 9.45963540785669; 9.68213; -0.222494; 0; 0; -0; -0; 0; 9.40357; 7.02215
518454.776; 6; -268880.30957; -1477.1455078125; 9.34895833913793; 3.18176; 6.1672; 0; 0; -0; -0; 0; 9.30118; 6.94569
518454.926; 6; -268880.595703; -1478.53515625; 9.26432290803859; 10.0243; -0.759931; 0; 0; -0; -0; 0; 9.19875; 6.8692
518455.076; 6; -268880.680664; -1479.91015625; 9.16666667235808; 2.97648; 6.19018; 0; 0; -0; -0; 0; 9.0963; 6.79269
518455.226; 6; -268881.071289; -1481.2705078125; 9.06901042229745; 13.685; -4.61598; 0; 0; -0; -0; 0; 8.99392; 6.71624
518455.376; 6; -268881.302734; -1482.6103515625; 8.93229165834782; 8.10836; 0.823936; 0; 0; -0; -0; 0; 8.89153; 6.63978
518455.526; 6; -268881.410156; -1483.939453125; 8.86067708883477; 3.76337; 5.09731; 0; 0; -0; -0; 0; 8.78913; 6.56331
518455.676; 6; -268881.533203; -1485.25; 8.73697915852972; 4.31077; 4.42621; 0; 0; -0; -0; 0; 8.68672; 6.48684
518455.826; 6; -268881.716797; -1486.546875; 8.64583333870137; 6.43194; 2.21389; 0; 0; -0; -0; 0; 8.58435; 6.41039
518455.976; 6; -268881.923828; -1487.826171875; 8.52864583862861; 7.25304; 1.2756; 0; 0; -0; -0; 0; 8.48188; 6.33387
518456.126; 6; -268882.050781; -1489.09375; 8.45052082546317; 4.44762; 4.0029; 0; 0; -0; -0; 0; 8.37951; 6.25742
518456.276; 6; -268882.220703; -1490.3427734375; 8.32682292183664; 5.95297; 2.37385; 0; 0; -0; -0; 0; 8.2771; 6.18095
518456.426; 6; -268882.507812; -1491.5791015625; 8.24218749232386; 10.0585; -1.81628; 0; 0; -0; -0; 0; 8.17471; 6.10449
518456.576; 6; -268882.717773; -1492.796875; 8.11848958837395; 7.35568; 0.762808; 0; 0; -0; -0; 0; 8.0723; 6.02801
518456.726; 6; -268882.94043; -1494.0029296875; 8.04036458832545; 7.80044; 0.239921; 0; 0; -0; -0; 0; 7.97002; 5.95164
518456.876; 6; -268883.138672; -1495.1904296875; 7.9166666592937; 6.94513; 0.971535; 0; 0; -0; -0; 0; 7.86747; 5.87506
518457.026; 6; -268883.228516; -1496.365234375; 7.83203125486277; 3.14755; 4.68448; 0; 0; -0; -0; 0; 7.76517; 5.79867
518457.176; 6; -268883.503906; -1497.5224609375002274; 7.71484374281651; 9.64792; -1.93307; 0; 0; -0; -0; 0; 7.66266; 5.72211
518457.326; 6; -268883.629883; -1498.666015625; 7.62369792139857; 4.41341; 3.21029; 0; 0; -0; -0; 0; 7.56026; 5.64565
518457.476; 6; -268883.766602; -1499.7939453124997726; 7.51953125466722; 4.78975; 2.72979; 0; 0; -0; -0; 0; 7.45784; 5.56917
518457.626; 6; -268883.989258; -1500.90625; 7.41536457642875; 7.80044; -0.385079; 0; 0; -0; -0; 0; 7.35543; 5.49269
518457.776; 6; -268884.134766; -1502.0029296874997726; 7.31119792120454; 5.09766; 2.21354; 0; 0; -0; -0; 0; 7.253; 5.4162
518457.926; 6; -268884.258789; -1503.0839843750002274; 7.20703124329096; 4.34498; 2.86205; 0; 0; -0; -0; 0; 7.15062; 5.33975
518458.076; 6; -268884.239258; -1504.1494140625; 7.10286458774186; -0.684249; 7.78711; 0; 0; -0; -0; 0; 7.0482; 5.26326
518458.226; 6; -268884.447266; -1505.201171875; 7.01171875435345; 7.28726; -0.275537; 0; 0; -0; -0; 0; 6.94579; 5.18679
518458.376; 6; -268884.518555; -1506.2353515625; 6.89453124357897; 2.49751; 4.39702; 0; 0; -0; -0; 0; 6.8434; 5.11033
518458.526; 6; -268884.568359; -1507.255859375; 6.80338542089076; 1.74484; 5.05855; 0; 0; -0; -0; 0; 6.74101; 5.03387
518458.676; 6; -268884.615234; -1508.2587890625; 6.68619791043966; 1.6422; 5.044; 0; 0; -0; -0; 0; 6.63859; 4.95739
518458.826; 6; -268884.732422; -1509.2509765624997726; 6.61458333743869; 4.1055; 2.50909; 0; 0; -0; -0; 0; 6.53615; 4.88089
518458.976; 6; -268884.961914; -1510.22265625; 6.47786458735684; 8.03993; -1.56207; 0; 0; -0; -0; 0; 6.43376; 4.80443
518459.126; 6; -268885.12793; -1511.181640625; 6.39322916071251; 5.81612; 0.577109; 0; 0; -0; -0; 0; 6.33133; 4.72794
518459.276; 6; -268885.240234; -1512.125; 6.28906250390476; 3.93443; 2.35463; 0; 0; -0; -0; 0; 6.22894; 4.65148
518459.426; 6; -268885.50293; -1513.052734375; 6.1848958275732; 9.20315; -3.01826; 0; 0; -0; -0; 0; 6.12651; 4.57499
518459.576; 6; -268885.72168; -1513.9648437500002274; 6.0807291704436; 7.66359; -1.58286; 0; 0; -0; -0; 0; 6.02415; 4.49856
518459.726; 6; -268885.893555; -1514.8613281249997726; 5.97656250370771; 6.02139; -0.0448323; 0; 0; -0; -0; 0; 5.92171; 4.42206
518459.876; 6; -268886.077148; -1515.744140625; 5.88541666118696; 6.43194; -0.546528; 0; 0; -0; -0; 0; 5.81933; 4.3456
518460.026; 6; -268886.257812; -1516.6103515625; 5.77473958691876; 6.32931; -0.554567; 0; 0; -0; -0; 0; 5.71691; 4.26912
518460.176; 6; -268886.543945; -1517.4609375; 5.67057291138553; 10.0243; -4.35368; 0; 0; -0; -0; 0; 5.61444; 4.1926
518460.326; 6; -268886.691406; -1518.296875; 5.57291667012679; 5.16608; 0.406834; 0; 0; -0; -0; 0; 5.51206; 4.11615
518460.476; 6; -268886.927734; -1519.1171875; 5.46875000339545; 8.27942; -2.81067; 0; 0; -0; -0; 0; 5.40967; 4.03969
518460.626; 6; -268887.077148; -1519.9248046875; 5.38411457831899; 5.23451; 0.149607; 0; 0; -0; -0; 0; 5.30723; 3.96319
518460.776; 6; -268887.182617; -1520.7128906250002274; 5.25390625326357; 3.69495; 1.55896; 0; 0; -0; -0; 0; 5.20484; 3.88673
518460.926; 6; -268887.349609; -1521.4853515625002274; 5.14973957853726; 5.85033; -0.700593; 0; 0; -0; -0; 0; 5.10246; 3.81028
518461.076; 6; -268887.413086; -1522.2451171875; 5.06510416980998; 2.22381; 2.84129; 0; 0; -0; -0; 0; 5; 3.73376
518461.226; 6; -268887.576172; -1522.9873046875; 4.94791666973874; 5.71348; -0.765566; 0; 0; -0; -0; 0; 4.89759; 3.65729
518461.376; 6; -268887.658203; -1523.7158203125; 4.85677082881011; 2.87385; 1.98292; 0; 0; -0; -0; 0; 4.79522; 3.58085
518461.526; 6; -268887.898438; -1524.4296875; 4.75911458628818; 8.41627; -3.65715; 0; 0; -0; -0; 0; 4.69282; 3.50438
518461.676; 6; -268888.054688; -1525.1279296875; 4.65494791233141; 5.474; -0.819047; 0; 0; -0; -0; 0; 4.59036; 3.42786
518461.826; 6; -268888.213867; -1525.8095703124997726; 4.54427083615327; 5.57663; -1.03236; 0; 0; -0; -0; 0; 4.48798; 3.35141
518461.976; 6; -268888.353516; -1526.4755859375; 4.44010416942496; 4.89238; -0.452279; 0; 0; -0; -0; 0; 4.38557; 3.27494
518462.126; 6; -268888.435547; -1527.126953125; 4.34244791262245; 2.87385; 1.4686; 0; 0; -0; -0; 0; 4.28314; 3.19845
518462.276; 6; -268888.553711; -1527.7626953125; 4.23828125263147; 4.13971; 0.0985723; 0; 0; -0; -0; 0; 4.18074; 3.12198
518462.426; 6; -268888.762695; -1528.3837890625; 4.14062499614374; 7.32147; -3.18084; 0; 0; -0; -0; 0; 4.07831; 3.04549
518462.576; 6; -268888.996094; -1528.98828125; 4.02994791916879; 8.17678; -4.14683; 0; 0; -0; -0; 0; 3.97586; 2.96899
518462.726; 6; -268889.175781; -1529.5771484375; 3.92578125243745; 6.29509; -2.36931; 0; 0; -0; -0; 0; 3.87345; 2.89251
518462.876; 6; -268889.37207; -1530.1533203125; 3.84114582975599; 6.87671; -3.03556; 0; 0; -0; -0; 0; 3.77103; 2.81603
518463.026; 6; -268889.515625; -1530.7119140625; 3.72395833564547; 5.02923; -1.30527; 0; 0; -0; -0; 0; 3.66863; 2.73956
518463.176; 6; -268889.575195; -1531.255859375; 3.62630207995608; 2.08696; 1.53934; 0; 0; -0; -0; 0; 3.56626; 2.66312
518463.326; 6; -268889.710938; -1531.783203125; 3.51562500218279; 4.75553; -1.23991; 0; 0; -0; -0; 0; 3.46387; 2.58665
518463.476; 6; -268889.910156; -1532.2958984375; 3.41796875212215; 6.97934; -3.56138; 0; 0; -0; -0; 0; 3.3614; 2.51014
518463.626; 6; -268890.045898; -1532.794921875; 3.32682291356832; 4.75553; -1.42871; 0; 0; -0; -0; 0; 3.25897; 2.43365
518463.776; 6; -268890.196289; -1533.2763671874997726; 3.20963541865795; 5.26872; -2.05909; 0; 0; -0; -0; 0; 3.15658; 2.35719
518463.926; 6; -268890.240234; -1533.744140625; 3.11848958043053; 1.53956; 1.57893; 0; 0; -0; -0; 0; 3.05415; 2.2807
518464.076; 6; -268890.373047; -1534.1953124999997726; 3.00781250186598; 4.6529; -1.64508; 0; 0; -0; -0; 0; 2.95174; 2.20422
518464.226; 6; -268890.487305; -1534.630859375; 2.90364583513767; 4.00286; -1.09921; 0; 0; -0; -0; 0; 2.84935; 2.12776
518464.376; 6; -268890.615234; -1535.0527343750002274; 2.81249999738217; 4.48183; -1.66933; 0; 0; -0; -0; 0; 2.74691; 2.05126
518464.526; 6; -268890.65625; -1535.45703125; 2.69531250167195; 1.43692; 1.25839; 0; 0; -0; -0; 0; 2.64454; 1.97482
518464.676; 6; -268890.896484; -1535.8486328125; 2.61067708090195; 8.41627; -5.80559; 0; 0; -0; -0; 0; 2.54215; 1.89836
518464.826; 6; -268890.881836; -1536.22265625; 2.4934895848815; -0.513187; 3.00668; 0; 0; -0; -0; 0; 2.4397; 1.82185
518464.976; 6; -268890.927734; -1536.58203125; 2.39583333482086; 1.60799; 0.787847; 0; 0; -0; -0; 0; 2.33727; 1.74536
518465.126; 6; -268890.985352; -1536.92578125; 2.29166666453239; 2.01854; 0.273131; 0; 0; -0; -0; 0; 2.23488; 1.6689
518465.276; 6; -268891.067383; -1537.2548828125; 2.19401041802889; 2.87385; -0.679837; 0; 0; -0; -0; 0; 2.13242; 1.59239
518465.426; 6; -268890.969727; -1537.5693359375; 2.09635416471428; -3.42125; 5.5176; 0; 0; -0; -0; 0; 2.03005; 1.51594
518465.576; 6; -268891.085938; -1537.8662109375; 1.9791666678955; 4.07128; -2.09212; 0; 0; -0; -0; 0; 1.92763; 1.43947
518465.726; 6; -268891.072266; -1538.1494140625; 1.88802083450557; -0.478975; 2.367; 0; 0; -0; -0; 0; 1.82517; 1.36295
518465.876; 6; -268891.102539; -1538.416015625; 1.77734374834472; 1.06059; 0.716757; 0; 0; -0; -0; 0; 1.72277; 1.28649
518466.026; 6; -268891.041016; -1538.6679687500002274; 1.6796875010444; -2.15539; 3.83507; 0; 0; -0; -0; 0; 1.62038; 1.21002
518466.176; 6; -268890.956055; -1538.9042968749997726; 1.57552083186298; -2.97648; 4.55201; 0; 0; -0; -0; 0; 1.51793; 1.13352
518466.326; 6; -268891.038086; -1539.1259765625; 1.47786458425243; 2.87385; -1.39598; 0; 0; -0; -0; 0; 1.41552; 1.05704
518466.476; 6; -268890.975586; -1539.3310546875; 1.36718750084886; -2.1896; 3.55679; 0; 0; -0; -0; 0; 1.31311; 0.980565
518466.626; 6; -268891.24707; -1539.521484375; 1.26953124881766; 9.51107; -8.24154; 0; 0; -0; -0; 0; 1.21072; 0.904111
518466.776; 6; -268891.365234; -1539.693359375; 1.14583333404476; 4.13971; -2.99388; 0; 0; -0; -0; 0; 1.10828; 0.827611
518466.926; 6; -268891.535156; -1539.8544921874997726; 1.07421874899804; 5.95297; -4.87875; 0; 0; -0; -0; 0; 1.00586; 0.751128
518467.076; 6; -268891.643555; -1540.0009765625; 0.976562500607846; 3.79758; -2.82102; 0; 0; -0; -0; 0; 0.903449; 0.674653
518467.226; 6; -268891.743164; -1540.1318359375002274; 0.872395833876504; 3.48967; -2.61728; 0; 0; -0; -0; 0; 0.801056; 0.598191
518467.376; 6; -268891.967773; -1540.244140625; 0.748697915967872; 7.86887; -7.12017; 0; 0; -0; -0; 0; 0.69859; 0.521674
518467.526; 6; -268892.067383; -1540.34375; 0.664062500412304; 3.48967; -2.82561; 0; 0; -0; -0; 0; 0.596197; 0.445212
518467.676; 6; -268892.135742; -1540.427734375; 0.55989583281189; 2.39487; -1.83498; 0; 0; -0; -0; 0; 0.493769; 0.368723
518467.826; 6; -268892.268555; -1540.4951171875; 0.449218750278912; 4.6529; -4.20368; 0; 0; -0; -0; 0; 0.391329; 0.292226
518467.976; 6; -268892.352539; -1540.5419921874997726; 0.31250000019251; 2.94227; -2.62977; 0; 0; -0; -0; 0; 0.288944; 0.21577
518468.126; 6; -268892.375977; -1540.576171875; 0.227864583122634; 0.821099; -0.593235; 0; 0; -0; -0; 0; 0.186515; 0.13928
518468.276; 6; -268892.37207; -1540.6044921874997726; 0.188802083449041; -0.13685; 0.325652; 0; 0; -0; -0; 0; 0.0841268; 0.0628219
518468.426; 6; -268892.237305; -1540.6103515625; 0.039062499965136; -4.72132; 4.76038; 0; 0; -0; -0; 0; -0.0183165; -0.0136779
518468.576; 6; -268892.199219; -1540.5986328125; -0.0781250000485064; -1.33429; 1.25616; 0; 0; -0; -0; 0; -0.120742; -0.0901642
518468.726; 6; -268892.344727; -1540.5712890625; -0.182291666779848; 5.09766; -5.27995; 0; 0; -0; -0; 0; -0.223166; -0.16665
518468.876; 6; -268892.224609; -1540.5332031249997726; -0.253906249765047; -4.20813; 3.95423; 0; 0; -0; -0; 0; -0.325533; -0.243093
518469.026; 6; -268892.227539; -1540.4794921874997726; -0.358072916888988; 0.102637; -0.46071; 0; 0; -0; -0; 0; -0.427978; -0.319594
518469.176; 6; -268892.314453; -1540.4111328125; -0.45572916624072; 3.04491; -3.50064; 0; 0; -0; -0; 0; -0.530425; -0.396097
518469.326; 6; -268892.318359; -1540.32421875; -0.579427083693089; 0.13685; -0.716277; 0; 0; -0; -0; 0; -0.632828; -0.472566
518469.476; 6; -268892.286133; -1540.2216796875; -0.683593750424431; -1.12901; 0.445418; 0; 0; -0; -0; 0; -0.735243; -0.549045
518469.626; 6; -268892.351562; -1540.1054687500002274; -0.774739582610285; 2.29224; -3.06698; 0; 0; -0; -0; 0; -0.837683; -0.625542
518469.776; 6; -268892.330078; -1539.9707031249997726; -0.898437500560855; -0.752674; -0.145763; 0; 0; -0; -0; 0; -0.940104; -0.702026
518469.926; 6; -268892.291016; -1539.8251953125; -0.970052082428386; -1.3685; 0.398447; 0; 0; -0; -0; 0; -1.0425; -0.77849
518470.076; 6; -268892.273438; -1539.66015625; -1.1002604173498; -0.615824; -0.484436; 0; 0; -0; -0; 0; -1.14492; -0.854974
518470.226; 6; -268892.277344; -1539.4833984375; -1.1783854173983; 0.13685; -1.31524; 0; 0; -0; -0; 0; -1.24733; -0.931451
518470.376; 6; -268892.262695; -1539.2890625; -1.29557291546007; -0.513187; -0.782386; 0; 0; -0; -0; 0; -1.34975; -1.00793
518470.526; 6; -268892.201172; -1539.080078125; -1.3932291675317; -2.15539; 0.762156; 0; 0; -0; -0; 0; -1.45221; -1.08445
518470.676; 6; -268891.97168; -1538.8564453125; -1.49088541527817; -8.03993; 6.54905; 0; 0; -0; -0; 0; -1.55458; -1.16089
518470.826; 6; -268891.857422; -1538.615234375; -1.60807291766509; -4.00286; 2.39479; 0; 0; -0; -0; 0; -1.65699; -1.23736
518470.976; 6; -268891.761719; -1538.3603515625002274; -1.6992187510535; -3.35282; 1.6536; 0; 0; -0; -0; 0; -1.75947; -1.31389
518471.126; 6; -268891.689453; -1538.0917968749997726; -1.79036458166896; -2.53172; 0.741358; 0; 0; -0; -0; 0; -1.8619; -1.39038
518471.276; 6; -268891.484375; -1537.8046875; -1.91406250118689; -7.18462; 5.27056; 0; 0; -0; -0; 0; -1.96415; -1.46673
518471.426; 6; -268891.397461; -1537.5048828125; -1.99869791480523; -3.04491; 1.04621; 0; 0; -0; -0; 0; -2.06675; -1.54335
518471.576; 6; -268891.357422; -1537.1875; -2.11588541798038; -1.40271; -0.713174; 0; 0; -0; -0; 0; -2.16915; -1.61982
518471.726; 6; -268891.289062; -1536.8564453125; -2.20703125137031; -2.39487; 0.187842; 0; 0; -0; -0; 0; -2.27154; -1.69628
518471.876; 6; -268891.139648; -1536.505859375; -2.33723958115661; -5.23451; 2.89727; 0; 0; -0; -0; 0; -2.37398; -1.77278
518472.026; 6; -268890.914062; -1536.14453125; -2.40885416816228; -7.90308; 5.49423; 0; 0; -0; -0; 0; -2.4764; -1.84926
518472.176; 6; -268890.819336; -1535.767578125; -2.5130208309929; -3.31861; 0.805589; 0; 0; -0; -0; 0; -2.57885; -1.92577
518472.326; 6; -268890.772461; -1535.375; -2.61718750162496; -1.6422; -0.974989; 0; 0; -0; -0; 0; -2.68124; -2.00223
518472.476; 6; -268890.638672; -1534.96484375; -2.73437500169772; -4.68711; 1.95273; 0; 0; -0; -0; 0; -2.78361; -2.07867
518472.626; 6; -268890.522461; -1534.5419921875; -2.81901041404126; -4.07128; 1.25227; 0; 0; -0; -0; 0; -2.88608; -2.15519
518472.776; 6; -268890.457031; -1534.1015624999997726; -2.93619791849121; -2.29224; -0.643962; 0; 0; -0; -0; 0; -2.98849; -2.23166
518472.926; 6; -268890.382812; -1533.6464843749997726; -3.03385416384117; -2.60015; -0.433706; 0; 0; -0; -0; 0; -3.09089; -2.30813
518473.076; 6; -268890.313477; -1533.1777343749997726; -3.12500000194026; -2.42909; -0.695915; 0; 0; -0; -0; 0; -3.19337; -2.38466
518473.226; 6; -268890.054688; -1532.6923828125; -3.23567708534079; -9.0663; 5.83063; 0; 0; -0; -0; 0; -3.29578; -2.46113
518473.376; 6; -268889.985352; -1532.1904296875; -3.34635416355013; -2.42909; -0.917269; 0; 0; -0; -0; 0; -3.3982; -2.53761
518473.526; 6; -268890.005859; -1531.6748046875; -3.43750000213428; 0.718462; -4.15596; 0; 0; -0; -0; 0; -3.5006; -2.61408
518473.676; 6; -268889.915039; -1531.1416015625; -3.55468749668944; -3.18176; -0.372928; 0; 0; -0; -0; 0; -3.6031; -2.69062
518473.826; 6; -268889.664062; -1530.5947265625; -3.64583333559696; -8.7926; 5.14677; 0; 0; -0; -0; 0; -3.70543; -2.76704
518473.976; 6; -268889.449219; -1530.0322265625002274; -3.75000000232679; -7.52674; 3.77674; 0; 0; -0; -0; 0; -3.8079; -2.84356
518474.126; 6; -268889.3125; -1529.4560546875002274; -3.84114582975599; -4.78975; 0.9486; 0; 0; -0; -0; 0; -3.91033; -2.92005
518474.276; 6; -268889.242188; -1528.861328125; -3.96484375246321; -2.4633; -1.50155; 0; 0; -0; -0; 0; -4.01274; -2.99653
518474.426; 6; -268889.209961; -1528.2548828124997726; -4.04296874623621; -1.12901; -2.91396; 0; 0; -0; -0; 0; -4.11513; -3.07299
518474.576; 6; -268889.175781; -1527.62890625; -4.17317708592287; -1.19744; -2.97574; 0; 0; -0; -0; 0; -4.21757; -3.14949
518474.726; 6; -268888.958008; -1526.9921874999997726; -4.2447916693037; -7.62938; 3.38459; 0; 0; -0; -0; 0; -4.32003; -3.22599
518474.876; 6; -268888.870117; -1526.3349609375; -4.38151041258455; -3.07912; -1.30239; 0; 0; -0; -0; 0; -4.42241; -3.30245
518475.026; 6; -268888.630859; -1525.6650390625; -4.46614583610628; -8.38206; 3.91591; 0; 0; -0; -0; 0; -4.52487; -3.37896
518475.176; 6; -268888.557617; -1524.98046875; -4.56380207908296; -2.56594; -1.99787; 0; 0; -0; -0; 0; -4.62728; -3.45544
518475.326; 6; -268888.336914; -1524.28125; -4.66145833622755; -7.73202; 3.07056; 0; 0; -0; -0; 0; -4.72958; -3.53183
518475.476; 6; -268888.203125; -1523.5634765625; -4.78515625297102; -4.68711; -0.0980478; 0; 0; -0; -0; 0; -4.83213; -3.60841
518475.626; 6; -268887.988281; -1522.83203125; -4.87630207879192; -7.52674; 2.65044; 0; 0; -0; -0; 0; -4.93455; -3.68489
518475.776; 6; -268887.713867; -1522.0859375; -4.97395833642157; -9.6137; 4.63975; 0; 0; -0; -0; 0; -5.037; -3.7614
518475.926; 6; -268887.487305; -1521.3232421875; -5.08463541193123; -7.93729; 2.85266; 0; 0; -0; -0; 0; -5.13945; -3.8379
518476.076; 6; -268887.320312; -1520.546875; -5.17578125321355; -5.85033; 0.674551; 0; 0; -0; -0; 0; -5.24183; -3.91436
518476.226; 6; -268887.070312; -1519.75390625; -5.2864583366156; -8.75839; 3.47193; 0; 0; -0; -0; 0; -5.34427; -3.99085
518476.376; 6; -268886.842773; -1518.943359375; -5.4036458283008; -7.97151; 2.56786; 0; 0; -0; -0; 0; -5.4467; -4.06734
518476.526; 6; -268886.689453; -1518.1201171875002274; -5.48828125340606; -5.37136; -0.116923; 0; 0; -0; -0; 0; -5.54915; -4.14385
518476.676; 6; -268886.564453; -1517.283203125; -5.5794270781386; -4.3792; -1.20023; 0; 0; -0; -0; 0; -5.65153; -4.2203
518476.826; 6; -268886.40332; -1516.4287109375; -5.69661458687026; -5.64506; -0.051557; 0; 0; -0; -0; 0; -5.754; -4.29682
518476.976; 6; -268886.335938; -1515.5595703125; -5.79427083693089; -2.36066; -3.43361; 0; 0; -0; -0; 0; -5.85641; -4.37329
518477.126; 6; -268886.179688; -1514.6738281249997726; -5.90494791116877; -5.474; -0.430953; 0; 0; -0; -0; 0; -5.9588; -4.44975
518477.276; 6; -268886.131836; -1513.7734375; -6.00260417039206; -1.67641; -4.32619; 0; 0; -0; -0; 0; -6.06127; -4.52627
518477.426; 6; -268886.029297; -1512.8603515625; -6.08723957766415; -3.59231; -2.49493; 0; 0; -0; -0; 0; -6.16368; -4.60275
518477.576; 6; -268885.771484; -1511.9287109375; -6.21093750385626; -9.03209; 2.82115; 0; 0; -0; -0; 0; -6.2661; -4.67923
518477.726; 6; -268885.585938; -1510.98046875; -6.32161458725831; -6.50037; 0.178755; 0; 0; -0; -0; 0; -6.36855; -4.75573
518477.876; 6; -268885.356445; -1510.0195312500002274; -6.4062499940322; -8.03993; 1.63368; 0; 0; -0; -0; 0; -6.47099; -4.83223
518478.026; 6; -268885.167969; -1509.0439453125; -6.50390625403967; -6.60301; 0.0991006; 0; 0; -0; -0; 0; -6.57337; -4.90868
518478.176; 6; -268885.052734; -1508.048828125; -6.63411457715483; -4.03707; -2.59704; 0; 0; -0; -0; 0; -6.67586; -4.98522
518478.326; 6; -268884.789062; -1507.041015625; -6.71875000417155; -9.23737; 2.51862; 0; 0; -0; -0; 0; -6.77823; -5.06166
518478.476; 6; -268884.604492; -1506.0166015625; -6.8294270875736; -6.46616; -0.36327; 0; 0; -0; -0; 0; -6.88066; -5.13816
518478.626; 6; -268884.22168; -1504.9794921875; -6.91406249356078; -13.4113; 6.49723; 0; 0; -0; -0; 0; -6.98311; -5.21466
518478.776; 6; -268884.102539; -1503.92578125; -7.02473958769487; -4.17392; -2.85082; 0; 0; -0; -0; 0; -7.08549; -5.29112
518478.926; 6; -268883.899414; -1502.8554687499997726; -7.13541666002281; -7.11619; -0.0192228; 0; 0; -0; -0; 0; -7.18795; -5.36763
518479.076; 6; -268883.604492; -1501.7705078125; -7.23307292115603; -10.3322; 3.09909; 0; 0; -0; -0; 0; -7.29038; -5.44411
518479.226; 6; -268883.516602; -1500.6689453125002274; -7.34375000455808; -3.07912; -4.26463; 0; 0; -0; -0; 0; -7.39281; -5.5206
518479.376; 6; -268883.46875; -1499.5546875; -7.42838540974996; -1.67641; -5.75197; 0; 0; -0; -0; 0; -7.49523; -5.59709
518479.526; 6; -268883.464844; -1498.4248046875; -7.53255208801016; -0.13685; -7.3957; 0; 0; -0; -0; 0; -7.59767; -5.67359
518479.676; 6; -268883.470703; -1497.2773437500002274; -7.64973957620744; 0.205275; -7.85501; 0; 0; -0; -0; 0; -7.70011; -5.75008
518479.826; 6; -268883.383789; -1496.1171875; -7.73437500480365; -3.04491; -4.68947; 0; 0; -0; -0; 0; -7.80253; -5.82656
518479.976; 6; -268883.201172; -1494.939453125; -7.85156250487489; -6.39773; -1.45383; 0; 0; -0; -0; 0; -7.90497; -5.90306
518480.126; 6; -268883.058594; -1493.7470703125002274; -7.9492187425952; -4.99502; -2.9542; 0; 0; -0; -0; 0; -8.00739; -5.97954
518480.276; 6; -268882.726562; -1492.5400390625; -8.04687500499767; -11.6322; 3.58536; 0; 0; -0; -0; 0; -8.10978; -6.056
518480.426; 6; -268882.49707; -1491.3173828125; -8.15104165907542; -8.03993; -0.111111; 0; 0; -0; -0; 0; -8.21225; -6.13252
518480.576; 6; -268882.253906; -1490.0781250000002274; -8.26171875512803; -8.51891; 0.257186; 0; 0; -0; -0; 0; -8.31465; -6.20899
518480.726; 6; -268882; -1488.8242187500002274; -8.35937500519018; -8.89524; 0.535867; 0; 0; -0; -0; 0; -8.41712; -6.28551
518480.876; 6; -268881.758789; -1487.5546875; -8.46354165878589; -8.45048; -0.0130615; 0; 0; -0; -0; 0; -8.51952; -6.36198
518481.026; 6; -268881.597656; -1486.271484375; -8.55468750531145; -5.64506; -2.90963; 0; 0; -0; -0; 0; -8.62199; -6.4385
518481.176; 6; -268881.304688; -1484.970703125; -8.67187499192369; -10.2637; 1.59187; 0; 0; -0; -0; 0; -8.72442; -6.51499
518481.326; 6; -268881.016602; -1483.65625; -8.76302083877413; -10.0927; 1.32966; 0; 0; -0; -0; 0; -8.82685; -6.59148
518481.476; 6; -268880.828125; -1482.322265625; -8.89322917218831; -6.60301; -2.29022; 0; 0; -0; -0; 0; -8.92926; -6.66795
518481.626; 6; -268880.657227; -1480.978515625; -8.95833332499024; -5.98718; -2.97115; 0; 0; -0; -0; 0; -9.03169; -6.74444
518481.776; 6; -268880.359375; -1479.6181640625; -9.06901042229745; -10.4348; 1.36579; 0; 0; -0; -0; 0; -9.13409; -6.82091
518481.926; 6; -268880.194336; -1478.2421875000002274; -9.17317707478863; -5.78191; -3.39127; 0; 0; -0; -0; 0; -9.23657; -6.89744
518482.076; 6; -268879.905273; -1476.8496093750002274; -9.28385417243084; -10.1269; 0.843037; 0; 0; -0; -0; 0; -9.33897; -6.97391
518482.226; 6; -268879.694336; -1475.4423828125; -9.38151042249299; -7.38989; -1.99162; 0; 0; -0; -0; 0; -9.44142; -7.05041
518482.376; 6; -268879.663086; -1474.0185546875; -9.49218749115971; -1.0948; -8.39739; 0; 0; -0; -0; 0; -9.54385; -7.1269
518482.526; 6; -268879.277344; -1472.58203125; -9.57682292261274; -13.5139; 3.9371; 0; 0; -0; -0; 0; -9.64629; -7.2034
518482.676; 6; -268879.086914; -1471.126953125; -9.70052082429902; -6.67143; -3.02909; 0; 0; -0; -0; 0; -9.7487; -7.27987
518482.826; 6; -268878.868164; -1469.658203125; -9.79166667274613; -7.66359; -2.12807; 0; 0; -0; -0; 0; -9.85115; -7.35637
518482.976; 6; -268878.599609; -1468.173828125; -9.89583333947748; -9.40843; -0.487404; 0; 0; -0; -0; 0; -9.95359; -7.43287
518483.126; 6; -268878.332031; -1466.6777343749997726; -9.97395832404588; -9.37422; -0.599741; 0; 0; -0; -0; 0; -10.056; -7.50931
518483.276; 6; -268878.147461; -1465.1591796875; -10.1236979229508; -6.46616; -3.65754; 0; 0; -0; -0; 0; -10.1584; -7.58584
518483.426; 6; -268878.00293; -1463.62890625; -10.2018229071655; -5.06345; -5.13838; 0; 0; -0; -0; 0; -10.2609; -7.66233
518483.576; 6; -268877.72168; -1462.083984375; -10.2994791730614; -9.85319; -0.446288; 0; 0; -0; -0; 0; -10.3633; -7.73884
518483.726; 6; -268877.387695; -1460.5234375000002274; -10.4036458397913; -11.7007; 1.29702; 0; 0; -0; -0; 0; -10.4657; -7.81532
518483.876; 6; -268877.102539; -1458.9462890625; -10.514322906876; -9.99004; -0.524282; 0; 0; -0; -0; 0; -10.5682; -7.89182
518484.026; 6; -268876.756836; -1457.3544921875002274; -10.6119791732539; -12.1112; 1.49924; 0; 0; -0; -0; 0; -10.6706; -7.96832
518484.176; 6; -268876.368164; -1455.7480468750002274; -10.7096354066925; -13.6166; 2.90693; 0; 0; -0; -0; 0; -10.7731; -8.04483
518484.326; 6; -268875.947266; -1454.125; -10.8203125067197; -14.7456; 3.92526; 0; 0; -0; -0; 0; -10.8755; -8.12131
518484.476; 6; -268875.533203; -1452.4873046875; -10.9179687567788; -14.5061; 3.58812; 0; 0; -0; -0; 0; -10.9778; -8.19772
518484.626; 6; -268875.15332; -1450.8349609375; -11.0156249897409; -13.3087; 2.29303; 0; 0; -0; -0; 0; -11.0803; -8.27428
518484.776; 6; -268874.666016; -1449.1650390625002274; -11.1328125069106; -17.072; 5.93921; 0; 0; -0; -0; 0; -11.1827; -8.35074
518484.926; 6; -268874.327148; -1447.4833984375; -11.2109374895605; -11.8717; 0.66079; 0; 0; -0; -0; 0; -11.2852; -8.42726
518485.076; 6; -268873.765625; -1445.7822265625; -11.3411458403748; -19.6722; 8.33102; 0; 0; -0; -0; 0; -11.3876; -8.50373
518485.226; 6; -268873.207031; -1444.0693359375; -11.4192708404233; -19.5695; 8.15026; 0; 0; -0; -0; 0; -11.4901; -8.5803
518485.376; 6; -268872.771484; -1442.3349609375; -11.5624999892316; -15.2588; 3.69626; 0; 0; -0; -0; 0; -11.5925; -8.65676
518485.526; 6; -268872.303711; -1440.5927734375; -11.6145833405446; -16.3878; 4.77319; 0; 0; -0; -0; 0; -11.6949; -8.73322
518485.676; 6; -268871.858398; -1438.8320312499997726; -11.7382812390694; -15.6009; 3.86261; 0; 0; -0; -0; 0; -11.7974; -8.80971
518485.826; 6; -268871.439453; -1437.0546875; -11.8489583406886; -14.6771; 2.82819; 0; 0; -0; -0; 0; -11.8998; -8.88619
518485.976; 6; -268871.026367; -1435.2626953125; -11.9466145907508; -14.4719; 2.52526; 0; 0; -0; -0; 0; -12.0022; -8.96272
518486.126; 6; -268870.544922; -1433.4560546875; -12.0442708221162; -16.8667; 4.82248; 0; 0; -0; -0; 0; -12.1046; -9.03917
518486.276; 6; -268870.145508; -1431.634765625; -12.141927090872; -13.9929; 1.85097; 0; 0; -0; -0; 0; -12.2071; -9.11572
518486.426; 6; -268869.683594; -1429.7978515625; -12.2460937385949; -16.1825; 3.9364; 0; 0; -0; -0; 0; -12.3096; -9.19223
518486.576; 6; -268869.405273; -1427.9443359375; -12.3567708410054; -9.75055; -2.60622; 0; 0; -0; -0; 0; -12.412; -9.26869
518486.726; 6; -268869.00293; -1426.076171875; -12.4544270910661; -14.0955; 1.64111; 0; 0; -0; -0; 0; -12.5144; -9.34519
518486.876; 6; -268868.652344; -1424.19140625; -12.5651041549645; -12.2823; -0.282827; 0; 0; -0; -0; 0; -12.6169; -9.42168
518487.026; 6; -268868.443359; -1422.2939453125; -12.6497395911873; -7.32147; -5.32827; 0; 0; -0; -0; 0; -12.7193; -9.49817
518487.176; 6; -268868.105469; -1420.3779296875002274; -12.7734374881023; -11.8375; -0.935923; 0; 0; -0; -0; 0; -12.8217; -9.57467
518487.326; 6; -268867.770508; -1418.4492187499997726; -12.858072924653; -11.7349; -1.1232; 0; 0; -0; -0; 0; -12.9241; -9.65115
518487.476; 6; -268867.354492; -1416.5039062500002274; -12.968750008049; -14.5745; 1.60576; 0; 0; -0; -0; 0; -13.0266; -9.72766
518487.626; 6; -268866.992188; -1414.541015625; -13.0859374878143; -12.6928; -0.393111; 0; 0; -0; -0; 0; -13.129; -9.80413
518487.776; 6; -268866.509766; -1412.56640625; -13.1640625081733; -16.901; 3.7369; 0; 0; -0; -0; 0; -13.2315; -9.88063
518487.926; 6; -268865.953125; -1410.5761718749997726; -13.2682291543112; -19.5011; 6.23288; 0; 0; -0; -0; 0; -13.3339; -9.95714
518488.076; 6; -268865.571289; -1408.5673828125; -13.3919270916466; -13.3771; -0.0148511; 0; 0; -0; -0; 0; -13.4363; -10.0336
518488.226; 6; -268865.267578; -1406.5478515625; -13.4635416750259; -10.6401; -2.82346; 0; 0; -0; -0; 0; -13.5388; -10.1101
518488.376; 6; -268864.985352; -1404.509765625; -13.5872395706792; -9.8874; -3.69984; 0; 0; -0; -0; 0; -13.6412; -10.1866
518488.526; 6; -268864.617188; -1402.4580078124997726; -13.6783854251608; -12.8981; -0.780284; 0; 0; -0; -0; 0; -13.7436; -10.2631
518488.676; 6; -268864.208984; -1400.388671875; -13.795572903817; -14.3008; 0.50524; 0; 0; -0; -0; 0; -13.8461; -10.3396
518488.826; 6; -268863.875977; -1398.3046875; -13.8932291752927; -11.6665; -2.22678; 0; 0; -0; -0; 0; -13.9485; -10.4161
518488.976; 6; -268863.518555; -1396.20703125; -13.9843750086826; -12.5218; -1.46261; 0; 0; -0; -0; 0; -14.0509; -10.4926
518489.126; 6; -268863.049805; -1394.091796875; -14.1015624868669; -16.422; 2.32042; 0; 0; -0; -0; 0; -14.1534; -10.5691
518489.276; 6; -268862.800781; -1391.962890625; -14.1927083421453; -8.72418; -5.46853; 0; 0; -0; -0; 0; -14.2558; -10.6456
518489.426; 6; -268862.427734; -1389.8183593749997726; -14.2968749866865; -13.0692; -1.22771; 0; 0; -0; -0; 0; -14.3583; -10.7221
518489.576; 6; -268861.961914; -1387.6572265625; -14.4075520922772; -16.3193; 1.9118; 0; 0; -0; -0; 0; -14.4607; -10.7986
518489.726; 6; -268861.55957; -1385.482421875; -14.4986979256686; -14.0955; -0.40316; 0; 0; -0; -0; 0; -14.5631; -10.8751
518489.876; 6; -268861.152344; -1383.291015625; -14.609374986394; -14.2666; -0.342775; 0; 0; -0; -0; 0; -14.6656; -10.9516
518490.026; 6; -268860.71875; -1381.0859375; -14.7005208424606; -15.1903; 0.489816; 0; 0; -0; -0; 0; -14.7681; -11.0281
518490.176; 6; -268860.077148; -1378.86328125; -14.8177083195333; -22.4776; 7.65988; 0; 0; -0; -0; 0; -14.8704; -11.1045
518490.326; 6; -268859.479492; -1376.6259765625002274; -14.9153645925925; -20.938; 6.02267; 0; 0; -0; -0; 0; -14.9729; -11.181
518490.476; 6; -268859.024414; -1374.373046875; -15.0195312593269; -15.943; 0.92348; 0; 0; -0; -0; 0; -15.0754; -11.2576
518490.626; 6; -268858.606445; -1372.1064453125; -15.1106770692604; -14.6429; -0.46774; 0; 0; -0; -0; 0; -15.1778; -11.3341
518490.776; 6; -268858.0625; -1369.822265625; -15.227864592788; -19.0563; 3.82848; 0; 0; -0; -0; 0; -15.2803; -11.4106
518490.926; 6; -268857.418945; -1367.5234375; -15.3255208190603; -22.546; 7.2205; 0; 0; -0; -0; 0; -15.3827; -11.4871
518491.076; 6; -268856.918945; -1365.2089843749997726; -15.4296875095815; -17.5168; 2.0871; 0; 0; -0; -0; 0; -15.4851; -11.5635
518491.226; 6; -268856.583008; -1362.880859375; -15.5208333429684; -11.7691; -3.75174; 0; 0; -0; -0; 0; -15.5875; -11.64
518491.376; 6; -268856.295898; -1360.537109375; -15.6249999854481; -10.0585; -5.56653; 0; 0; -0; -0; 0; -15.69; -11.7166
518491.526; 6; -268856.016602; -1358.1757812500002274; -15.7421875097725; -9.78477; -5.95742; 0; 0; -0; -0; 0; -15.7924; -11.793
518491.676; 6; -268855.525391; -1355.7998046875; -15.8398437352495; -17.2089; 1.36903; 0; 0; -0; -0; 0; -15.8948; -11.8695
518491.826; 6; -268855.130859; -1353.4111328125; -15.9244791765539; -13.8218; -2.10264; 0; 0; -0; -0; 0; -15.9973; -11.946
518491.976; 6; -268854.617188; -1351.00390625; -16.0481770932974; -17.9958; 1.94758; 0; 0; -0; -0; 0; -16.0997; -12.0225
518492.126; 6; -268854.174805; -1348.5810546875; -16.152343734957; -15.4982; -0.654095; 0; 0; -0; -0; 0; -16.2021; -12.099
518492.276; 6; -268853.801758; -1346.1435546875; -16.2500000100893; -13.0692; -3.18084; 0; 0; -0; -0; 0; -16.3046; -12.1755
518492.426; 6; -268853.237305; -1343.6923828125; -16.3411458181145; -19.7748; 3.43366; 0; 0; -0; -0; 0; -16.4071; -12.252
518492.576; 6; -268852.806641; -1341.2255859375; -16.4453125102106; -15.0877; -1.35761; 0; 0; -0; -0; 0; -16.5095; -12.3285
518492.726; 6; -268852.53125; -1338.7421875; -16.5559895936126; -9.64792; -6.90807; 0; 0; -0; -0; 0; -16.612; -12.405
518492.876; 6; -268852.09082; -1336.2431640625; -16.660156234484; -15.4298; -1.23033; 0; 0; -0; -0; 0; -16.7144; -12.4815
518493.026; 6; -268851.501953; -1333.7314453125; -16.7447916770632; -20.6301; 3.88533; 0; 0; -0; -0; 0; -16.8168; -12.558
518493.176; 6; -268851.109375; -1331.2001953125; -16.8749999842839; -13.7534; -3.12159; 0; 0; -0; -0; 0; -16.9193; -12.6345
518493.326; 6; -268850.647461; -1328.65625; -16.9596354271966; -16.1825; -0.777137; 0; 0; -0; -0; 0; -17.0217; -12.711
518493.476; 6; -268850.361328; -1326.0947265625; -17.0768229272694; -10.0243; -7.05257; 0; 0; -0; -0; 0; -17.1241; -12.7875
518493.626; 6; -268850.34668; -1323.521484375; -17.1549479006899; -0.513187; -16.6418; 0; 0; -0; -0; 0; -17.2266; -12.864
518493.776; 6; -268849.97168; -1320.9326171875; -17.2591145940492; -13.1376; -4.12153; 0; 0; -0; -0; 0; -17.329; -12.9405
518493.926; 6; -268849.525391; -1318.3251953125; -17.382812483811; -15.6351; -1.74771; 0; 0; -0; -0; 0; -17.4315; -13.017
518494.076; 6; -268849.226562; -1315.7021484375; -17.486979177524; -10.469; -7.01796; 0; 0; -0; -0; 0; -17.5339; -13.0935
518494.226; 6; -268848.741211; -1313.0673828125; -17.5651041775725; -17.0036; -0.561506; 0; 0; -0; -0; 0; -17.6364; -13.17
518494.376; 6; -268848.276367; -1310.4140625; -17.6888020668594; -16.2851; -1.40367; 0; 0; -0; -0; 0; -17.7388; -13.2465
518494.526; 6; -268847.735352; -1307.748046875; -17.7734375110352; -18.9537; 1.18027; 0; 0; -0; -0; 0; -17.8413; -13.323
518494.676; 6; -268847.003906; -1305.064453125; -17.8906249833381; -25.6251; 7.73452; 0; 0; -0; -0; 0; -17.9437; -13.3995
