tow; prn9; p-rng1; phase1; dopp1(carr); dopp1(range); bias1(Hz); p-rng2; phase2; dopp2(carr); dopp2(range); bias2(Hz); dopp1(eph); dopp2(eph); ebias1(ph); ebias1(rg) 
604591.931998636; 9; 718707.633789; 50921.3798828125; -50921.3914543274; -3.77683e+06; 3.72591e+06; 0; 0; -0; -0; 0; 2047.07; 1528.66; -52968.5; -3.77888e+06
604592.931998409; 9; 718315.336914; 48874.49609375; 2046.8842546786; 2061.53; -14.6502; 0; 0; -0; -0; 0; 2046.66; 1528.35; 0.222373; 14.8726
604593.931998182; 9; 717930.474609; 46828.01171875; 2046.48484004876; 2022.47; 24.0193; 0; 0; -0; -0; 0; 2046.25; 1528.04; 0.235194; -23.7841
604594.931997954; 9; 717537.283203; 44781.9453125; 2046.06687120378; 2066.24; -20.1684; 0; 0; -0; -0; 0; 2045.84; 1527.74; 0.229504; 20.3979
604595.931997727; 9; 717147.993164; 42736.2939453125; 2045.65183204696; 2045.73; -0.0815957; 0; 0; -0; -0; 0; 2045.43; 1527.43; 0.226758; 0.308354
604596.9319975; 9; 716758.251953; 40691.0517578125; 2045.24265226648; 2048.1; -2.8617; 0; 0; -0; -0; 0; 2045.01; 1527.12; 0.229936; 3.09164
604597.931997273; 9; 716370.166992; 38646.22265625; 2044.82956623511; 2039.4; 5.42887; 0; 0; -0; -0; 0; 2044.6; 1526.81; 0.22918; -5.19969
604598.931997045; 9; 715982.925781; 36601.8095703125; 2044.41355051557; 2034.97; 9.44679; 0; 0; -0; -0; 0; 2044.19; 1526.5; 0.22554; -9.22125
604599.931996818; 9; 715591.693359; 34557.8037109375; 2044.00632386053; 2055.94; -11.9344; 0; 0; -0; -0; 0; 2043.78; 1526.2; 0.23073; 12.1651
604600.931996591; 9; 715202.542969; 32514.2138671875; 2043.59030861681; 2045; -1.40926; 0; 0; -0; -0; 0; 2043.36; 1525.89; 0.227162; 1.63642
604601.931996363; 9; 714814.520508; 30471.03125; 2043.18308148596; 2039.07; 4.11082; 0; 0; -0; -0; 0; 2042.95; 1525.58; 0.232406; -3.87842
604602.931996136; 9; 714424.146484; 28428.267578125; 2042.76413607825; 2051.43; -8.66567; 0; 0; -0; -0; 0; 2042.54; 1525.27; 0.225993; 8.89166
604603.931995909; 9; 714036.555664; 26385.912109375; 2042.35593286049; 2036.8; 5.55196; 0; 0; -0; -0; 0; 2042.13; 1524.96; 0.230322; -5.32164
604604.931995682; 9; 713647.731445; 24343.96875; 2041.94382339184; 2043.29; -1.3417; 0; 0; -0; -0; 0; 2041.71; 1524.66; 0.230786; 1.57249
604605.931995454; 9; 713259.813477; 22302.44140625; 2041.52780767231; 2038.52; 3.00466; 0; 0; -0; -0; 0; 2041.3; 1524.35; 0.227372; -2.77729
604606.931995227; 9; 712870.65918; 20261.322265625; 2041.11960445455; 2045.02; -3.90049; 0; 0; -0; -0; 0; 2040.89; 1524.04; 0.23176; 4.13225
604607.931995; 9; 712482.651367; 18220.6220703125; 2040.70065904684; 2039; 1.70538; 0; 0; -0; -0; 0; 2040.48; 1523.73; 0.225496; -1.47988
604608.931994773; 9; 712094.845703; 16180.3310546875; 2040.2914797414; 2037.93; 2.3585; 0; 0; -0; -0; 0; 2040.06; 1523.42; 0.228993; -2.1295
604609.931994545; 9; 711705.078125; 14140.4501953125; 2039.88132292316; 2048.24; -8.36159; 0; 0; -0; -0; 0; 2039.65; 1523.12; 0.231558; 8.59315
604610.931994318; 9; 711317.78125; 12100.986328125; 2039.4643306409; 2035.26; 4.20505; 0; 0; -0; -0; 0; 2039.24; 1522.81; 0.22736; -3.97769
604611.931994091; 9; 710930.648438; 10061.93359375; 2039.05319773497; 2034.4; 4.65607; 0; 0; -0; -0; 0; 2038.82; 1522.5; 0.228981; -4.42709
604612.931993864; 9; 710542.18457; 8023.2919921875; 2038.64206482904; 2041.39; -2.7498; 0; 0; -0; -0; 0; 2038.41; 1522.19; 0.230671; 2.98047
604613.931993636; 9; 710154.473633; 5985.06640625; 2038.22604910951; 2037.44; 0.790858; 0; 0; -0; -0; 0; 2038; 1521.88; 0.22747; -0.563388
604614.931993409; 9; 709766.782227; 3947.251953125; 2037.81491620358; 2037.33; 0.482363; 0; 0; -0; -0; 0; 2037.59; 1521.57; 0.229235; -0.253128
604615.931993182; 9; 709377.726562; 1909.8486328125; 2037.40378329765; 2044.5; -7.098; 0; 0; -0; -0; 0; 2037.17; 1521.27; 0.231044; 7.32904
604616.931992954; 9; 708990.677734; -127.140625; 2036.98972117783; 2033.96; 3.03394; 0; 0; -0; -0; 0; 2036.76; 1520.96; 0.229903; -2.80404
604617.931992727; 9; 708604.994141; -2163.71484375; 2036.57468154675; 2026.78; 9.79326; 0; 0; -0; -0; 0; 2036.35; 1520.65; 0.227784; -9.56547
604618.9319925; 9; 708216.428711; -4199.8779296875; 2036.16354864082; 2041.93; -5.76203; 0; 0; -0; -0; 0; 2035.93; 1520.34; 0.229659; 5.99169
604619.931992273; 9; 707829.654297; -6235.6279296875; 2035.75046260945; 2032.51; 3.23674; 0; 0; -0; -0; 0; 2035.52; 1520.03; 0.229604; -3.00713
604620.931992045; 9; 707441.495117; -8270.9638671875; 2035.33640001536; 2039.79; -4.45432; 0; 0; -0; -0; 0; 2035.11; 1519.72; 0.228628; 4.68295
604621.931991818; 9; 707054.148438; -10305.8876953125; 2034.92429054671; 2035.52; -0.596712; 0; 0; -0; -0; 0; 2034.69; 1519.41; 0.229562; 0.826274
604622.931991591; 9; 706668.761719; -12340.396484375; 2034.50925138989; 2025.22; 9.28792; 0; 0; -0; -0; 0; 2034.28; 1519.11; 0.227662; -9.06025
604623.931991363; 9; 706279.726562; -14374.4951171875; 2034.09909552029; 2044.39; -10.2949; 0; 0; -0; -0; 0; 2033.87; 1518.8; 0.230629; 10.5255
604624.931991136; 9; 705893.489258; -16408.1796875; 2033.68503245259; 2029.69; 3.99384; 0; 0; -0; -0; 0; 2033.46; 1518.49; 0.229738; -3.7641
604625.931990909; 9; 705505.816406; -18441.451171875; 2033.27194642122; 2037.24; -3.9631; 0; 0; -0; -0; 0; 2033.04; 1518.18; 0.229933; 4.19303
604626.931990682; 9; 705118.591797; -20474.3056640625; 2032.85495413897; 2034.88; -2.02456; 0; 0; -0; -0; 0; 2032.63; 1517.87; 0.226091; 2.25066
604627.931990454; 9; 704731.955078; -22506.7509765625; 2032.44577435848; 2031.79; 0.655642; 0; 0; -0; -0; 0; 2032.22; 1517.56; 0.2302; -0.425442
604628.931990227; 9; 704345.939453; -24538.7861328125; 2032.03561801528; 2028.53; 3.50936; 0; 0; -0; -0; 0; 2031.8; 1517.25; 0.233385; -3.27597
604629.93199; 9; 703959.916992; -26570.4013671875; 2031.61569604485; 2028.56; 3.05351; 0; 0; -0; -0; 0; 2031.39; 1516.95; 0.226748; -2.82676
604630.931989773; 9; 703573.182617; -28601.607421875; 2031.20651626437; 2032.3; -1.0968; 0; 0; -0; -0; 0; 2030.98; 1516.64; 0.230934; 1.32774
604631.931989545; 9; 703186.111328; -30632.3974609375; 2030.79050101766; 2034.07; -3.28331; 0; 0; -0; -0; 0; 2030.56; 1516.33; 0.228306; 3.51162
604632.931989318; 9; 702799.829102; -32662.775390625; 2030.37839107618; 2029.93; 0.451128; 0; 0; -0; -0; 0; 2030.15; 1516.02; 0.229621; -0.221507
604633.931989091; 9; 702413.450195; -34692.740234375; 2029.96530504481; 2030.44; -0.470013; 0; 0; -0; -0; 0; 2029.74; 1515.71; 0.229961; 0.699974
604634.931988864; 9; 702026.71875; -36722.2890625; 2029.54928932528; 2032.29; -2.73863; 0; 0; -0; -0; 0; 2029.32; 1515.4; 0.227462; 2.9661
604635.931988636; 9; 701642.594727; -38751.427734375; 2029.13913298207; 2018.59; 10.5533; 0; 0; -0; -0; 0; 2028.91; 1515.09; 0.230795; -10.3225
604636.931988409; 9; 701255.645508; -40780.1494140625; 2028.72214069981; 2033.43; -4.71019; 0; 0; -0; -0; 0; 2028.49; 1514.79; 0.227356; 4.93755
604637.931988182; 9; 700870.754883; -42808.4619140625; 2028.31296091933; 2022.61; 5.69862; 0; 0; -0; -0; 0; 2028.08; 1514.48; 0.231703; -5.46691
604638.931987955; 9; 700483.97168; -44836.3564453125; 2027.89499207435; 2032.56; -4.66492; 0; 0; -0; -0; 0; 2027.67; 1514.17; 0.227376; 4.8923
604639.931987727; 9; 700097.586914; -46863.83984375; 2027.48385964048; 2030.47; -2.98225; 0; 0; -0; -0; 0; 2027.25; 1513.86; 0.229837; 3.21209
604640.9319875; 9; 699710.431641; -48890.9111328125; 2027.07174969977; 2034.52; -7.44341; 0; 0; -0; -0; 0; 2026.84; 1513.55; 0.231378; 7.67478
604641.931987273; 9; 699325.662109; -50917.5693359375; 2026.6586636684; 2021.98; 4.68067; 0; 0; -0; -0; 0; 2026.43; 1513.24; 0.232024; -4.44865
604642.931987045; 9; 698940.592773; -52943.8095703125; 2026.24069482342; 2023.55; 2.68722; 0; 0; -0; -0; 0; 2026.01; 1512.93; 0.227765; -2.45945
604643.931986818; 9; 698555.432617; -54969.6357421875; 2025.82663222933; 2024.03; 1.79589; 0; 0; -0; -0; 0; 2025.6; 1512.62; 0.227473; -1.56842
604644.931986591; 9; 698169.083984; -56995.0517578125; 2025.41647588613; 2030.28; -4.85975; 0; 0; -0; -0; 0; 2025.19; 1512.31; 0.231115; 5.09087
604645.931986364; 9; 697784.342773; -59020.0517578125; 2025.00046016659; 2021.83; 3.17129; 0; 0; -0; -0; 0; 2024.77; 1512; 0.228908; -2.94238
604646.931986136; 9; 697398.212891; -61044.640625; 2024.58932726066; 2029.13; -4.53736; 0; 0; -0; -0; 0; 2024.36; 1511.7; 0.231569; 4.76893
604647.931985909; 9; 697012.950195; -63068.8134765625; 2024.17331201241; 2024.57; -0.396277; 0; 0; -0; -0; 0; 2023.94; 1511.39; 0.229469; 0.625747
604648.931985682; 9; 696629.491211; -65092.572265625; 2023.75924894703; 2015.09; 8.66823; 0; 0; -0; -0; 0; 2023.53; 1511.08; 0.22928; -8.43895
604649.931985454; 9; 696243.799805; -67115.916015625; 2023.34420979022; 2026.82; -3.47827; 0; 0; -0; -0; 0; 2023.12; 1510.77; 0.228149; 3.70642
604650.931985227; 9; 695860.62793; -69138.8486328125; 2022.93307688429; 2013.58; 9.35083; 0; 0; -0; -0; 0; 2022.7; 1510.46; 0.230958; -9.11987
604651.931985; 9; 695473.897461; -71161.3662109375; 2022.51803772748; 2032.28; -9.76475; 0; 0; -0; -0; 0; 2022.29; 1510.15; 0.229941; 9.9947
604652.931984773; 9; 695088.110352; -73183.4697265625; 2022.10397513338; 2027.33; -5.22143; 0; 0; -0; -0; 0; 2021.87; 1509.84; 0.229897; 5.45133
604653.931984545; 9; 694703.744141; -75205.158203125; 2021.68893597657; 2019.86; 1.83041; 0; 0; -0; -0; 0; 2021.46; 1509.53; 0.228904; -1.6015
604654.931984318; 9; 694317.951172; -77226.4345703125; 2021.27682697854; 2027.36; -6.07937; 0; 0; -0; -0; 0; 2021.05; 1509.22; 0.230903; 6.31027
604655.931984091; 9; 693935.115234; -79247.294921875; 2020.86081078838; 2011.82; 9.04392; 0; 0; -0; -0; 0; 2020.63; 1508.91; 0.228984; -8.81494
604656.931983863; 9; 693552.837891; -81267.7431640625; 2020.44870131973; 2008.88; 11.5672; 0; 0; -0; -0; 0; 2020.22; 1508.6; 0.231017; -11.3362
604657.931983636; 9; 693166.412109; -83287.775390625; 2020.0326856002; 2030.68; -10.649; 0; 0; -0; -0; 0; 2019.8; 1508.29; 0.229145; 10.8781
604658.931983409; 9; 692780.78418; -85307.3935546875; 2019.61862300611; 2026.49; -6.87029; 0; 0; -0; -0; 0; 2019.39; 1507.99; 0.229358; 7.09964
604659.931983182; 9; 692398.93457; -87326.599609375; 2019.20651353746; 2006.63; 12.5728; 0; 0; -0; -0; 0; 2018.98; 1507.68; 0.231442; -12.3414
604660.931982954; 9; 692014.574219; -89345.3876953125; 2018.78854469248; 2019.83; -1.03919; 0; 0; -0; -0; 0; 2018.56; 1507.37; 0.227719; 1.26691
604661.931982727; 9; 691629.171875; -91363.76171875; 2018.37448209838; 2025.3; -6.92896; 0; 0; -0; -0; 0; 2018.15; 1507.06; 0.227983; 7.15695
604662.9319825; 9; 691246.207031; -93381.7255859375; 2017.96432622502; 2012.49; 5.47003; 0; 0; -0; -0; 0; 2017.73; 1506.75; 0.232098; -5.23793
604663.931982273; 9; 690861.139648; -95399.271484375; 2017.5463569102; 2023.54; -5.99686; 0; 0; -0; -0; 0; 2017.32; 1506.44; 0.228497; 6.22535
604664.931982045; 9; 690477.759766; -97416.40625; 2017.13522400427; 2014.68; 2.45988; 0; 0; -0; -0; 0; 2016.9; 1506.13; 0.231765; -2.22812
604665.931981818; 9; 690092.921875; -99433.1259765625; 2016.72018484746; 2022.34; -5.61704; 0; 0; -0; -0; 0; 2016.49; 1505.82; 0.231155; 5.8482
604666.931981591; 9; 689710.201172; -101449.427734375; 2016.30221600248; 2011.21; 5.09089; 0; 0; -0; -0; 0; 2016.07; 1505.51; 0.227601; -4.86329
604667.931981364; 9; 689325.698242; -103465.318359375; 2015.89108309655; 2020.58; -4.68591; 0; 0; -0; -0; 0; 2015.66; 1505.2; 0.230957; 4.91687
604668.931981136; 9; 688942.647461; -105480.7919921875; 2015.47409081429; 2012.95; 2.52819; 0; 0; -0; -0; 0; 2015.25; 1504.89; 0.228457; -2.29974
604669.931980909; 9; 688559.479492; -107495.8544921875; 2015.06295790836; 2013.56; 1.50123; 0; 0; -0; -0; 0; 2014.83; 1504.58; 0.231838; -1.2694
604670.931980682; 9; 688176.327148; -109510.5029296875; 2014.64889578334; 2013.48; 1.16928; 0; 0; -0; -0; 0; 2014.42; 1504.27; 0.232291; -0.93699
604671.931980454; 9; 687793.526367; -111524.732421875; 2014.22994990657; 2011.63; 2.59781; 0; 0; -0; -0; 0; 2014; 1503.96; 0.227969; -2.36984
604672.931980227; 9; 687408.742188; -113538.5517578125; 2013.81979356336; 2022.05; -8.23518; 0; 0; -0; -0; 0; 2013.59; 1503.65; 0.23245; 8.46763
604673.93198; 9; 687025.56543; -115551.951171875; 2013.39987159294; 2013.61; -0.208039; 0; 0; -0; -0; 0; 2013.17; 1503.34; 0.227162; 0.435201
604674.931979773; 9; 686644.441406; -117564.939453125; 2012.98873868701; 2002.82; 10.168; 0; 0; -0; -0; 0; 2012.76; 1503.03; 0.230717; -9.93731
604675.931979545; 9; 686260.335938; -119577.5107421875; 2012.57174640475; 2018.49; -5.91657; 0; 0; -0; -0; 0; 2012.34; 1502.72; 0.228451; 6.14503
604676.931979318; 9; 685878.50293; -121589.6689453125; 2012.15866037338; 2006.55; 5.61221; 0; 0; -0; -0; 0; 2011.93; 1502.41; 0.230071; -5.38213
604677.931979091; 9; 685493.280273; -123601.4140625; 2011.74557434201; 2024.36; -12.6136; 0; 0; -0; -0; 0; 2011.51; 1502.1; 0.231749; 12.8454
604678.931978863; 9; 685111.748047; -125612.7412109375; 2011.32760596533; 2004.97; 6.36177; 0; 0; -0; -0; 0; 2011.1; 1501.79; 0.228557; -6.13321
604679.931978636; 9; 684729.496094; -127623.6552734375; 2010.91451946566; 2008.75; 2.16649; 0; 0; -0; -0; 0; 2010.68; 1501.48; 0.230314; -1.93618
604680.931978409; 9; 684349.213867; -129634.1533203125; 2010.49850374612; 1998.4; 12.1015; 0; 0; -0; -0; 0; 2010.27; 1501.18; 0.229177; -11.8723
604681.931978182; 9; 683964.508789; -131644.2392578125; 2010.08639427748; 2021.64; -11.5529; 0; 0; -0; -0; 0; 2009.85; 1500.87; 0.231924; 11.7848
604682.931977954; 9; 683581.52832; -133653.9091796875; 2009.67037855794; 2012.58; -2.90603; 0; 0; -0; -0; 0; 2009.44; 1500.56; 0.230897; 3.13692
604683.931977727; 9; 683199.600586; -135663.1640625; 2009.25533940112; 2007.04; 2.21109; 0; 0; -0; -0; 0; 2009.02; 1500.25; 0.230802; -1.98029
604684.9319775; 9; 682817.229492; -137672.0009765625; 2008.83737055614; 2009.37; -0.536746; 0; 0; -0; -0; 0; 2008.61; 1499.94; 0.227758; 0.764504
604685.931977272; 9; 682434.810547; -139680.4296875; 2008.42916780601; 2009.63; -1.19641; 0; 0; -0; -0; 0; 2008.19; 1499.63; 0.234577; 1.43099
604686.931977045; 9; 682053.263672; -141688.4375; 2008.00826880524; 2005.04; 2.96545; 0; 0; -0; -0; 0; 2007.78; 1499.32; 0.228692; -2.73676
604687.931976818; 9; 681672.089844; -143696.03125; 2007.59420621114; 2003.08; 4.51176; 0; 0; -0; -0; 0; 2007.36; 1499.01; 0.229721; -4.28204
604688.931976591; 9; 681290.02832; -145703.2080078125; 2007.17721392889; 2007.75; -0.570099; 0; 0; -0; -0; 0; 2006.95; 1498.7; 0.227818; 0.797917
604689.931976364; 9; 680905.991211; -147709.974609375; 2006.76705758568; 2018.13; -11.362; 0; 0; -0; -0; 0; 2006.53; 1498.39; 0.232755; 11.5948
604690.931976136; 9; 680525.925781; -149716.322265625; 2006.34811217798; 1997.26; 9.09034; 0; 0; -0; -0; 0; 2006.12; 1498.08; 0.229001; -8.86134
604691.931975909; 9; 680142.950195; -151722.2578125; 2005.93600270933; 2012.55; -6.61474; 0; 0; -0; -0; 0; 2005.7; 1497.77; 0.23211; 6.84685
604692.931975682; 9; 679762.467773; -153727.7763671875; 2005.51901042707; 1999.45; 6.06993; 0; 0; -0; -0; 0; 2005.29; 1497.46; 0.230242; -5.83969
604693.931975454; 9; 679379.060547; -155732.876953125; 2005.10104204894; 2014.82; -9.71799; 0; 0; -0; -0; 0; 2004.87; 1497.15; 0.227557; 9.94555
604694.931975227; 9; 678998.489258; -157737.5673828125; 2004.69088523889; 1999.92; 4.77481; 0; 0; -0; -0; 0; 2004.46; 1496.84; 0.232714; -4.54209
604695.931975; 9; 678618.342773; -159741.83984375; 2004.27291639391; 1997.68; 6.5892; 0; 0; -0; -0; 0; 2004.04; 1496.53; 0.230049; -6.35915
604696.931974773; 9; 678235.129883; -161745.697265625; 2003.85787723709; 2013.8; -9.93991; 0; 0; -0; -0; 0; 2003.63; 1496.22; 0.230356; 10.1703
604697.931974545; 9; 677854.860352; -163749.140625; 2003.443814643; 1998.33; 5.11349; 0; 0; -0; -0; 0; 2003.21; 1495.91; 0.231626; -4.88186
604698.931974318; 9; 677473.850586; -165752.1640625; 2003.02389267257; 2002.22; 0.803605; 0; 0; -0; -0; 0; 2002.8; 1495.6; 0.227096; -0.576509
604699.931974091; 9; 677093.349609; -167754.7802734375; 2002.61666601753; 1999.55; 3.07008; 0; 0; -0; -0; 0; 2002.38; 1495.28; 0.235276; -2.83481
604700.931973864; 9; 676709.831055; -169756.9736328125; 2002.19381435894; 2015.4; -13.2103; 0; 0; -0; -0; 0; 2001.97; 1494.97; 0.227861; 13.4381
604701.931973636; 9; 676329.508789; -171758.75390625; 2001.78072879365; 1998.61; 3.17328; 0; 0; -0; -0; 0; 2001.55; 1494.66; 0.230275; -2.943
604702.931973409; 9; 675950.319336; -173760.1201171875; 2001.36666573348; 1992.65; 8.71219; 0; 0; -0; -0; 0; 2001.13; 1494.35; 0.231736; -8.48045
604703.931973182; 9; 675569.025391; -175761.0673828125; 2000.94772032578; 2003.71; -2.76594; 0; 0; -0; -0; 0; 2000.72; 1494.04; 0.228307; 2.99425
604704.931972954; 9; 675188.808594; -177761.60546875; 2000.5385405453; 1998.05; 2.48533; 0; 0; -0; -0; 0; 2000.3; 1493.73; 0.234711; -2.25062
604705.931972727; 9; 674809.022461; -179761.720703125; 2000.11568888671; 1995.79; 4.32564; 0; 0; -0; -0; 0; 1999.89; 1493.42; 0.227446; -4.09819
604706.9319725; 9; 674426.9375; -181761.42578125; 1999.7055325435; 2007.87; -8.16495; 0; 0; -0; -0; 0; 1999.47; 1493.11; 0.232936; 8.39788
604707.931972273; 9; 674045.429688; -183760.7080078125; 1999.28268088491; 2004.84; -5.55486; 0; 0; -0; -0; 0; 1999.06; 1492.8; 0.225767; 5.78063
604708.931972045; 9; 673666.411133; -185759.5810546875; 1998.87350110443; 1991.76; 7.1171; 0; 0; -0; -0; 0; 1998.64; 1492.49; 0.232224; -6.88488
604709.931971818; 9; 673286.236328; -187758.0361328125; 1998.45553272475; 1997.83; 0.622995; 0; 0; -0; -0; 0; 1998.23; 1492.18; 0.230015; -0.39298
604710.931971591; 9; 672904.847656; -189756.076171875; 1998.04049310263; 2004.21; -6.17096; 0; 0; -0; -0; 0; 1997.81; 1491.87; 0.230731; 6.40169
604711.931971363; 9; 672527.27832; -191753.701171875; 1997.62545394582; 1984.14; 13.4848; 0; 0; -0; -0; 0; 1997.39; 1491.56; 0.23146; -13.2533
604712.931971136; 9; 672145.226562; -193750.9091796875; 1997.20846166356; 2007.7; -10.4875; 0; 0; -0; -0; 0; 1996.98; 1491.25; 0.230274; 10.7178
604713.931970909; 9; 671765.563477; -195747.703125; 1996.79439906947; 1995.14; 1.65096; 0; 0; -0; -0; 0; 1996.56; 1490.94; 0.232053; -1.41891
604714.931970682; 9; 671385.545898; -197744.08203125; 1996.37935991265; 1997.01; -0.626946; 0; 0; -0; -0; 0; 1996.15; 1490.63; 0.232881; 0.859826
604715.931970455; 9; 671005.291016; -199740.041015625; 1995.95943794223; 1998.25; -2.29391; 0; 0; -0; -0; 0; 1995.73; 1490.32; 0.228894; 2.52281
604716.931970227; 9; 670626.285156; -201735.5830078125; 1995.54244612459; 1991.69; 3.85276; 0; 0; -0; -0; 0; 1995.31; 1490.01; 0.227795; -3.62496
604717.93197; 9; 670246.922852; -203730.7138671875; 1995.13131275404; 1993.56; 1.56849; 0; 0; -0; -0; 0; 1994.9; 1489.7; 0.232615; -1.33588
604718.931969773; 9; 669868.041992; -205725.4267578125; 1994.71334390906; 1991.03; 3.68054; 0; 0; -0; -0; 0; 1994.48; 1489.39; 0.230627; -3.44991
604719.931969545; 9; 669488.480469; -207719.724609375; 1994.29830475225; 1994.61; -0.311417; 0; 0; -0; -0; 0; 1994.07; 1489.08; 0.231649; 0.543065
604720.931969318; 9; 669107.96582; -209713.603515625; 1993.87935934455; 1999.62; -5.73907; 0; 0; -0; -0; 0; 1993.65; 1488.77; 0.228706; 5.96777
604721.931969091; 9; 668729.75293; -211707.0693359375; 1993.46627331317; 1987.52; 5.94367; 0; 0; -0; -0; 0; 1993.23; 1488.45; 0.231699; -5.71197
604722.931968864; 9; 668349.705078; -213700.119140625; 1993.05025759364; 1997.17; -4.11514; 0; 0; -0; -0; 0; 1992.82; 1488.14; 0.23178; 4.34692
604723.931968636; 9; 667969.961914; -215692.748046875; 1992.62935906049; 1995.56; -2.93489; 0; 0; -0; -0; 0; 1992.4; 1487.83; 0.227002; 3.16189
604724.931968409; 9; 667591.632812; -217684.9677734375; 1992.22017974386; 1988.13; 4.08688; 0; 0; -0; -0; 0; 1991.99; 1487.52; 0.234013; -3.85287
604725.931968182; 9; 667212.429688; -219676.7705078125; 1991.80318699775; 1992.73; -0.923138; 0; 0; -0; -0; 0; 1991.57; 1487.21; 0.23321; 1.15635
604726.931967954; 9; 666833.282227; -221668.1552734375; 1991.38521815277; 1992.43; -1.04859; 0; 0; -0; -0; 0; 1991.15; 1486.9; 0.231421; 1.28001
604727.931967727; 9; 666454.938477; -223659.119140625; 1990.96431961962; 1988.21; 2.75404; 0; 0; -0; -0; 0; 1990.74; 1486.59; 0.226818; -2.52722
604728.9319675; 9; 666076.891602; -225649.6708984375; 1990.55221015098; 1986.65; 3.90202; 0; 0; -0; -0; 0; 1990.32; 1486.28; 0.230966; -3.67106
604729.931967273; 9; 665696.796875; -227639.80859375; 1990.13814755688; 1997.41; -7.27358; 0; 0; -0; -0; 0; 1989.9; 1485.97; 0.233187; 7.50676
604730.931967045; 9; 665320.498047; -229629.5283203125; 1989.7201787119; 1977.46; 12.256; 0; 0; -0; -0; 0; 1989.49; 1485.66; 0.231578; -12.0245
604731.931966818; 9; 664938.975586; -231618.8310546875; 1989.30318642964; 2004.91; -15.6113; 0; 0; -0; -0; 0; 1989.07; 1485.35; 0.230928; 15.8423
604732.931966591; 9; 664561.103516; -233607.7158203125; 1988.88521804774; 1985.73; 3.15363; 0; 0; -0; -0; 0; 1988.66; 1485.04; 0.229377; -2.92426
604733.931966363; 9; 664183.113281; -235596.185546875; 1988.47017842785; 1986.35; 2.11764; 0; 0; -0; -0; 0; 1988.24; 1484.72; 0.230747; -1.88689
604734.931966136; 9; 663803.645508; -237584.2392578125; 1988.05416270831; 1994.12; -6.0629; 0; 0; -0; -0; 0; 1987.82; 1484.41; 0.231227; 6.29413
604735.931965909; 9; 663426.047852; -239571.8779296875; 1987.6391235515; 1984.29; 3.3496; 0; 0; -0; -0; 0; 1987.41; 1484.1; 0.232639; -3.11696
604736.931965682; 9; 663048.755859; -241559.0966796875; 1987.21920158107; 1982.68; 4.53595; 0; 0; -0; -0; 0; 1986.99; 1483.79; 0.229239; -4.30671
604737.931965454; 9; 662670.980469; -243545.900390625; 1986.80416242426; 1985.22; 1.58063; 0; 0; -0; -0; 0; 1986.57; 1483.48; 0.230735; -1.3499
604738.931965227; 9; 662292.0625; -245532.2900390625; 1986.39009983017; 1991.23; -4.83772; 0; 0; -0; -0; 0; 1986.16; 1483.17; 0.233266; 5.07098
604739.931965; 9; 661914.069336; -247518.2587890625; 1985.96920129702; 1986.37; -0.398734; 0; 0; -0; -0; 0; 1985.74; 1482.86; 0.228977; 0.627711
604740.931964773; 9; 661536.336914; -249503.8134765625; 1985.55513916523; 1985; 0.557413; 0; 0; -0; -0; 0; 1985.32; 1482.55; 0.231534; -0.325879
604741.931964545; 9; 661159.481445; -251488.9521484375; 1985.13912298339; 1980.39; 4.74982; 0; 0; -0; -0; 0; 1984.91; 1482.24; 0.232145; -4.51767
604742.931964318; 9; 660781.18457; -253473.673828125; 1984.72213070113; 1987.96; -3.24182; 0; 0; -0; -0; 0; 1984.49; 1481.92; 0.231866; 3.47368
604743.931964091; 9; 660404.461914; -255457.978515625; 1984.30513841887; 1979.69; 4.61377; 0; 0; -0; -0; 0; 1984.07; 1481.61; 0.231617; -4.38215
604744.931963864; 9; 660025.988281; -257441.8623046875; 1983.88423988573; 1988.89; -5.00858; 0; 0; -0; -0; 0; 1983.66; 1481.3; 0.227435; 5.23601
604745.931963636; 9; 659646.844727; -259425.333984375; 1983.47213041708; 1992.41; -8.94115; 0; 0; -0; -0; 0; 1983.24; 1480.99; 0.232118; 9.17327
604746.931963409; 9; 659270.707031; -261408.3896484375; 1983.05611469754; 1976.62; 6.43874; 0; 0; -0; -0; 0; 1982.82; 1480.68; 0.232906; -6.20583
604747.931963182; 9; 658894.076172; -263391.025390625; 1982.63619318874; 1979.21; 3.42722; 0; 0; -0; -0; 0; 1982.41; 1480.37; 0.229824; -3.19739
604748.931962954; 9; 658516.698242; -265373.2451171875; 1982.22017700758; 1983.13; -0.914679; 0; 0; -0; -0; 0; 1981.99; 1480.06; 0.230666; 1.14535
604749.931962727; 9; 658137.813477; -267355.05078125; 1981.80611441349; 1991.05; -9.24722; 0; 0; -0; -0; 0; 1981.57; 1479.75; 0.233505; 9.48072
604750.9319625; 9; 657761.765625; -269336.43359375; 1981.3832627549; 1976.15; 5.23802; 0; 0; -0; -0; 0; 1981.16; 1479.43; 0.227561; -5.01045
604751.931962273; 9; 657384.680664; -271317.40625; 1980.97310641169; 1981.6; -0.622188; 0; 0; -0; -0; 0; 1980.74; 1479.12; 0.234367; 0.856556
604752.931962045; 9; 657008.307617; -273297.958984375; 1980.55318444127; 1977.85; 2.69902; 0; 0; -0; -0; 0; 1980.32; 1478.81; 0.231432; -2.46759
604753.931961818; 9; 656631.852539; -275278.0927734375; 1980.13423903357; 1978.29; 1.849; 0; 0; -0; -0; 0; 1979.9; 1478.5; 0.229472; -1.61953
604754.931961591; 9; 656254.628906; -277257.8115234375; 1979.71919987675; 1982.32; -2.60482; 0; 0; -0; -0; 0; 1979.49; 1478.19; 0.231464; 2.83628
604755.931961363; 9; 655877.109375; -279237.115234375; 1979.30416118078; 1983.88; -4.57482; 0; 0; -0; -0; 0; 1979.07; 1477.88; 0.23353; 4.80835
604756.931961136; 9; 655501.405273; -281216; 1978.88521531224; 1974.34; 4.54639; 0; 0; -0; -0; 0; 1978.65; 1477.57; 0.231688; -4.3147
604757.931960909; 9; 655124.708984; -283194.462890625; 1978.46334021637; 1979.55; -1.08947; 0; 0; -0; -0; 0; 1978.24; 1477.25; 0.226916; 1.31639
604758.931960682; 9; 654748.894531; -285172.515625; 1978.05318387316; 1974.92; 3.13445; 0; 0; -0; -0; 0; 1977.82; 1476.94; 0.233935; -2.90052
604759.931960454; 9; 654371.597656; -287150.146484375; 1977.63130877729; 1982.71; -5.0776; 0; 0; -0; -0; 0; 1977.4; 1476.63; 0.229227; 5.30683
604760.931960227; 9; 653996.503906; -289127.3623046875; 1977.21626962048; 1971.13; 6.08486; 0; 0; -0; -0; 0; 1976.98; 1476.32; 0.231463; -5.8534
604761.93196; 9; 653621.363281; -291104.1640625; 1976.80220702639; 1971.38; 5.42447; 0; 0; -0; -0; 0; 1976.57; 1476.01; 0.23456; -5.18991
604762.931959773; 9; 653243.59082; -293080.544921875; 1976.38130849324; 1985.21; -8.82682; 0; 0; -0; -0; 0; 1976.15; 1475.7; 0.231013; 9.05784
604763.931959545; 9; 652866.40332; -295056.509765625; 1975.96529323377; 1982.13; -6.16885; 0; 0; -0; -0; 0; 1975.73; 1475.39; 0.232243; 6.40109
604764.931959318; 9; 652492.875977; -297032.05859375; 1975.54927705417; 1962.9; 12.6494; 0; 0; -0; -0; 0; 1975.32; 1475.07; 0.233571; -12.4158
604765.931959091; 9; 652116.644531; -299007.185546875; 1975.1274019583; 1977.11; -1.98264; 0; 0; -0; -0; 0; 1974.9; 1474.76; 0.22904; 2.21168
604766.931958864; 9; 651738.574219; -300981.8935546875; 1974.7084565506; 1986.77; -12.0649; 0; 0; -0; -0; 0; 1974.48; 1474.45; 0.227471; 12.2924
604767.931958636; 9; 651365.066406; -302956.1904296875; 1974.29732364467; 1962.8; 11.5001; 0; 0; -0; -0; 0; 1974.06; 1474.14; 0.233779; -11.2663
604768.931958409; 9; 650989.026367; -304930.068359375; 1973.87837823697; 1976.1; -2.22581; 0; 0; -0; -0; 0; 1973.65; 1473.83; 0.232313; 2.45813
604769.931958182; 9; 650614.193359; -306903.52734375; 1973.45943282927; 1969.76; 3.69823; 0; 0; -0; -0; 0; 1973.23; 1473.51; 0.230862; -3.46737
604770.931957955; 9; 650236.310547; -308876.5693359375; 1973.04244054701; 1985.79; -12.7456; 0; 0; -0; -0; 0; 1972.81; 1473.2; 0.23134; 12.9769
604771.931957727; 9; 649862.183594; -310849.19140625; 1972.62251903587; 1966.05; 6.57166; 0; 0; -0; -0; 0; 1972.39; 1472.89; 0.228953; -6.34271
604772.9319575; 9; 649487.352539; -312821.4013671875; 1972.21040910793; 1969.75; 2.45947; 0; 0; -0; -0; 0; 1971.98; 1472.58; 0.234404; -2.22507
604773.931957273; 9; 649112.608398; -314793.189453125; 1971.78853401207; 1969.29; 2.49434; 0; 0; -0; -0; 0; 1971.56; 1472.27; 0.230118; -2.26422
604774.931957045; 9; 648738.945312; -316764.5634765625; 1971.37447141797; 1963.61; 7.76126; 0; 0; -0; -0; 0; 1971.14; 1471.96; 0.233682; -7.52757
604775.931956818; 9; 648361.827148; -318735.51953125; 1970.95650257299; 1981.77; -10.8133; 0; 0; -0; -0; 0; 1970.72; 1471.64; 0.233359; 11.0466
604776.931956591; 9; 647987.316406; -320706.0537109375; 1970.53462747713; 1968.07; 2.46695; 0; 0; -0; -0; 0; 1970.31; 1471.33; 0.229167; -2.23778
604777.931956364; 9; 647611.176758; -322676.171875; 1970.11861175759; 1976.63; -6.50903; 0; 0; -0; -0; 0; 1969.89; 1471.02; 0.230864; 6.73989
604778.931956136; 9; 647236.144531; -324645.8779296875; 1969.70650274755; 1970.81; -1.1016; 0; 0; -0; -0; 0; 1969.47; 1470.71; 0.236499; 1.3381
604779.931955909; 9; 646861.710938; -326615.158203125; 1969.28072094218; 1967.66; 1.61846; 0; 0; -0; -0; 0; 1969.05; 1470.4; 0.228489; -1.38997
604780.931955682; 9; 646488.265625; -328584.0244140625; 1968.86665834809; 1962.47; 6.39785; 0; 0; -0; -0; 0; 1968.63; 1470.08; 0.232203; -6.16565
604781.931955454; 9; 646113.742188; -330552.4716796875; 1968.44771294039; 1968.13; 0.313318; 0; 0; -0; -0; 0; 1968.22; 1469.77; 0.231088; -0.0822294
604782.931955227; 9; 645736.583984; -332520.5; 1968.02876753269; 1981.98; -13.9514; 0; 0; -0; -0; 0; 1967.8; 1469.46; 0.230016; 14.1814
604783.931955; 9; 645363.730469; -334488.1162109375; 1967.61665806404; 1959.36; 8.25776; 0; 0; -0; -0; 0; 1967.38; 1469.15; 0.235776; -8.02199
604784.931954773; 9; 644989.162109; -336455.3095703125; 1967.19380640545; 1968.37; -1.17665; 0; 0; -0; -0; 0; 1966.96; 1468.84; 0.230864; 1.40752
604785.931954545; 9; 644616.716797; -338422.0830078125; 1966.77388443502; 1957.21; 9.56011; 0; 0; -0; -0; 0; 1966.55; 1468.52; 0.228864; -9.33125
604786.931954318; 9; 644241.352539; -340388.4423828125; 1966.35982229876; 1972.55; -6.19311; 0; 0; -0; -0; 0; 1966.13; 1468.21; 0.232758; 6.42587
604787.931954091; 9; 643868.299805; -342354.3857421875; 1965.94380612139; 1960.41; 5.53801; 0; 0; -0; -0; 0; 1965.71; 1467.9; 0.234734; -5.30328
604788.931953863; 9; 643493.680664; -344319.9033203125; 1965.51802477464; 1968.64; -3.11929; 0; 0; -0; -0; 0; 1965.29; 1467.59; 0.227018; 3.34631
604789.931953636; 9; 643119.801758; -346285.0087890625; 1965.10591530599; 1964.75; 0.358556; 0; 0; -0; -0; 0; 1964.87; 1467.28; 0.232896; -0.12566
604790.931953409; 9; 642745.484375; -348249.6962890625; 1964.68794646101; 1967.05; -2.36362; 0; 0; -0; -0; 0; 1964.45; 1466.96; 0.233069; 2.59669
604791.931953182; 9; 642372.680664; -350213.9609375; 1964.26509480242; 1959.1; 5.16793; 0; 0; -0; -0; 0; 1964.04; 1466.65; 0.228305; -4.93962
604792.931952955; 9; 641997.547852; -352177.8115234375; 1963.85103220833; 1971.34; -7.48565; 0; 0; -0; -0; 0; 1963.62; 1466.34; 0.232392; 7.71804
604793.931952727; 9; 641623.467773; -354141.2470703125; 1963.43599305151; 1965.8; -2.36853; 0; 0; -0; -0; 0; 1963.2; 1466.03; 0.235533; 2.60407
604794.9319525; 9; 641249.325195; -356104.2626953125; 1963.01607153814; 1966.13; -3.11689; 0; 0; -0; -0; 0; 1962.78; 1465.71; 0.233805; 3.3507
604795.931952273; 9; 640877.492188; -358066.85546875; 1962.5932194225; 1954; 8.59713; 0; 0; -0; -0; 0; 1962.36; 1465.4; 0.229208; -8.36792
604796.931952045; 9; 640503.216797; -360029.033203125; 1962.17818026568; 1966.83; -4.65272; 0; 0; -0; -0; 0; 1961.95; 1465.09; 0.2324; 4.88512
604797.931951818; 9; 640129.569336; -361990.791015625; 1961.75825829526; 1963.53; -1.77285; 0; 0; -0; -0; 0; 1961.53; 1464.78; 0.230777; 2.00363
604798.931951591; 9; 639758.385742; -363952.1328125; 1961.34224257572; 1950.58; 10.7588; 0; 0; -0; -0; 0; 1961.11; 1464.46; 0.233107; -10.5257
604799.931951364; 9; 639385.548828; -365913.0546875; 1960.9223206053; 1959.27; 1.65067; 0; 0; -0; -0; 0; 1960.69; 1464.15; 0.231505; -1.41916
0.93195113632828; 9; 639010.969727; -367873.5595703125; 0; 0; 0; 0; 0; 0; 0; 0; 1960.27; 1463.84; -1960.27; -1960.27
1.93195090908557; 9; 1.81314479237e+14; -369833.646484375; 1960.08735947806; -9.52814e+14; 9.52814e+14; 0; 0; -0; -0; 0; 2631; 1964.71; -670.911; -9.52814e+14
2.9179999998305; 9; -3544043.32422; -371793.3095703125; 1987.38896909995; 9.66295e+14; -9.66295e+14; 0; 0; -0; -0; 0; 0; 0; 1987.39; 9.66295e+14
3.91799977258779; 9; -3544416.14062; -373752.5595703125; 1959.25044522538; 1959.16; 0.0865619; 0; 0; -0; -0; 0; 0; 0; 1959.25; 1959.16
4.91799954534508; 9; -3544791.46191; -375711.392578125; 1958.83345294312; 1972.33; -13.4937; 0; 0; -0; -0; 0; 0; 0; 1958.83; 1972.33
5.91799931810237; 9; -3545162.35059; -377669.798828125; 1958.40669503364; 1949.03; 9.37313; 0; 0; -0; -0; 0; 0; 0; 1958.41; 1949.03
6.91799909085967; 9; -3545535.35645; -379627.7958984375; 1957.99751525316; 1960.16; -2.16195; 0; 0; -0; -0; 0; 0; 0; 1958; 1960.16
7.91799886361696; 9; -3545905.17188; -381585.369140625; 1957.57368703185; 1943.39; 14.18; 0; 0; -0; -0; 0; 0; 0; 1957.57; 1943.39
8.91799863614142; 9; -3546279.1543; -383542.525390625; 1957.15669520527; 1965.29; -8.13464; 0; 0; -0; -0; 0; 0; 0; 1957.16; 1965.29
9.91799840889871; 9; -3546651.16211; -385499.2626953125; 1956.73774934189; 1954.91; 1.82306; 0; 0; -0; -0; 0; 0; 0; 1956.74; 1954.91
10.917998181656; 9; -3547024.09668; -387455.58203125; 1956.3197804969; 1959.78; -3.46506; 0; 0; -0; -0; 0; 0; 0; 1956.32; 1959.78
11.9179979544133; 9; -3547396.79883; -389411.4833984375; 1955.90181165192; 1958.56; -2.66164; 0; 0; -0; -0; 0; 0; 0; 1955.9; 1958.56
12.9179977271706; 9; -3547768.66699; -391366.9638671875; 1955.48091311878; 1954.18; 1.30008; 0; 0; -0; -0; 0; 0; 0; 1955.48; 1954.18
13.9179974999279; 9; -3548140.38574; -393322.025390625; 1955.06196771108; 1953.4; 1.66631; 0; 0; -0; -0; 0; 0; 0; 1955.06; 1953.4
14.9179972726852; 9; -3548511.77539; -395276.6689453125; 1954.6439988661; 1951.67; 2.97778; 0; 0; -0; -0; 0; 0; 0; 1954.64; 1951.67
15.9179970454425; 9; -3548883.60156; -397230.8984375; 1954.229936272; 1953.96; 0.269771; 0; 0; -0; -0; 0; 0; 0; 1954.23; 1953.96
16.9179968179669; 9; -3549256.67773; -399184.69921875; 1953.80122569199; 1960.53; -6.72774; 0; 0; -0; -0; 0; 0; 0; 1953.8; 1960.53
17.9179965907242; 9; -3549627.25586; -401138.0888671875; 1953.39009233115; 1947.4; 5.98846; 0; 0; -0; -0; 0; 0; 0; 1953.39; 1947.4
18.9179963634815; 9; -3549997.8457; -403091.0556640625; 1952.96724067256; 1947.46; 5.50402; 0; 0; -0; -0; 0; 0; 0; 1952.97; 1947.46
19.9179961362388; 9; -3550372.99707; -405043.607421875; 1952.55220151575; 1971.43; -18.882; 0; 0; -0; -0; 0; 0; 0; 1952.55; 1971.43
20.9179959089961; 9; -3550741.93164; -406995.7373046875; 1952.13032641988; 1938.76; 13.3656; 0; 0; -0; -0; 0; 0; 0; 1952.13; 1938.76
21.9179956817534; 9; -3551115.86621; -408947.447265625; 1951.71040444946; 1965.04; -13.3295; 0; 0; -0; -0; 0; 0; 0; 1951.71; 1965.04
22.9179954545107; 9; -3551485.63379; -410898.744140625; 1951.29731841809; 1943.14; 8.15514; 0; 0; -0; -0; 0; 0; 0; 1951.3; 1943.14
23.917995227268; 9; -3551855.32324; -412849.6171875; 1950.87349019678; 1942.73; 8.14186; 0; 0; -0; -0; 0; 0; 0; 1950.87; 1942.73
24.9179949997924; 9; -3552227.72949; -414800.0712890625; 1950.4545452432; 1957.01; -6.55395; 0; 0; -0; -0; 0; 0; 0; 1950.45; 1957.01
25.9179947725497; 9; -3552600.10742; -416750.107421875; 1950.03657594409; 1956.86; -6.8231; 0; 0; -0; -0; 0; 0; 0; 1950.04; 1956.86
26.917994545307; 9; -3552970.125; -418699.7255859375; 1949.61860709911; 1944.46; 5.16267; 0; 0; -0; -0; 0; 0; 0; 1949.62; 1944.46
27.9179943180643; 9; -3553342.14648; -420648.921875; 1949.19673200324; 1954.99; -5.78981; 0; 0; -0; -0; 0; 0; 0; 1949.2; 1954.99
28.9179940908216; 9; -3553710.60059; -422597.701171875; 1948.77973972099; 1936.24; 12.5399; 0; 0; -0; -0; 0; 0; 0; 1948.78; 1936.24
29.9179938635789; 9; -3554082.89844; -424546.0576171875; 1948.3568880624; 1956.44; -8.08197; 0; 0; -0; -0; 0; 0; 0; 1948.36; 1956.44
30.9179936363362; 9; -3554451.9668; -426493.998046875; 1947.94087234286; 1939.47; 8.47311; 0; 0; -0; -0; 0; 0; 0; 1947.94; 1939.47
31.9179934088606; 9; -3554823.62207; -428441.517578125; 1947.51997426316; 1953.06; -5.54211; 0; 0; -0; -0; 0; 0; 0; 1947.52; 1953.06
32.9179931816179; 9; -3555193.59277; -430388.62109375; 1947.10395809018; 1944.21; 2.89435; 0; 0; -0; -0; 0; 0; 0; 1947.1; 1944.21
33.9179929543752; 9; -3555564.75195; -432335.3017578125; 1946.68110643159; 1950.46; -3.77399; 0; 0; -0; -0; 0; 0; 0; 1946.68; 1950.46
34.9179927271325; 9; -3555935.38184; -434281.5625; 1946.26118446116; 1947.67; -1.41244; 0; 0; -0; -0; 0; 0; 0; 1946.26; 1947.67
35.9179924998898; 9; -3556305.08984; -436227.4072265625; 1945.84516874163; 1942.83; 3.01603; 0; 0; -0; -0; 0; 0; 0; 1945.85; 1942.83
36.9179922726471; 9; -3556676.29688; -438172.8310546875; 1945.42427020848; 1950.71; -5.28229; 0; 0; -0; -0; 0; 0; 0; 1945.42; 1950.71
37.9179920454044; 9; -3557044.40039; -440117.8359375; 1945.00532480078; 1934.4; 10.6079; 0; 0; -0; -0; 0; 0; 0; 1945.01; 1934.4
38.9179918181617; 9; -3557415.21875; -442062.41796875; 1944.58247314219; 1948.66; -4.0816; 0; 0; -0; -0; 0; 0; 0; 1944.58; 1948.66
39.9179915906861; 9; -3557786.34766; -444006.5830078125; 1944.16548131259; 1950.3; -6.13053; 0; 0; -0; -0; 0; 0; 0; 1944.17; 1950.3
40.9179913634434; 9; -3558155.98828; -445950.3349609375; 1943.75239482856; 1942.48; 1.27736; 0; 0; -0; -0; 0; 0; 0; 1943.75; 1942.48
41.9179911362007; 9; -3558525.2334; -447893.658203125; 1943.32368379364; 1940.4; 2.92706; 0; 0; -0; -0; 0; 0; 0; 1943.32; 1940.4
42.917990908958; 9; -3558895.12402; -449836.5634765625; 1942.90571494866; 1943.79; -0.883081; 0; 0; -0; -0; 0; 0; 0; 1942.91; 1943.79
43.9179906817153; 9; -3559265.05273; -451779.0537109375; 1942.49067579184; 1943.99; -1.49826; 0; 0; -0; -0; 0; 0; 0; 1942.49; 1943.99
44.9179904544726; 9; -3559633.37109; -453721.12109375; 1942.06782413325; 1935.53; 6.54134; 0; 0; -0; -0; 0; 0; 0; 1942.07; 1935.53
45.9179902272299; 9; -3560003.75293; -455662.7705078125; 1941.64985528827; 1946.37; -4.72027; 0; 0; -0; -0; 0; 0; 0; 1941.65; 1946.37
46.9179899999872; 9; -3560372.86035; -457603.9990234375; 1941.22895675513; 1939.67; 1.55592; 0; 0; -0; -0; 0; 0; 0; 1941.23; 1939.67
47.9179897725116; 9; -3560741.42773; -459544.80859375; 1940.8100117993; 1936.84; 3.9749; 0; 0; -0; -0; 0; 0; 0; 1940.81; 1936.84
48.9179895452689; 9; -3561109.29688; -461485.1982421875; 1940.390089377; 1933.17; 7.22427; 0; 0; -0; -0; 0; 0; 0; 1940.39; 1933.17
49.9179893180262; 9; -3561479.97168; -463425.1669921875; 1939.96919084385; 1947.91; -7.9405; 0; 0; -0; -0; 0; 0; 0; 1939.97; 1947.91
50.9179890907835; 9; -3561849.51172; -465364.716796875; 1939.55024543615; 1941.95; -2.39621; 0; 0; -0; -0; 0; 0; 0; 1939.55; 1941.95
51.9179888635408; 9; -3562218.65918; -467303.84375; 1939.12739377756; 1939.88; -0.756047; 0; 0; -0; -0; 0; 0; 0; 1939.13; 1939.88
52.9179886362981; 9; -3562588.07422; -469242.5537109375; 1938.7104014953; 1941.29; -2.57917; 0; 0; -0; -0; 0; 0; 0; 1938.71; 1941.29
53.9179884090554; 9; -3562957.15918; -471180.845703125; 1938.29243265032; 1939.56; -1.26257; 0; 0; -0; -0; 0; 0; 0; 1938.29; 1939.56
54.9179881818127; 9; -3563325.11426; -473118.7138671875; 1937.86860442901; 1933.62; 4.25118; 0; 0; -0; -0; 0; 0; 0; 1937.87; 1933.62
55.9179879543371; 9; -3563694.71094; -475056.1640625; 1937.45063603513; 1942.24; -4.79347; 0; 0; -0; -0; 0; 0; 0; 1937.45; 1942.24
56.9179877270944; 9; -3564063.1377; -476993.1953125; 1937.03169017633; 1936.1; 0.93557; 0; 0; -0; -0; 0; 0; 0; 1937.03; 1936.1
57.9179874998517; 9; -3564431.46582; -478929.8046875; 1936.60981508046; 1935.58; 1.03201; 0; 0; -0; -0; 0; 0; 0; 1936.61; 1935.58
58.917987272609; 9; -3564797.83984; -480865.994140625; 1936.18989311003; 1925.31; 10.881; 0; 0; -0; -0; 0; 0; 0; 1936.19; 1925.31
59.9179870453663; 9; -3565166.64648; -482801.7646484375; 1935.77094770233; 1938.09; -2.32147; 0; 0; -0; -0; 0; 0; 0; 1935.77; 1938.09
60.9179868181236; 9; -3565536.44629; -484737.1171875; 1935.35297885735; 1943.31; -7.95855; 0; 0; -0; -0; 0; 0; 0; 1935.35; 1943.31
61.9179865908809; 9; -3565903.78516; -486672.0458984375; 1934.92915063604; 1930.38; 4.54994; 0; 0; -0; -0; 0; 0; 0; 1934.93; 1930.38
62.9179863634054; 9; -3566273.04004; -488606.5546875; 1934.50922911603; 1940.45; -5.93872; 0; 0; -0; -0; 0; 0; 0; 1934.51; 1940.45
63.9179861361627; 9; -3566640.83887; -490540.6455078125; 1934.09125982064; 1932.8; 1.29493; 0; 0; -0; -0; 0; 0; 0; 1934.09; 1932.8
64.9179859089199; 9; -3567008.45312; -492474.314453125; 1933.66938472477; 1931.83; 1.84298; 0; 0; -0; -0; 0; 0; 0; 1933.67; 1931.83
65.9179856816772; 9; -3567376.56641; -494407.5625; 1933.24848619162; 1934.45; -1.2003; 0; 0; -0; -0; 0; 0; 0; 1933.25; 1934.45
66.9179854544345; 9; -3567744.70898; -496340.392578125; 1932.83051734664; 1934.6; -1.77223; 0; 0; -0; -0; 0; 0; 0; 1932.83; 1934.6
67.9179852271918; 9; -3568112.40625; -498272.7998046875; 1932.40766568805; 1932.26; 0.145054; 0; 0; -0; -0; 0; 0; 0; 1932.41; 1932.26
68.9179849999491; 9; -3568479.84277; -500204.7900390625; 1931.99067340579; 1930.89; 1.09827; 0; 0; -0; -0; 0; 0; 0; 1931.99; 1930.89
69.9179847727064; 9; -3568847.54785; -502136.359375; 1931.56977487265; 1932.3; -0.733892; 0; 0; -0; -0; 0; 0; 0; 1931.57; 1932.3
70.9179845452309; 9; -3569215.17871; -504067.5048828125; 1931.14594710096; 1931.91; -0.767698; 0; 0; -0; -0; 0; 0; 0; 1931.15; 1931.91
71.9179843179882; 9; -3569581.97363; -505998.234375; 1930.7299309318; 1927.52; 3.20917; 0; 0; -0; -0; 0; 0; 0; 1930.73; 1927.52
72.9179840907454; 9; -3569949.86035; -507928.5390625; 1930.30512614776; 1933.26; -2.95307; 0; 0; -0; -0; 0; 0; 0; 1930.31; 1933.26
73.9179838635027; 9; -3570316.13574; -509858.4248046875; 1929.88618074006; 1924.79; 5.09557; 0; 0; -0; -0; 0; 0; 0; 1929.89; 1924.79
74.91798363626; 9; -3570683.7627; -511787.8935546875; 1929.4691884578; 1931.89; -2.42393; 0; 0; -0; -0; 0; 0; 0; 1929.47; 1931.89
75.9179834090173; 9; -3571051.41797; -513716.9384765625; 1929.04536023649; 1932.04; -2.99658; 0; 0; -0; -0; 0; 0; 0; 1929.05; 1932.04
76.9179831817746; 9; -3571416.95801; -515645.5625; 1928.62446170335; 1920.93; 7.69815; 0; 0; -0; -0; 0; 0; 0; 1928.62; 1920.93
77.9179829545319; 9; -3571783.00977; -517573.76953125; 1928.20746942109; 1923.62; 4.59206; 0; 0; -0; -0; 0; 0; 0; 1928.21; 1923.62
78.9179827270564; 9; -3572150.86426; -519501.5517578125; 1927.7826650859; 1933.09; -5.30618; 0; 0; -0; -0; 0; 0; 0; 1927.78; 1933.09
79.9179824998137; 9; -3572519.42188; -521428.916015625; 1927.36469579207; 1936.78; -9.41909; 0; 0; -0; -0; 0; 0; 0; 1927.36; 1936.78
80.917982272571; 9; -3572884.68848; -523355.8564453125; 1926.94086757076; 1919.49; 7.45148; 0; 0; -0; -0; 0; 0; 0; 1926.94; 1919.49
81.9179820453282; 9; -3573251.93066; -525282.3779296875; 1926.52192216306; 1929.87; -3.34924; 0; 0; -0; -0; 0; 0; 0; 1926.52; 1929.87
82.9179818180855; 9; -3573618.375; -527208.4794921875; 1926.10200019263; 1925.68; 0.42358; 0; 0; -0; -0; 0; 0; 0; 1926.1; 1925.68
83.9179815908428; 9; -3573985.26953; -529134.162109375; 1925.68305478493; 1928.04; -2.36116; 0; 0; -0; -0; 0; 0; 0; 1925.68; 1928.04
84.9179813636001; 9; -3574352.00391; -531059.421875; 1925.26020312634; 1927.2; -1.94238; 0; 0; -0; -0; 0; 0; 0; 1925.26; 1927.2
85.9179811363574; 9; -3574717.62793; -532984.259765625; 1924.83832803047; 1921.37; 3.47068; 0; 0; -0; -0; 0; 0; 0; 1924.84; 1921.37
86.9179809088819; 9; -3575082.58008; -534908.6796875; 1924.42035963356; 1917.84; 6.58344; 0; 0; -0; -0; 0; 0; 0; 1924.42; 1917.84
87.9179806816392; 9; -3575449.31543; -536832.6767578125; 1923.9975075269; 1927.21; -3.21021; 0; 0; -0; -0; 0; 0; 0; 1924; 1927.21
88.9179804543965; 9; -3575817.40723; -538756.2529296875; 1923.57660899376; 1934.34; -10.7593; 0; 0; -0; -0; 0; 0; 0; 1923.58; 1934.34
89.9179802271537; 9; -3576181.83789; -540679.408203125; 1923.15571046061; 1915.1; 8.05921; 0; 0; -0; -0; 0; 0; 0; 1923.16; 1915.1
90.917979999911; 9; -3576546.76367; -542602.1435546875; 1922.73578849019; 1917.7; 5.03743; 0; 0; -0; -0; 0; 0; 0; 1922.74; 1917.7
91.9179797726683; 9; -3576913.11719; -544524.45703125; 1922.31391339432; 1925.2; -2.88724; 0; 0; -0; -0; 0; 0; 0; 1922.31; 1925.2
92.9179795454256; 9; -3577278.40723; -546446.349609375; 1921.89301486117; 1919.61; 2.28047; 0; 0; -0; -0; 0; 0; 0; 1921.89; 1919.61
93.9179793179501; 9; -3577644.34082; -548367.8193359375; 1921.47016364996; 1922.99; -1.52429; 0; 0; -0; -0; 0; 0; 0; 1921.47; 1922.99
94.9179790907074; 9; -3578010.72461; -550288.8701171875; 1921.05121779488; 1925.36; -4.30903; 0; 0; -0; -0; 0; 0; 0; 1921.05; 1925.36
95.9179788634647; 9; -3578376.0459; -552209.50390625; 1920.63422551262; 1919.78; 0.857458; 0; 0; -0; -0; 0; 0; 0; 1920.63; 1919.78
96.917978636222; 9; -3578741.7041; -554129.7119140625; 1920.20844416587; 1921.55; -1.33882; 0; 0; -0; -0; 0; 0; 0; 1920.21; 1921.55
97.9179784089793; 9; -3579106.5; -556049.5; 1919.78852219544; 1917.02; 2.7727; 0; 0; -0; -0; 0; 0; 0; 1919.79; 1917.02
98.9179781817365; 9; -3579472.22461; -557968.8662109375; 1919.36664709957; 1921.9; -2.52958; 0; 0; -0; -0; 0; 0; 0; 1919.37; 1921.9
99.9179779544938; 9; -3579838.09668; -559887.8115234375; 1918.94574856643; 1922.67; -3.72539; 0; 0; -0; -0; 0; 0; 0; 1918.95; 1922.67
100.917977727251; 9; -3580201.14551; -561806.333984375; 1918.52289690784; 1907.83; 10.688; 0; 0; -0; -0; 0; 0; 0; 1918.52; 1907.83
101.917977499776; 9; -3580565.7793; -563724.4384765625; 1918.10492850945; 1916.16; 1.941; 0; 0; -0; -0; 0; 0; 0; 1918.1; 1916.16
102.917977272533; 9; -3580931.03711; -565642.115234375; 1917.67719359066; 1919.44; -1.766; 0; 0; -0; -0; 0; 0; 0; 1917.68; 1919.44
103.91797704529; 9; -3581296.5498; -567559.380859375; 1917.26606068473; 1920.78; -3.51655; 0; 0; -0; -0; 0; 0; 0; 1917.27; 1920.78
104.917976818047; 9; -3581662.34082; -569476.2197265625; 1916.83930277525; 1922.25; -5.4059; 0; 0; -0; -0; 0; 0; 0; 1916.84; 1922.25
105.917976590805; 9; -3582027.20996; -571392.6337890625; 1916.41449799122; 1917.4; -0.986213; 0; 0; -0; -0; 0; 0; 0; 1916.41; 1917.4
106.917976363562; 9; -3582391.17383; -573308.6298828125; 1915.99652914624; 1912.64; 3.35306; 0; 0; -0; -0; 0; 0; 0; 1916; 1912.64
107.917976136319; 9; -3582755.48145; -575224.20703125; 1915.57758373854; 1914.45; 1.1277; 0; 0; -0; -0; 0; 0; 0; 1915.58; 1914.45
108.917975909077; 9; -3583119.83301; -577139.3603515625; 1915.15375551723; 1914.68; 0.472936; 0; 0; -0; -0; 0; 0; 0; 1915.15; 1914.68
109.917975681601; 9; -3583483.6582; -579054.09375; 1914.73383399261; 1911.91; 2.81909; 0; 0; -0; -0; 0; 0; 0; 1914.73; 1911.91
110.917975454358; 9; -3583848.41504; -580968.40234375; 1914.30902876277; 1916.81; -2.50152; 0; 0; -0; -0; 0; 0; 0; 1914.31; 1916.81
111.917975227116; 9; -3584212.21289; -582882.2919921875; 1913.89008335507; 1911.77; 2.11904; 0; 0; -0; -0; 0; 0; 0; 1913.89; 1911.77
112.917974999873; 9; -3584575.34277; -584795.759765625; 1913.4682082592; 1908.26; 5.20736; 0; 0; -0; -0; 0; 0; 0; 1913.47; 1908.26
113.91797477263; 9; -3584941.18652; -586708.806640625; 1913.04730972605; 1922.52; -9.47501; 0; 0; -0; -0; 0; 0; 0; 1913.05; 1922.52
114.917974545388; 9; -3585303.98242; -588621.4306640625; 1912.62445806746; 1906.51; 6.11871; 0; 0; -0; -0; 0; 0; 0; 1912.62; 1906.51
115.917974318145; 9; -3585668.86719; -590533.6318359375; 1912.20160640887; 1917.48; -5.28121; 0; 0; -0; -0; 0; 0; 0; 1912.2; 1917.48
116.917974090902; 9; -3586033.28809; -592445.412109375; 1911.78070787573; 1915.05; -3.26447; 0; 0; -0; -0; 0; 0; 0; 1911.78; 1915.05
117.917973863427; 9; -3586394.96387; -594356.7734375; 1911.36176291305; 1900.62; 10.7423; 0; 0; -0; -0; 0; 0; 0; 1911.36; 1900.62
118.917973636184; 9; -3586760.47656; -596267.7109375; 1910.93793424671; 1920.78; -9.84468; 0; 0; -0; -0; 0; 0; 0; 1910.94; 1920.78
119.917973408941; 9; -3587122.37207; -598178.2265625; 1910.51605915084; 1901.77; 8.7419; 0; 0; -0; -0; 0; 0; 0; 1910.52; 1901.77
120.917973181698; 9; -3587486.4209; -600088.3203125; 1910.09418405498; 1913.09; -2.99575; 0; 0; -0; -0; 0; 0; 0; 1910.09; 1913.09
121.917972954456; 9; -3587848.99805; -601997.9931640625; 1909.67328552183; 1905.36; 4.31708; 0; 0; -0; -0; 0; 0; 0; 1909.67; 1905.36
122.917972727213; 9; -3588213.59863; -603907.24609375; 1909.25336355141; 1915.99; -6.73608; 0; 0; -0; -0; 0; 0; 0; 1909.25; 1915.99
123.91797249997; 9; -3588577.85938; -605816.0732421875; 1908.82758220465; 1914.2; -5.37597; 0; 0; -0; -0; 0; 0; 0; 1908.83; 1914.2
124.917972272495; 9; -3588939.33691; -607724.482421875; 1908.40961380401; 1899.58; 8.83189; 0; 0; -0; -0; 0; 0; 0; 1908.41; 1899.58
125.917972045252; 9; -3589303.37598; -609632.46875; 1907.98676170108; 1913.04; -5.05186; 0; 0; -0; -0; 0; 0; 0; 1907.99; 1913.04
126.917971818009; 9; -3589665.13477; -611540.0283203125; 1907.5600037916; 1901.06; 6.5043; 0; 0; -0; -0; 0; 0; 0; 1907.56; 1901.06
127.917971590767; 9; -3590028.6084; -613447.169921875; 1907.14203494662; 1910.07; -2.92523; 0; 0; -0; -0; 0; 0; 0; 1907.14; 1910.07
128.917971363524; 9; -3590392.9248; -615353.888671875; 1906.71918328803; 1914.5; -7.77689; 0; 0; -0; -0; 0; 0; 0; 1906.72; 1914.5
129.917971136281; 9; -3590755.52344; -617260.185546875; 1906.29730819216; 1905.47; 0.828199; 0; 0; -0; -0; 0; 0; 0; 1906.3; 1905.47
130.917970909039; 9; -3591115.69922; -619166.0625; 1905.87738622174; 1892.74; 13.1405; 0; 0; -0; -0; 0; 0; 0; 1905.88; 1892.74
131.917970681796; 9; -3591479.4834; -621071.5166015625; 1905.45453456315; 1911.7; -6.24467; 0; 0; -0; -0; 0; 0; 0; 1905.45; 1911.7
132.91797045432; 9; -3591842.94531; -622976.5458984375; 1905.02973022266; 1910.01; -4.97595; 0; 0; -0; -0; 0; 0; 0; 1905.03; 1910.01
133.917970227078; 9; -3592203.85254; -624881.15625; 1904.61078437141; 1896.58; 8.03008; 0; 0; -0; -0; 0; 0; 0; 1904.61; 1896.58
134.917969999835; 9; -3592566.97168; -626785.3408203125; 1904.18500302466; 1908.2; -4.01939; 0; 0; -0; -0; 0; 0; 0; 1904.19; 1908.2
135.917969772592; 9; -3592928.54883; -628689.1064453125; 1903.76605761695; 1900.1; 3.66489; 0; 0; -0; -0; 0; 0; 0; 1903.77; 1900.1
136.917969545349; 9; -3593290.98828; -630592.447265625; 1903.34125283292; 1904.63; -1.29136; 0; 0; -0; -0; 0; 0; 0; 1903.34; 1904.63
137.917969318107; 9; -3593653.4248; -632495.369140625; 1902.92230742522; 1904.62; -1.69491; 0; 0; -0; -0; 0; 0; 0; 1902.92; 1904.62
138.917969090864; 9; -3594015.50684; -634397.8671875; 1902.49847920391; 1902.75; -0.25587; 0; 0; -0; -0; 0; 0; 0; 1902.5; 1902.75
139.917968863621; 9; -3594377.25879; -636299.943359375; 1902.07660410804; 1901.02; 1.05683; 0; 0; -0; -0; 0; 0; 0; 1902.08; 1901.02
140.917968636146; 9; -3594738.63281; -638201.59765625; 1901.65472945493; 1899.03; 2.62099; 0; 0; -0; -0; 0; 0; 0; 1901.65; 1899.03
141.917968408903; 9; -3595100.8252; -640102.8271484375; 1901.22992422814; 1903.33; -2.10433; 0; 0; -0; -0; 0; 0; 0; 1901.23; 1903.33
142.91796818166; 9; -3595463.32129; -642003.6376953125; 1900.81097882043; 1904.93; -4.11928; 0; 0; -0; -0; 0; 0; 0; 1900.81; 1904.93
143.917967954418; 9; -3595824.02344; -643904.021484375; 1900.38422091096; 1895.5; 4.88121; 0; 0; -0; -0; 0; 0; 0; 1900.38; 1895.5
144.917967727175; 9; -3596186.52734; -645803.9873046875; 1899.96625206598; 1904.97; -5.00507; 0; 0; -0; -0; 0; 0; 0; 1899.97; 1904.97
145.917967499932; 9; -3596547.13477; -647703.5283203125; 1899.54144728194; 1895.01; 4.53622; 0; 0; -0; -0; 0; 0; 0; 1899.54; 1895.01
146.91796727269; 9; -3596908.34473; -649602.646484375; 1899.11859562335; 1898.17; 0.947008; 0; 0; -0; -0; 0; 0; 0; 1899.12; 1898.17
147.917967045447; 9; -3597271.07129; -651501.3447265625; 1898.69867365293; 1906.14; -7.44271; 0; 0; -0; -0; 0; 0; 0; 1898.7; 1906.14
148.917966817971; 9; -3597631.4375; -653399.6171875; 1898.27289274815; 1893.74; 4.53524; 0; 0; -0; -0; 0; 0; 0; 1898.27; 1893.74
149.917966590729; 9; -3597991.77539; -655297.46875; 1897.85199377303; 1893.59; 4.26317; 0; 0; -0; -0; 0; 0; 0; 1897.85; 1893.59
150.917966363486; 9; -3598353.7998; -657194.8955078125; 1897.42718898899; 1902.45; -5.02438; 0; 0; -0; -0; 0; 0; 0; 1897.43; 1902.45
151.917966136243; 9; -3598714.84473; -659091.90234375; 1897.00726701857; 1897.3; -0.297034; 0; 0; -0; -0; 0; 0; 0; 1897.01; 1897.3
152.917965909; 9; -3599074.93164; -660988.4853515625; 1896.58343879726; 1892.27; 4.3135; 0; 0; -0; -0; 0; 0; 0; 1896.58; 1892.27
153.917965681758; 9; -3599436.71094; -662884.6455078125; 1896.16058713867; 1901.16; -5.00288; 0; 0; -0; -0; 0; 0; 0; 1896.16; 1901.16
154.917965454515; 9; -3599797.65527; -664780.3857421875; 1895.74066516824; 1896.78; -1.03505; 0; 0; -0; -0; 0; 0; 0; 1895.74; 1896.78
155.917965227272; 9; -3600156.89648; -666675.7001953125; 1895.31488382149; 1887.83; 7.48915; 0; 0; -0; -0; 0; 0; 0; 1895.31; 1887.83
156.917964999797; 9; -3600517.10742; -668570.595703125; 1894.89593885497; 1892.92; 1.97426; 0; 0; -0; -0; 0; 0; 0; 1894.9; 1892.92
157.917964772554; 9; -3600879.12988; -670465.0654296875; 1894.47015706703; 1902.44; -7.97115; 0; 0; -0; -0; 0; 0; 0; 1894.47; 1902.44
158.917964545311; 9; -3601238.73926; -672359.1103515625; 1894.045352283; 1889.76; 4.2849; 0; 0; -0; -0; 0; 0; 0; 1894.05; 1889.76
159.917964318069; 9; -3601600.50977; -674252.7353515625; 1893.62543031257; 1901.12; -7.49185; 0; 0; -0; -0; 0; 0; 0; 1893.63; 1901.12
160.917964090826; 9; -3601960.12402; -676145.9375; 1893.20257865398; 1889.79; 3.41647; 0; 0; -0; -0; 0; 0; 0; 1893.2; 1889.79
161.917963863583; 9; -3602320.15918; -678038.7158203125; 1892.77875043267; 1892; 0.780804; 0; 0; -0; -0; 0; 0; 0; 1892.78; 1892
162.917963636341; 9; -3602679.46484; -679931.0703125; 1892.35492221136; 1888.16; 4.19048; 0; 0; -0; -0; 0; 0; 0; 1892.35; 1888.16
163.917963408865; 9; -3603040.73438; -681823.00390625; 1891.93402411871; 1898.48; -6.55061; 0; 0; -0; -0; 0; 0; 0; 1891.93; 1898.48
164.917963181622; 9; -3603400.14258; -683714.513671875; 1891.5101954569; 1888.7; 2.80691; 0; 0; -0; -0; 0; 0; 0; 1891.51; 1888.7
165.91796295438; 9; -3603759.51465; -685605.599609375; 1891.08636723559; 1888.51; 2.57296; 0; 0; -0; -0; 0; 0; 0; 1891.09; 1888.51
166.917962727137; 9; -3604120.80371; -687496.26171875; 1890.66253901428; 1898.59; -7.92473; 0; 0; -0; -0; 0; 0; 0; 1890.66; 1898.59
167.917962499894; 9; -3604479.45605; -689386.50390625; 1890.24261704385; 1884.73; 5.5114; 0; 0; -0; -0; 0; 0; 0; 1890.24; 1884.73
168.917962272651; 9; -3604838.90527; -691276.3203125; 1889.8168356971; 1888.92; 0.898013; 0; 0; -0; -0; 0; 0; 0; 1889.82; 1888.92
169.917962045409; 9; -3605197.80762; -693165.7177734375; 1889.39789028939; 1886.04; 3.35292; 0; 0; -0; -0; 0; 0; 0; 1889.4; 1886.04
170.917961818166; 9; -3605557.92383; -695054.6875; 1888.97015581719; 1892.42; -3.45374; 0; 0; -0; -0; 0; 0; 0; 1888.97; 1892.42
171.917961590691; 9; -3605915.9043; -696943.2373046875; 1888.55023428648; 1881.2; 7.34975; 0; 0; -0; -0; 0; 0; 0; 1888.55; 1881.2
172.917961363448; 9; -3606277.33203; -698831.3603515625; 1888.12347593729; 1899.32; -11.1925; 0; 0; -0; -0; 0; 0; 0; 1888.12; 1899.32
173.917961136205; 9; -3606635.39258; -700719.0625; 1887.70257740415; 1881.62; 6.08128; 0; 0; -0; -0; 0; 0; 0; 1887.7; 1881.62
174.917960908962; 9; -3606995.57227; -702606.3408203125; 1887.27874918283; 1892.76; -5.47871; 0; 0; -0; -0; 0; 0; 0; 1887.28; 1892.76
175.91796068172; 9; -3607353.35938; -704493.1962890625; 1886.85589752424; 1880.18; 6.67152; 0; 0; -0; -0; 0; 0; 0; 1886.86; 1880.18
176.917960454477; 9; -3607713.18555; -706379.6279296875; 1886.43206930293; 1890.9; -4.46766; 0; 0; -0; -0; 0; 0; 0; 1886.43; 1890.9
177.917960227234; 9; -3608071.34082; -708265.6357421875; 1886.00824108162; 1882.12; 3.88915; 0; 0; -0; -0; 0; 0; 0; 1886.01; 1882.12
178.917959999992; 9; -3608430.66992; -710151.22265625; 1885.58734254847; 1888.29; -2.70026; 0; 0; -0; -0; 0; 0; 0; 1885.59; 1888.29
179.917959772516; 9; -3608790.4375; -712036.3857421875; 1885.16351476609; 1890.59; -5.4283; 0; 0; -0; -0; 0; 0; 0; 1885.16; 1890.59
180.917959545273; 9; -3609148.48633; -713921.123046875; 1884.73773298041; 1881.56; 3.17801; 0; 0; -0; -0; 0; 0; 0; 1884.74; 1881.56
181.917959318031; 9; -3609505.3125; -715805.4365234375; 1884.31390475909; 1875.13; 9.17929; 0; 0; -0; -0; 0; 0; 0; 1884.31; 1875.13
182.917959090788; 9; -3609865.22656; -717689.330078125; 1883.89398278867; 1891.36; -7.46761; 0; 0; -0; -0; 0; 0; 0; 1883.89; 1891.36
183.917958863545; 9; -3610223.92969; -719572.7958984375; 1883.46624831647; 1885; -1.53182; 0; 0; -0; -0; 0; 0; 0; 1883.47; 1885
184.917958636303; 9; -3610582.32129; -721455.8427734375; 1883.04730290877; 1883.36; -0.313703; 0; 0; -0; -0; 0; 0; 0; 1883.05; 1883.36
185.91795840906; 9; -3610941.32812; -723338.462890625; 1882.62054499929; 1886.59; -3.97354; 0; 0; -0; -0; 0; 0; 0; 1882.62; 1886.59
186.917958181817; 9; -3611297.62109; -725220.66015625; 1882.1976933407; 1872.33; 9.86508; 0; 0; -0; -0; 0; 0; 0; 1882.2; 1872.33
187.917957954342; 9; -3611656.25488; -727102.43359375; 1881.77386555752; 1884.63; -2.85984; 0; 0; -0; -0; 0; 0; 0; 1881.77; 1884.63
188.917957727099; 9; -3612013.15918; -728983.7861328125; 1881.35296658624; 1875.55; 5.8078; 0; 0; -0; -0; 0; 0; 0; 1881.35; 1875.55
189.917957499856; 9; -3612372.92676; -730864.708984375; 1880.9232789886; 1890.59; -9.66853; 0; 0; -0; -0; 0; 0; 0; 1880.92; 1890.59
190.917957272613; 9; -3612731.19238; -732745.2158203125; 1880.50726326906; 1882.7; -2.19173; 0; 0; -0; -0; 0; 0; 0; 1880.51; 1882.7
191.917957045371; 9; -3613088.64062; -734625.29296875; 1880.07757567142; 1878.4; 1.67396; 0; 0; -0; -0; 0; 0; 0; 1880.08; 1878.4
192.917956818128; 9; -3613446.4248; -736504.94921875; 1879.65667713827; 1880.17; -0.512304; 0; 0; -0; -0; 0; 0; 0; 1879.66; 1880.17
193.917956590885; 9; -3613803.70605; -738384.1806640625; 1879.23187235424; 1877.53; 1.7058; 0; 0; -0; -0; 0; 0; 0; 1879.23; 1877.53
194.91795636341; 9; -3614160.7832; -740262.9873046875; 1878.80706800765; 1876.45; 2.35356; 0; 0; -0; -0; 0; 0; 0; 1878.81; 1876.45
195.917956136167; 9; -3614518.71094; -742141.3720703125; 1878.38519247434; 1880.92; -2.53817; 0; 0; -0; -0; 0; 0; 0; 1878.39; 1880.92
196.917955908924; 9; -3614875.90918; -744019.3330078125; 1877.96136425303; 1877.09; 0.871506; 0; 0; -0; -0; 0; 0; 0; 1877.96; 1877.09
197.917955681682; 9; -3615232.73926; -745896.869140625; 1877.53655946899; 1875.16; 2.38142; 0; 0; -0; -0; 0; 0; 0; 1877.54; 1875.16
198.917955454439; 9; -3615589.75977; -747773.982421875; 1877.1137078104; 1876.16; 0.95785; 0; 0; -0; -0; 0; 0; 0; 1877.11; 1876.16
199.917955227196; 9; -3615946.73926; -749650.671875; 1876.68987958909; 1875.94; 0.74956; 0; 0; -0; -0; 0; 0; 0; 1876.69; 1875.94
200.917954999954; 9; -3616304.63281; -751526.935546875; 1876.26409824233; 1880.74; -4.47965; 0; 0; -0; -0; 0; 0; 0; 1876.26; 1880.74
201.917954772711; 9; -3616660.66016; -753402.7763671875; 1875.84124658375; 1870.94; 4.9045; 0; 0; -0; -0; 0; 0; 0; 1875.84; 1870.94
202.917954545235; 9; -3617017.12109; -755278.1923828125; 1875.41644223637; 1873.22; 2.20115; 0; 0; -0; -0; 0; 0; 0; 1875.42; 1873.22
203.917954317993; 9; -3617375.50098; -757153.1845703125; 1874.9926135784; 1883.3; -8.30681; 0; 0; -0; -0; 0; 0; 0; 1874.99; 1883.3
204.91795409075; 9; -3617731.59082; -759027.7548828125; 1874.57073848253; 1871.27; 3.30555; 0; 0; -0; -0; 0; 0; 0; 1874.57; 1871.27
205.917953863507; 9; -3618089.23633; -760901.8994140625; 1874.14495713578; 1879.44; -5.2953; 0; 0; -0; -0; 0; 0; 0; 1874.14; 1879.44
206.917953636264; 9; -3618444.55664; -762775.6162109375; 1873.71722266358; 1867.22; 6.49595; 0; 0; -0; -0; 0; 0; 0; 1873.72; 1867.22
207.917953409022; 9; -3618802.10156; -764648.9140625; 1873.29827725587; 1878.91; -5.6134; 0; 0; -0; -0; 0; 0; 0; 1873.3; 1878.91
208.917953181779; 9; -3619158.53027; -766521.787109375; 1872.87347247184; 1873.05; -0.172471; 0; 0; -0; -0; 0; 0; 0; 1872.87; 1873.05
209.917952954536; 9; -3619513.81348; -768394.236328125; 1872.44964425053; 1867.03; 5.42339; 0; 0; -0; -0; 0; 0; 0; 1872.45; 1867.03
210.917952727061; 9; -3619871.61914; -770266.2587890625; 1872.02288677691; 1880.28; -8.259; 0; 0; -0; -0; 0; 0; 0; 1872.02; 1880.28
211.917952499818; 9; -3620226.27148; -772137.857421875; 1871.59905811974; 1863.71; 7.88799; 0; 0; -0; -0; 0; 0; 0; 1871.6; 1863.71
212.917952272575; 9; -3620582.1084; -774009.033203125; 1871.17620646115; 1869.94; 1.24018; 0; 0; -0; -0; 0; 0; 0; 1871.18; 1869.94
213.917952045333; 9; -3620939.25391; -775879.7841796875; 1870.75140167711; 1876.81; -6.06134; 0; 0; -0; -0; 0; 0; 0; 1870.75; 1876.81
214.91795181809; 9; -3621294.42969; -777750.109375; 1870.32562033036; 1866.46; 3.86387; 0; 0; -0; -0; 0; 0; 0; 1870.33; 1866.46
215.917951590847; 9; -3621651.19434; -779620.0126953125; 1869.90374523449; 1874.81; -4.90756; 0; 0; -0; -0; 0; 0; 0; 1869.9; 1874.81
216.917951363605; 9; -3622006.63184; -781489.490234375; 1869.47796388774; 1867.84; 1.64087; 0; 0; -0; -0; 0; 0; 0; 1869.48; 1867.84
217.917951136362; 9; -3622361.10254; -783358.54296875; 1869.0531591037; 1862.76; 6.29662; 0; 0; -0; -0; 0; 0; 0; 1869.05; 1862.76
218.917950908886; 9; -3622717.51855; -785227.1728515625; 1868.63030788019; 1872.98; -4.34892; 0; 0; -0; -0; 0; 0; 0; 1868.63; 1872.98
219.917950681644; 9; -3623073.25195; -787095.37890625; 1868.2064792238; 1869.39; -1.18557; 0; 0; -0; -0; 0; 0; 0; 1868.21; 1869.39
220.917950454401; 9; -3623428.25977; -788963.158203125; 1867.77972131432; 1865.58; 2.20065; 0; 0; -0; -0; 0; 0; 0; 1867.78; 1865.58
221.917950227158; 9; -3623783.62598; -790830.5107421875; 1867.35296340484; 1867.46; -0.109504; 0; 0; -0; -0; 0; 0; 0; 1867.35; 1867.46
222.917949999915; 9; -3624138.64941; -792697.4443359375; 1866.93401799714; 1865.66; 1.27284; 0; 0; -0; -0; 0; 0; 0; 1866.93; 1865.66
223.917949772673; 9; -3624494.625; -794563.94921875; 1866.50530696222; 1870.66; -4.15945; 0; 0; -0; -0; 0; 0; 0; 1866.51; 1870.66
224.91794954543; 9; -3624849.27539; -796430.03125; 1866.08245530363; 1863.7; 2.38165; 0; 0; -0; -0; 0; 0; 0; 1866.08; 1863.7
225.917949317954; 9; -3625205.05078; -798295.6884765625; 1865.65765095398; 1869.61; -3.95507; 0; 0; -0; -0; 0; 0; 0; 1865.66; 1869.61
226.917949090712; 9; -3625559.55469; -800160.9208984375; 1865.23284573556; 1862.93; 2.30182; 0; 0; -0; -0; 0; 0; 0; 1865.23; 1862.93
227.917948863469; 9; -3625914.42676; -802025.73046875; 1864.80999407697; 1864.87; -0.055746; 0; 0; -0; -0; 0; 0; 0; 1864.81; 1864.87
228.917948636226; 9; -3626269.29199; -803890.1123046875; 1864.38225960477; 1864.83; -0.447557; 0; 0; -0; -0; 0; 0; 0; 1864.38; 1864.83
229.917948408984; 9; -3626622.60547; -805754.0703125; 1863.95843138346; 1856.68; 7.28316; 0; 0; -0; -0; 0; 0; 0; 1863.96; 1856.68
230.917948181741; 9; -3626977.9209; -807617.6015625; 1863.53167347398; 1867.2; -3.66394; 0; 0; -0; -0; 0; 0; 0; 1863.53; 1867.2
231.917947954498; 9; -3627332.99219; -809480.712890625; 1863.11175150356; 1865.91; -2.80089; 0; 0; -0; -0; 0; 0; 0; 1863.11; 1865.91
232.917947727256; 9; -3627686.43359; -811343.396484375; 1862.68401703136; 1857.35; 5.33647; 0; 0; -0; -0; 0; 0; 0; 1862.68; 1857.35
233.91794749978; 9; -3628041.85938; -813205.65625; 1862.26018924364; 1867.78; -5.51532; 0; 0; -0; -0; 0; 0; 0; 1862.26; 1867.78
234.917947272537; 9; -3628396.2168; -815067.490234375; 1861.83440746329; 1862.16; -0.326836; 0; 0; -0; -0; 0; 0; 0; 1861.83; 1862.16
235.917947045295; 9; -3628750.66309; -816928.8994140625; 1861.40960267926; 1862.63; -1.21864; 0; 0; -0; -0; 0; 0; 0; 1861.41; 1862.63
236.917946818052; 9; -3629103.40137; -818789.8828125; 1860.9838213325; 1853.65; 7.33122; 0; 0; -0; -0; 0; 0; 0; 1860.98; 1853.65
237.917946590809; 9; -3629458.87793; -820650.4423828125; 1860.55999311119; 1868.04; -7.48238; 0; 0; -0; -0; 0; 0; 0; 1860.56; 1868.04
238.917946363566; 9; -3629811.87891; -822510.578125; 1860.13616488988; 1855.03; 5.10309; 0; 0; -0; -0; 0; 0; 0; 1860.14; 1855.03
239.917946136324; 9; -3630166.34668; -824370.2880859375; 1859.71038354312; 1862.74; -3.03076; 0; 0; -0; -0; 0; 0; 0; 1859.71; 1862.74
240.917945909081; 9; -3630520.68555; -826229.572265625; 1859.28460219637; 1862.06; -2.77914; 0; 0; -0; -0; 0; 0; 0; 1859.28; 1862.06
241.917945681605; 9; -3630874.00293; -828088.4296875; 1858.85784471969; 1856.7; 2.16204; 0; 0; -0; -0; 0; 0; 0; 1858.86; 1856.7
242.917945454363; 9; -3631226.88965; -829946.8662109375; 1858.43694575374; 1854.43; 4.0043; 0; 0; -0; -0; 0; 0; 0; 1858.44; 1854.43
243.91794522712; 9; -3631582.06641; -831804.8759765625; 1858.01018784427; 1866.47; -8.4567; 0; 0; -0; -0; 0; 0; 0; 1858.01; 1866.47
244.917944999877; 9; -3631934.16504; -833662.458984375; 1857.58342993479; 1850.29; 7.29221; 0; 0; -0; -0; 0; 0; 0; 1857.58; 1850.29
245.917944772635; 9; -3632287.0752; -835519.6181640625; 1857.15960171348; 1854.56; 2.60379; 0; 0; -0; -0; 0; 0; 0; 1857.16; 1854.56
246.917944545392; 9; -3632640.72754; -837376.3515625; 1856.73382036672; 1858.46; -1.72221; 0; 0; -0; -0; 0; 0; 0; 1856.73; 1858.46
247.917944318149; 9; -3632992.95508; -839232.66015625; 1856.30901558269; 1850.97; 5.34038; 0; 0; -0; -0; 0; 0; 0; 1856.31; 1850.97
248.917944090907; 9; -3633347.18848; -841088.5419921875; 1855.88225767321; 1861.51; -5.62724; 0; 0; -0; -0; 0; 0; 0; 1855.88; 1861.51
249.917943863431; 9; -3633702.04395; -842944.0009765625; 1855.45940644663; 1864.78; -9.31909; 0; 0; -0; -0; 0; 0; 0; 1855.46; 1864.78
250.917943636188; 9; -3634054.30371; -844799.03515625; 1855.03460123059; 1851.14; 3.89662; 0; 0; -0; -0; 0; 0; 0; 1855.03; 1851.14
251.917943408946; 9; -3634407.35645; -846653.6416015625; 1854.60686675839; 1855.31; -0.698196; 0; 0; -0; -0; 0; 0; 0; 1854.61; 1855.31
252.917943181703; 9; -3634759.49023; -848507.826171875; 1854.18499166252; 1850.48; 3.70902; 0; 0; -0; -0; 0; 0; 0; 1854.18; 1850.48
253.91794295446; 9; -3635111.32129; -850361.5810546875; 1853.75530406488; 1848.89; 4.87021; 0; 0; -0; -0; 0; 0; 0; 1853.76; 1848.89
254.917942727217; 9; -3635464.87891; -852214.9130859375; 1853.33245240629; 1857.96; -4.62579; 0; 0; -0; -0; 0; 0; 0; 1853.33; 1857.96
255.917942499975; 9; -3635817.11035; -854067.8173828125; 1852.90471793409; 1850.99; 1.91556; 0; 0; -0; -0; 0; 0; 0; 1852.9; 1850.99
256.917942272499; 9; -3636170.34473; -855920.2978515625; 1852.48089014409; 1856.26; -3.7787; 0; 0; -0; -0; 0; 0; 0; 1852.48; 1856.26
257.917942045256; 9; -3636522.35742; -857772.3544921875; 1852.05706149146; 1849.84; 2.21744; 0; 0; -0; -0; 0; 0; 0; 1852.06; 1849.84
258.917941818014; 9; -3636875.14062; -859623.9833984375; 1851.62932701926; 1853.89; -2.25934; 0; 0; -0; -0; 0; 0; 0; 1851.63; 1853.89
259.917941590771; 9; -3637227.69922; -861475.1865234375; 1851.20354567251; 1852.71; -1.50479; 0; 0; -0; -0; 0; 0; 0; 1851.2; 1852.71
260.917941363528; 9; -3637578.73633; -863325.96484375; 1850.77874088847; 1844.71; 6.06586; 0; 0; -0; -0; 0; 0; 0; 1850.78; 1844.71
261.917941136286; 9; -3637932.95312; -865176.3154296875; 1850.35100641627; 1861.42; -11.0712; 0; 0; -0; -0; 0; 0; 0; 1850.35; 1861.42
262.917940909043; 9; -3638282.63867; -867026.2431640625; 1849.92815475768; 1837.61; 12.3178; 0; 0; -0; -0; 0; 0; 0; 1849.93; 1837.61
263.9179406818; 9; -3638636.09082; -868875.74609375; 1849.50334997365; 1857.4; -7.90065; 0; 0; -0; -0; 0; 0; 0; 1849.5; 1857.4
264.917940454325; 9; -3638986.00293; -870724.822265625; 1849.07659249469; 1838.8; 10.2756; 0; 0; -0; -0; 0; 0; 0; 1849.08; 1838.8
265.917940227082; 9; -3639338.66113; -872573.4716796875; 1848.64983415469; 1853.23; -4.58195; 0; 0; -0; -0; 0; 0; 0; 1848.65; 1853.23
266.917939999839; 9; -3639691.81836; -874421.6982421875; 1848.2269824961; 1855.85; -7.62719; 0; 0; -0; -0; 0; 0; 0; 1848.23; 1855.85
267.917939772597; 9; -3640043.19434; -876269.4951171875; 1847.79729489846; 1846.49; 1.30366; 0; 0; -0; -0; 0; 0; 0; 1847.8; 1846.49
268.917939545354; 9; -3640393.83496; -878116.8681640625; 1847.37346667715; 1842.63; 4.74413; 0; 0; -0; -0; 0; 0; 0; 1847.37; 1842.63
269.917939318111; 9; -3640745.56738; -879963.814453125; 1846.94670876767; 1848.37; -1.42006; 0; 0; -0; -0; 0; 0; 0; 1846.95; 1848.37
270.917939090868; 9; -3641096.76367; -881810.3359375; 1846.52190398364; 1845.55; 0.972529; 0; 0; -0; -0; 0; 0; 0; 1846.52; 1845.55
271.917938863626; 9; -3641447.57812; -883656.431640625; 1846.09612263688; 1843.54; 2.55331; 0; 0; -0; -0; 0; 0; 0; 1846.1; 1843.54
272.91793863615; 9; -3641799.89941; -885502.1015625; 1845.67034171986; 1851.46; -5.79095; 0; 0; -0; -0; 0; 0; 0; 1845.67; 1851.46
273.917938408908; 9; -3642149.46387; -887347.345703125; 1845.24455994337; 1836.97; 8.27054; 0; 0; -0; -0; 0; 0; 0; 1845.24; 1836.97
274.917938181665; 9; -3642501.82812; -889192.1640625; 1844.81877859662; 1851.69; -6.86831; 0; 0; -0; -0; 0; 0; 0; 1844.82; 1851.69
275.917937954422; 9; -3642852.08789; -891036.5537109375; 1844.39006756169; 1840.63; 3.76216; 0; 0; -0; -0; 0; 0; 0; 1844.39; 1840.63
276.917937727179; 9; -3643202.3584; -892880.51953125; 1843.96623934038; 1840.68; 3.28188; 0; 0; -0; -0; 0; 0; 0; 1843.97; 1840.68
277.917937499937; 9; -3643553.3877; -894724.0595703125; 1843.54045799363; 1844.67; -1.13137; 0; 0; -0; -0; 0; 0; 0; 1843.54; 1844.67
278.917937272694; 9; -3643904.73633; -896567.173828125; 1843.11467664687; 1846.35; -3.23527; 0; 0; -0; -0; 0; 0; 0; 1843.11; 1846.35
279.917937045451; 9; -3644255.18066; -898409.861328125; 1842.68791873739; 1841.6; 1.09009; 0; 0; -0; -0; 0; 0; 0; 1842.69; 1841.6
280.917936817976; 9; -3644606.2334; -900252.123046875; 1842.26213781957; 1844.79; -2.53285; 0; 0; -0; -0; 0; 0; 0; 1842.26; 1844.79
281.917936590733; 9; -3644955.21973; -902093.95703125; 1841.83440291844; 1833.94; 7.89845; 0; 0; -0; -0; 0; 0; 0; 1841.83; 1833.94
282.91793636349; 9; -3645306.54199; -903935.3671875; 1841.41057469713; 1846.21; -4.80081; 0; 0; -0; -0; 0; 0; 0; 1841.41; 1846.21
283.917936136248; 9; -3645658.19824; -905776.3515625; 1840.98479335037; 1847.97; -6.98169; 0; 0; -0; -0; 0; 0; 0; 1840.98; 1847.97
284.917935909005; 9; -3646007.84961; -907616.90625; 1840.55510575273; 1837.43; 3.12435; 0; 0; -0; -0; 0; 0; 0; 1840.56; 1837.43
285.917935681762; 9; -3646356.1875; -909457.0380859375; 1840.13225409414; 1830.53; 9.60387; 0; 0; -0; -0; 0; 0; 0; 1840.13; 1830.53
286.917935454519; 9; -3646707.31348; -911296.7431640625; 1839.70549618466; 1845.18; -5.47438; 0; 0; -0; -0; 0; 0; 0; 1839.71; 1845.18
287.917935227044; 9; -3647057.23633; -913136.0205078125; 1839.2777621407; 1838.86; 0.420348; 0; 0; -0; -0; 0; 0; 0; 1839.28; 1838.86
288.917934999801; 9; -3647407.4082; -914974.8720703125; 1838.8519803657; 1840.17; -1.31406; 0; 0; -0; -0; 0; 0; 0; 1838.85; 1840.17
289.917934772559; 9; -3647757.04395; -916813.2978515625; 1838.42619901895; 1837.35; 1.07756; 0; 0; -0; -0; 0; 0; 0; 1838.43; 1837.35
290.917934545316; 9; -3648108.14648; -918651.2978515625; 1838.00041767219; 1845.06; -7.0563; 0; 0; -0; -0; 0; 0; 0; 1838; 1845.06
291.917934318073; 9; -3648457.80371; -920488.8701171875; 1837.57268319999; 1837.46; 0.111138; 0; 0; -0; -0; 0; 0; 0; 1837.57; 1837.46
292.91793409083; 9; -3648807.33301; -922326.017578125; 1837.14787841596; 1836.79; 0.358609; 0; 0; -0; -0; 0; 0; 0; 1837.15; 1836.79
293.917933863588; 9; -3649155.51074; -924162.734375; 1836.71721425559; 1829.69; 7.03045; 0; 0; -0; -0; 0; 0; 0; 1836.72; 1829.69
294.917933636345; 9; -3649504.33203; -925999.029296875; 1836.29533915973; 1833.07; 3.22668; 0; 0; -0; -0; 0; 0; 0; 1836.3; 1833.07
295.917933408869; 9; -3649854.85352; -927834.896484375; 1835.86760511497; 1842; -6.13565; 0; 0; -0; -0; 0; 0; 0; 1835.87; 1842
296.917933181627; 9; -3650205.05664; -929670.3369140625; 1835.44084677805; 1840.33; -4.88941; 0; 0; -0; -0; 0; 0; 0; 1835.44; 1840.33
297.917932954384; 9; -3650552.57422; -931505.3515625; 1835.01506543129; 1826.22; 8.79745; 0; 0; -0; -0; 0; 0; 0; 1835.02; 1826.22
298.917932727141; 9; -3650902.28516; -933339.9375; 1834.58635439637; 1837.74; -3.15744; 0; 0; -0; -0; 0; 0; 0; 1834.59; 1837.74
299.917932499899; 9; -3651251.20996; -935174.09765625; 1834.16057304962; 1833.61; 0.547932; 0; 0; -0; -0; 0; 0; 0; 1834.16; 1833.61
300.917932272656; 9; -3651599.23145; -937007.8359375; 1833.73869795375; 1828.87; 4.87304; 0; 0; -0; -0; 0; 0; 0; 1833.74; 1828.87
301.917932045413; 9; -3651949.88379; -938841.1435546875; 1833.30803379338; 1842.69; -9.38289; 0; 0; -0; -0; 0; 0; 0; 1833.31; 1842.69
302.91793181817; 9; -3652298.12305; -940674.0224609375; 1832.87932275846; 1830.01; 2.86926; 0; 0; -0; -0; 0; 0; 0; 1832.88; 1830.01
303.917931590695; 9; -3652646.93652; -942506.4775390625; 1832.4554949638; 1833.03; -0.572113; 0; 0; -0; -0; 0; 0; 0; 1832.46; 1833.03
304.917931363452; 9; -3652994.33203; -944338.501953125; 1832.02483037678; 1825.58; 6.4487; 0; 0; -0; -0; 0; 0; 0; 1832.02; 1825.58
305.91793113621; 9; -3653344.48633; -946170.103515625; 1831.60197871819; 1840.07; -8.47169; 0; 0; -0; -0; 0; 0; 0; 1831.6; 1840.07
306.917930908967; 9; -3653692.75781; -948001.2783203125; 1831.17522080872; 1830.18; 0.995802; 0; 0; -0; -0; 0; 0; 0; 1831.18; 1830.18
307.917930681724; 9; -3654041.1084; -949832.025390625; 1830.74748633652; 1830.6; 0.152386; 0; 0; -0; -0; 0; 0; 0; 1830.75; 1830.6
308.917930454481; 9; -3654388.59668; -951662.345703125; 1830.32072842704; 1826.06; 4.25707; 0; 0; -0; -0; 0; 0; 0; 1830.32; 1826.06
309.917930227239; 9; -3654736.95605; -953492.240234375; 1829.89494708028; 1830.64; -0.74634; 0; 0; -0; -0; 0; 0; 0; 1829.89; 1830.64
310.917929999996; 9; -3655085.88184; -955321.705078125; 1829.46525948264; 1833.62; -4.15251; 0; 0; -0; -0; 0; 0; 0; 1829.47; 1833.62
311.91792977252; 9; -3655433.26074; -957150.744140625; 1829.03947856174; 1825.49; 3.55059; 0; 0; -0; -0; 0; 0; 0; 1829.04; 1825.49
312.917929545278; 9; -3655782.81934; -958979.357421875; 1828.61369678913; 1836.94; -8.32953; 0; 0; -0; -0; 0; 0; 0; 1828.61; 1836.94
313.917929318035; 9; -3656128.84961; -960807.54296875; 1828.18596231693; 1818.4; 9.78419; 0; 0; -0; -0; 0; 0; 0; 1828.19; 1818.4
314.917929090792; 9; -3656477.87012; -962635.302734375; 1827.76018097017; 1834.12; -6.35538; 0; 0; -0; -0; 0; 0; 0; 1827.76; 1834.12
315.91792886355; 9; -3656824.90234; -964462.6337890625; 1827.33146993525; 1823.67; 3.6644; 0; 0; -0; -0; 0; 0; 0; 1827.33; 1823.67
316.917928636307; 9; -3657173.24023; -966289.537109375; 1826.90373546305; 1830.53; -3.62465; 0; 0; -0; -0; 0; 0; 0; 1826.9; 1830.53
