time; diff_3D [m]; diff_2D [m]; gdop; max_abs_resp[m]; max_abs_resc[m]; bias1[Hz]; bias2[Hz]
518623.545005; 6.2495; 3.32021; 2.6096; -3.68672; -0.0385824; 0; 0
518624.545005; 5.53625; 3.89861; 2.60993; -4.74102; 232.817; 0; 0
518625.545005; 3.78309; 3.3484; 2.61026; -5.39598; 463.881; 0; 0
518626.545005; 4.9694; 2.32885; 2.61059; -5.58689; 695.593; 0; 0
518627.545005; 5.45095; 2.46078; 2.61092; 2.51648; 921.985; 0; 0
518628.545005; 4.73117; 2.16788; 2.61125; -3.35009; 1150.2; 0; 0
518629.545005; 2.49015; 2.16342; 2.22393; -4.34536; -0.0454742; 0; 0
518630.545005; 2.01751; 1.5208; 2.22422; -4.43022; 231.023; 0; 0
518631.545005; 2.53421; 1.59624; 2.22451; 1.69377; 460.885; 0; 0
518632.545005; 2.16113; 1.55137; 2.2248; -2.87908; 689.005; 0; 0
518633.545005; 2.36106; 2.02977; 2.2251; 5.10784; 919.102; 0; 0
518634.545005; 1.99118; 1.72317; 2.22539; 2.71726; 1149.45; 0; 0
518635.545005; 1.5884; 1.47021; 2.22568; 3.08437; 0.0322795; 0; 0
518636.545005; 1.60925; 1.49763; 2.22598; -2.55998; 229.03; 0; 0
518637.545005; 1.57434; 1.28699; 2.22627; -3.95096; 459.512; 0; 0
518638.545005; 1.42573; 0.996111; 2.22656; -4.14041; 688.253; 0; 0
518639.545005; 1.52833; 1.13081; 2.22686; 1.88878; 919.165; 0; 0
518640.545005; 1.5909; 1.05348; 2.22715; -1.98071; 1148.37; 0; 0
518641.545005; 1.28184; 0.999918; 2.22745; -3.68619; -0.0385771; 0; 0
518642.545006; 1.63034; 1.2228; 2.22774; -5.57975; 231.124; 0; 0
518643.545006; 1.66831; 1.21775; 2.22803; 2.91965; 460.721; 0; 0
518644.545006; 1.5234; 1.01055; 2.22833; 4.3884; 690.395; 0; 0
518645.545006; 1.26183; 0.84452; 2.22862; 3.68318; 919.119; 0; 0
518646.545006; 1.38732; 0.941424; 2.22892; 4.7669; 1149.68; 0; 0
518647.545006; 1.16753; 0.852659; 2.22921; 4.68224; 0.0490018; 0; 0
518648.545006; 1.36658; 0.890998; 2.22951; 3.59435; 230.865; 0; 0
518649.545006; 1.36386; 1.05848; 2.2298; 5.56527; 461.074; 0; 0
518650.545006; 1.32021; 1.0866; 2.2301; -3.38913; 691.076; 0; 0
518651.545006; 1.3419; 1.05992; 2.23039; -3.3952; 921.42; 0; 0
518652.545006; 1.28583; 1.00822; 2.23069; 3.39106; 1150.67; 0; 0
518653.545006; 1.42229; 1.06876; 2.23098; 2.27897; 0.0238501; 0; 0
518654.545006; 1.31299; 0.92583; 2.23128; 4.28313; 229.1; 0; 0
518655.545006; 1.27386; 0.972736; 2.23157; -4.98816; 459.904; 0; 0
518656.545006; 1.26972; 1.01496; 2.23187; 4.50021; 689.782; 0; 0
518657.545006; 1.22941; 0.947955; 2.23216; -2.36938; 919.212; 0; 0
518658.545006; 1.14703; 0.946387; 2.23246; -4.70287; 1147.9; 0; 0
518659.545006; 1.14609; 0.934935; 2.23276; 3.84206; 0.0402084; 0; 0
518660.545006; 1.10287; 0.89255; 2.23305; 4.71923; 228.573; 0; 0
518661.545006; 1.0742; 0.882938; 2.23335; 1.99362; 458.227; 0; 0
518662.545006; 1.16454; 0.974618; 2.23364; 3.78366; 688.545; 0; 0
518663.545006; 1.12498; 0.955134; 2.23394; -2.84691; 917.708; 0; 0
518664.545006; 1.0997; 0.924221; 2.23424; -1.34166; 1149.08; 0; 0
518665.545006; 1.13498; 0.971138; 2.23453; 5.17098; 0.054116; 0; 0
518666.545006; 1.16336; 1.0175; 2.23483; 2.92568; 229.448; 0; 0
518667.545006; 1.09837; 1.01054; 2.23513; -3.5141; 456.932; 0; 0
518668.545006; 1.20397; 1.09081; 2.23542; 4.92675; 690.722; 0; 0
518669.545006; 1.1909; 1.08674; 2.23572; 3.37983; 919.661; 0; 0
518670.545006; 1.16297; 1.08101; 2.23602; -2.16541; 1150.51; 0; 0
518671.545006; 1.10631; 1.02653; 2.23632; -3.02453; -0.0316528; 0; 0
518672.545006; 1.08616; 1.04919; 2.23661; 5.13295; 229.071; 0; 0
518673.545006; 1.11569; 1.09671; 2.23691; 5.44407; 459.032; 0; 0
518674.545006; 1.20741; 1.18825; 2.23721; -4.46581; 689.337; 0; 0
518675.545006; 1.20528; 1.18648; 2.23751; -0.910612; 919.745; 0; 0
518676.545006; 1.30074; 1.25383; 2.2378; -4.83037; 1152.1; 0; 0
518677.545006; 1.25831; 1.19991; 2.2381; 3.72741; 0.0390087; 0; 0
518678.545006; 1.2657; 1.15959; 2.2384; -5.6318; 231.409; 0; 0
518679.545006; 1.23099; 1.13518; 2.2387; 2.46012; 459.912; 0; 0
518680.545006; 1.20552; 1.08918; 2.239; -4.02875; 689.512; 0; 0
518681.545006; 1.23831; 1.1275; 2.23929; 2.45003; 919.757; 0; 0
518682.545007; 1.17166; 1.10401; 2.23959; -2.76406; 1150.65; 0; 0
518683.545007; 1.08663; 1.03757; 2.23989; 4.36153; 0.0456448; 0; 0
518684.545007; 1.08462; 1.01209; 2.24019; -3.34992; 230.7; 0; 0
518685.545007; 1.13396; 1.09785; 2.24049; 7.74039; 459.311; 0; 0
518686.545007; 1.16219; 1.1273; 2.24079; -2.6715; 690.583; 0; 0
518687.545007; 1.1919; 1.13575; 2.24109; -3.38408; 922.626; 0; 0
518688.545007; 1.19089; 1.11603; 2.24139; -3.41859; 1149.69; 0; 0
518689.545007; 1.14506; 1.08034; 2.24169; 2.6239; 0.02746; 0; 0
518690.545007; 1.14684; 1.05826; 2.24199; 4.58851; 229.779; 0; 0
518691.545007; 1.15281; 1.06136; 2.24228; 2.40766; 459.035; 0; 0
518692.545007; 1.12837; 1.03816; 2.24258; 5.18782; 689.267; 0; 0
518693.545007; 1.1103; 0.999771; 2.24288; -3.57298; 918.135; 0; 0
518694.545007; 1.12135; 1.02278; 2.24318; 4.35353; 1148.64; 0; 0
518695.545007; 1.07685; 0.985861; 2.24348; 2.86595; 0.0299932; 0; 0
518696.545007; 1.12147; 1.04365; 2.24378; -4.84658; 228.884; 0; 0
518697.545007; 1.13886; 1.09202; 2.24408; 4.7717; 459.724; 0; 0
518698.545007; 1.16535; 1.1258; 2.24438; 3.40736; 689.297; 0; 0
518699.545007; 1.20264; 1.16602; 2.24468; 2.64266; 919.942; 0; 0
518700.545007; 1.1637; 1.14644; 2.24498; 2.60687; 1148.47; 0; 0
518701.545007; 1.1079; 1.10221; 2.24528; 4.34094; 0.0454294; 0; 0
518702.545007; 1.06503; 1.05564; 2.24559; 3.08598; 229.856; 0; 0
518703.545007; 1.02234; 1.01419; 2.24589; 3.24981; 458.502; 0; 0
518704.545007; 1.02467; 1.01651; 2.24619; 3.37933; 691.171; 0; 0
518705.545007; 0.961181; 0.952803; 2.24649; -7.05253; 919.005; 0; 0
518706.545007; 0.963425; 0.956867; 2.24679; -3.0713; 1147.24; 0; 0
518707.545007; 0.945597; 0.944256; 2.24709; -6.01609; -0.0629603; 0; 0
518708.545007; 0.919282; 0.908018; 2.24739; -5.58026; 231.109; 0; 0
518709.545007; 0.942939; 0.937716; 2.24769; 4.32785; 459.581; 0; 0
518710.545007; 0.966787; 0.956451; 2.248; 3.76526; 689.866; 0; 0
518711.545007; 0.961269; 0.930958; 2.2483; 6.0074; 920.438; 0; 0
518712.545007; 0.968323; 0.919189; 2.2486; 3.8486; 1150.53; 0; 0
518713.545007; 0.957689; 0.909032; 2.2489; -1.43782; -0.0150472; 0; 0
518714.545007; 0.9749; 0.91684; 2.2492; -4.10476; 228.707; 0; 0
518715.545007; 0.985624; 0.884895; 2.24951; -4.55361; 460.136; 0; 0
518716.545007; 1.00278; 0.926731; 2.24981; 3.64713; 689.448; 0; 0
518717.545007; 1.04969; 0.975568; 2.25011; -4.28186; 919.476; 0; 0
518718.545007; 1.06816; 0.988383; 2.25041; -1.60873; 1149.28; 0; 0
518719.545007; 1.09364; 1.01271; 2.25072; -2.63003; -0.0275242; 0; 0
518720.545007; 1.0971; 1.02729; 2.25102; -2.96538; 230.106; 0; 0
518721.545007; 1.1014; 1.04344; 2.25132; 3.26601; 458.28; 0; 0
518722.545008; 1.08769; 1.01632; 2.25163; -4.4998; 689.029; 0; 0
518723.545008; 1.06988; 0.998326; 2.25193; -2.38725; 919.01; 0; 0
518724.545008; 1.0466; 0.993015; 2.25223; -3.72496; 1147.5; 0; 0
518725.545008; 1.06792; 0.982682; 2.25254; -7.02884; -0.0735592; 0; 0
518726.545008; 1.09007; 1.00915; 2.25284; 4.7717; 229.355; 0; 0
518727.545008; 1.08329; 0.952606; 2.25314; -9.00908; 459.843; 0; 0
518728.545008; 1.12553; 1.01679; 2.25345; 5.97838; 687.754; 0; 0
518729.545008; 1.12685; 0.997468; 2.25375; -4.6798; 919.224; 0; 0
518730.545008; 1.11025; 0.986229; 2.25405; 3.32736; 1148.29; 0; 0
518731.545008; 1.12685; 1.00938; 2.25436; 4.97463; 0.0520613; 0; 0
518732.545008; 1.10045; 0.988706; 2.25466; 3.19737; 228.637; 0; 0
518733.545008; 1.1035; 0.976964; 2.25497; -3.77017; 460.09; 0; 0
518734.545008; 1.05895; 0.932138; 2.25527; 4.15974; 689.607; 0; 0
518735.545008; 1.07708; 0.927025; 2.25558; -3.84283; 920.112; 0; 0
518736.545008; 1.07128; 0.896429; 2.25588; -7.59675; 1150.07; 0; 0
518737.545008; 1.08246; 0.899474; 2.25618; 2.15666; 0.0225702; 0; 0
518738.545008; 1.10366; 0.912542; 2.25649; 2.86401; 228.352; 0; 0
518739.545008; 1.10715; 0.926831; 2.25679; 2.87739; 459.146; 0; 0
518740.545008; 1.10347; 0.928037; 2.2571; 1.87254; 688.75; 0; 0
518741.545008; 1.0567; 0.898558; 2.2574; 4.0352; 916.708; 0; 0
518742.545008; 1.03994; 0.881679; 2.25771; -3.2531; 1149.52; 0; 0
518743.545008; 1.02051; 0.874141; 2.25801; -6.38295; -0.0667996; 0; 0
518744.545008; 0.993054; 0.858498; 2.25832; -2.96232; 228.725; 0; 0
518745.545008; 0.961909; 0.829812; 2.25863; 3.78299; 460.498; 0; 0
518746.545008; 0.943551; 0.820074; 2.25893; 2.56715; 688.882; 0; 0
518747.545008; 0.955092; 0.81293; 2.25924; 2.3382; 921.001; 0; 0
518748.545008; 0.963606; 0.832902; 2.25954; -2.25759; 1148.75; 0; 0
518749.545008; 0.964757; 0.83006; 2.25985; 3.85321; 0.040325; 0; 0
518750.545008; 0.967805; 0.796628; 2.26016; -6.30902; 234.073; 0; 0
518751.545008; 0.955858; 0.794547; 2.26046; 2.34778; 459.053; 0; 0
518752.545008; 0.971904; 0.81015; 2.26077; 2.99145; 688.74; 0; 0
518753.545008; 0.971883; 0.814901; 2.26107; 3.71117; 919.816; 0; 0
518754.545008; 0.945782; 0.812178; 2.26138; 2.26625; 1149.37; 0; 0
518755.545008; 0.966161; 0.823508; 2.26169; 4.36449; 0.0456757; 0; 0
518756.545008; 0.965099; 0.815608; 2.26199; -2.26779; 229.001; 0; 0
518757.545008; 0.982464; 0.828309; 2.2623; 2.70421; 456.708; 0; 0
518758.545008; 0.963293; 0.815828; 2.26261; -1.81333; 687.895; 0; 0
518759.545008; 0.978257; 0.81448; 2.26292; -4.46911; 917.506; 0; 0
518760.545008; 0.953069; 0.790764; 2.26322; 3.33499; 1146.27; 0; 0
518761.545008; 0.972211; 0.802943; 2.26353; 4.811; 0.0503487; 0; 0
518762.545009; 0.937134; 0.767127; 2.26384; 4.5402; 228.805; 0; 0
518763.545009; 0.934054; 0.779217; 2.26414; 6.49984; 459.578; 0; 0
518764.545009; 0.947694; 0.781252; 2.26445; 2.30556; 690.86; 0; 0
518765.545009; 0.940428; 0.795845; 2.26476; 4.94179; 917.814; 0; 0
518766.545009; 0.926801; 0.772894; 2.26507; -4.49378; 1150.4; 0; 0
518767.545009; 0.912692; 0.749344; 2.26538; -5.68497; -0.0594953; 0; 0
518768.545009; 0.900311; 0.739552; 2.26569; -1.76827; 229.23; 0; 0
518769.545009; 0.912542; 0.729629; 2.26599; -5.03149; 462.904; 0; 0
518770.545009; 0.927497; 0.722127; 2.2663; -2.39269; 691.462; 0; 0
518771.545009; 0.916588; 0.717527; 2.26661; 1.05262; 919.891; 0; 0
518772.545009; 0.924771; 0.699988; 2.26692; -6.6604; 1151.89; 0; 0
518773.545009; 0.907863; 0.717782; 2.26723; 6.48293; 0.0678462; 0; 0
518774.545009; 0.922003; 0.723522; 2.26754; -3.12832; 231.508; 0; 0
518775.545009; 0.924499; 0.721613; 2.26785; -1.61657; 462.191; 0; 0
518776.545009; 0.915435; 0.723257; 2.26815; 5.68163; 690.927; 0; 0
518777.545009; 0.897875; 0.711321; 2.26846; 2.04004; 921.309; 0; 0
518778.545009; 0.897958; 0.710992; 2.26877; -1.43662; 1151.12; 0; 0
518779.545009; 0.886502; 0.670758; 2.26908; -8.62544; -0.0902682; 0; 0
518780.545009; 0.885225; 0.675817; 2.26939; 2.06982; 229.621; 0; 0
518781.545009; 0.900759; 0.696277; 2.2697; -3.33291; 459.618; 0; 0
518782.545009; 0.907727; 0.688508; 2.27001; -3.72397; 690.431; 0; 0
518783.545009; 0.91991; 0.662642; 2.27032; -7.95743; 923.049; 0; 0
518784.545009; 0.915549; 0.650152; 2.27063; -3.65418; 1151.11; 0; 0
518785.545009; 0.918284; 0.630364; 2.10008; -5.58112; -0.0584084; 0; 0
518786.545009; 0.923436; 0.640234; 2.10035; 2.57768; 231.187; 0; 0
518787.545009; 0.912681; 0.641446; 2.10063; -4.02175; 460.647; 0; 0
518788.545009; 0.927197; 0.629952; 2.1009; -3.0574; 690.771; 0; 0
518789.545009; 0.935073; 0.657665; 2.10118; 4.7556; 918.646; 0; 0
518790.545009; 0.956205; 0.675902; 2.10145; 3.81061; 1149.62; 0; 0
518791.545009; 0.994031; 0.702189; 2.10173; 4.87339; 0.0510017; 0; 0
518792.545009; 1.01476; 0.720371; 2.102; 3.19017; 228.532; 0; 0
518793.545009; 1.01373; 0.743031; 2.10228; 5.68373; 457.525; 0; 0
518794.545009; 1.02005; 0.756658; 2.10255; 3.30718; 689.064; 0; 0
518795.545009; 0.967458; 0.729077; 2.10283; 5.21424; 917.307; 0; 0
518796.545009; 0.96822; 0.751731; 2.10311; -3.47924; 1147.28; 0; 0
518797.545009; 0.949746; 0.755813; 2.05672; -3.27972; -0.0343233; 0; 0
518798.545009; 0.942231; 0.735879; 2.05701; -5.05567; 230.489; 0; 0
518799.545009; 0.94617; 0.733684; 2.05729; 5.72246; 460.299; 0; 0
518800.545009; 0.955737; 0.761897; 2.05758; 6.94308; 688.597; 0; 0
518801.545009; 0.97182; 0.771902; 2.05786; -3.92602; 919.617; 0; 0
518802.54501; 0.952984; 0.757521; 2.05815; 4.02676; 1148.09; 0; 0
518803.54501; 0.949796; 0.751974; 2.05843; 3.85466; 0.0403402; 0; 0
518804.54501; 0.952603; 0.762438; 2.05872; -5.1031; 230.608; 0; 0
518805.54501; 0.960139; 0.75427; 2.059; -5.37302; 460.683; 0; 0
518806.54501; 0.971886; 0.770813; 2.05929; 4.79443; 688.34; 0; 0
518807.54501; 0.991949; 0.802512; 2.05958; -7.44257; 917.634; 0; 0
518808.54501; 1.01944; 0.813419; 2.05986; -6.07089; 1149.23; 0; 0
518809.54501; 1.01752; 0.801496; 2.06015; -3.16481; -0.0331209; 0; 0
518810.54501; 1.00653; 0.796541; 2.06043; 5.26569; 230.19; 0; 0
518811.54501; 0.984292; 0.788708; 2.06072; 5.95345; 459.391; 0; 0
518812.54501; 0.98743; 0.784443; 2.061; 3.92246; 691.208; 0; 0
518813.54501; 0.980456; 0.80918; 2.06129; 8.01749; 919.865; 0; 0
518814.54501; 0.963462; 0.783257; 2.06158; 5.29423; 1151.08; 0; 0
518815.54501; 0.957852; 0.767555; 2.06186; 4.00134; 0.0418753; 0; 0
518816.54501; 0.98415; 0.770202; 2.06215; 4.2639; 231.521; 0; 0
518817.54501; 1.00306; 0.768863; 2.06243; -5.43977; 462.205; 0; 0
518818.54501; 1.01077; 0.738638; 2.06272; 7.41391; 691.285; 0; 0
518819.54501; 0.986605; 0.723203; 2.063; 4.68507; 921.516; 0; 0
518820.54501; 0.998877; 0.724084; 2.06329; -4.71181; 1151.43; 0; 0
518821.54501; 1.00302; 0.722951; 2.06358; -1.82322; -0.0190806; 0; 0
518822.54501; 1.00104; 0.716984; 2.06386; 2.08249; 229.111; 0; 0
518823.54501; 1.00127; 0.734851; 2.06415; 9.50176; 458.892; 0; 0
518824.54501; 0.97768; 0.721945; 2.06444; -3.56805; 689.399; 0; 0
518825.54501; 1.00191; 0.715732; 2.06472; -5.24108; 919.416; 0; 0
518826.54501; 0.99859; 0.694267; 2.06501; -4.60628; 1149.75; 0; 0
518827.54501; 1.00099; 0.709674; 2.06529; -5.89685; -0.0617125; 0; 0
518828.54501; 1.00867; 0.690011; 2.06558; 5.31194; 230.482; 0; 0
518829.54501; 1.01102; 0.69896; 2.06587; -6.43322; 459.872; 0; 0
518830.54501; 1.01372; 0.709416; 2.06615; 4.99379; 689.552; 0; 0
518831.54501; 1.02296; 0.683781; 2.06644; -9.11822; 921.186; 0; 0
518832.54501; 1.033; 0.680053; 2.06673; 2.65622; 1149.79; 0; 0
518833.54501; 1.06252; 0.676022; 2.06701; 5.89036; 0.0616446; 0; 0
518834.54501; 1.07696; 0.691502; 2.0673; -5.57773; 227.864; 0; 0
518835.54501; 1.11076; 0.697279; 2.06759; -6.0991; 458.142; 0; 0
518836.54501; 1.08792; 0.670276; 2.06787; 6.00928; 687.836; 0; 0
518837.54501; 1.09976; 0.668879; 2.06816; 4.06828; 918.179; 0; 0
518838.54501; 1.09662; 0.684008; 2.06845; -5.17962; 1147.42; 0; 0
518839.54501; 1.11525; 0.681394; 2.06873; 4.4825; 0.0469108; 0; 0
518840.54501; 1.11168; 0.673467; 2.06902; -3.86375; 230.718; 0; 0
518841.54501; 1.10423; 0.694373; 2.06931; 8.87031; 459.993; 0; 0
518842.545011; 1.11674; 0.705174; 2.06959; -3.14159; 689.851; 0; 0
518843.545011; 1.12692; 0.696721; 2.06988; -3.51298; 920.257; 0; 0
518844.545011; 1.15167; 0.688499; 2.07017; -4.86987; 1150.68; 0; 0
518845.545011; 1.1627; 0.683833; 2.07045; -3.55419; -0.0371958; 0; 0
518846.545011; 1.17197; 0.687669; 2.07074; 4.03364; 228.364; 0; 0
518847.545011; 1.14167; 0.684868; 2.07103; 4.90601; 458.868; 0; 0
518848.545011; 1.18718; 0.691684; 2.07132; -6.44241; 689.993; 0; 0
518849.545011; 1.20516; 0.692925; 2.0716; -5.26054; 918.654; 0; 0
518850.545011; 1.22522; 0.678268; 2.07189; 6.05238; 1148.06; 0; 0
518851.545011; 1.24046; 0.673336; 2.07218; -3.15036; -0.0329696; 0; 0
518852.545011; 1.25677; 0.658515; 2.07246; -8.73852; 229.172; 0; 0
518853.545011; 1.26581; 0.635268; 2.07275; -8.02074; 459.132; 0; 0
518854.545011; 1.26647; 0.635444; 2.07304; -3.44812; 688.422; 0; 0
518855.545011; 1.25498; 0.621469; 2.07332; 5.63044; 919.529; 0; 0
518856.545011; 1.23004; 0.620553; 2.07361; -5.08486; 1147.92; 0; 0
518857.545011; 1.2485; 0.632297; 2.0739; -3.92087; -0.0410333; 0; 0
518858.545011; 1.22225; 0.632186; 2.07418; 4.3149; 228.819; 0; 0
518859.545011; 1.22107; 0.617946; 2.07447; -2.42858; 458.672; 0; 0
518860.545011; 1.22253; 0.622389; 2.07476; -4.14386; 689.728; 0; 0
518861.545011; 1.19443; 0.601308; 2.07505; 5.39966; 916.876; 0; 0
518862.545011; 1.18432; 0.588668; 2.07533; -3.06161; 1148.3; 0; 0
518863.545011; 1.17484; 0.597258; 2.07562; 3.0311; 0.0317215; 0; 0
518864.545011; 1.17404; 0.584859; 2.07591; -3.21254; 229.665; 0; 0
518865.545011; 1.18448; 0.588281; 2.0762; 4.80474; 460.812; 0; 0
518866.545011; 1.18837; 0.584526; 2.07648; 1.91114; 689.041; 0; 0
518867.545011; 1.19752; 0.59505; 2.07677; -5.3174; 919.814; 0; 0
518868.545011; 1.16591; 0.576509; 2.07706; 6.86429; 1147.35; 0; 0
518869.545011; 1.15146; 0.565572; 2.07735; 4.44845; 0.0465545; 0; 0
518870.545011; 1.15221; 0.573622; 2.07763; -3.83508; 229.72; 0; 0
518871.545011; 1.13251; 0.556926; 2.07792; -3.71747; 460.44; 0; 0
518872.545011; 1.14716; 0.533102; 2.07821; -9.09961; 690.545; 0; 0
518873.545011; 1.12678; 0.549018; 2.0785; 8.9094; 919.183; 0; 0
518874.545011; 1.14855; 0.557919; 2.07879; -4.79048; 1149.91; 0; 0
518875.545011; 1.12834; 0.578857; 2.07907; 9.176; 0.0960301; 0; 0
518876.545011; 1.11345; 0.577827; 2.07936; 4.61347; 230.791; 0; 0
518877.545011; 1.12741; 0.574539; 2.07965; 3.28199; 460.909; 0; 0
518878.545011; 1.1205; 0.566978; 2.07994; -2.74606; 690.082; 0; 0
518879.545011; 1.11098; 0.57387; 2.08022; 4.77157; 919.783; 0; 0
518880.545011; 1.10658; 0.556164; 2.08051; 3.06154; 1149.54; 0; 0
518881.545011; 1.07274; 0.53962; 2.0808; -5.31059; -0.055577; 0; 0
518882.545012; 1.08524; 0.540253; 2.08109; 3.02153; 230.246; 0; 0
518883.545012; 1.07881; 0.5402; 2.08138; 3.85835; 461.017; 0; 0
518884.545012; 1.08331; 0.519898; 2.08167; 4.79495; 690.949; 0; 0
518885.545012; 1.07998; 0.518759; 2.08195; -1.94013; 920.495; 0; 0
518886.545012; 1.0874; 0.525821; 2.08224; -2.88178; 1150.9; 0; 0
518887.545012; 1.09759; 0.525623; 2.08253; 5.41107; 0.0566287; 0; 0
518888.545012; 1.10654; 0.519698; 2.08282; 3.34596; 229.105; 0; 0
518889.545012; 1.10084; 0.515101; 2.0831; 2.97046; 458.503; 0; 0
518890.545012; 1.09711; 0.506476; 2.08339; -3.73696; 688.611; 0; 0
518891.545012; 1.09358; 0.498831; 2.08368; 3.92938; 918.118; 0; 0
518892.545012; 1.09033; 0.49505; 2.08397; 3.1196; 1148.71; 0; 0
518893.545012; 1.07394; 0.484252; 2.08426; 2.65069; 0.0277404; 0; 0
518894.545012; 1.08344; 0.480811; 2.08455; 3.4569; 229.279; 0; 0
518895.545012; 1.0665; 0.46113; 2.08483; 4.53374; 459.982; 0; 0
518896.545012; 1.04575; 0.47007; 2.08512; 6.87132; 687.536; 0; 0
518897.545012; 1.04062; 0.470385; 2.08541; -4.261; 918.431; 0; 0
518898.545012; 1.03368; 0.469835; 2.0857; 4.15306; 1149.84; 0; 0
518899.545012; 1.04043; 0.467832; 2.08599; 3.66298; 0.0383343; 0; 0
518900.545012; 1.04787; 0.46211; 2.08628; -6.53979; 230.129; 0; 0
518901.545012; 1.04148; 0.446417; 2.08656; -5.12615; 458.265; 0; 0
518902.545012; 1.06491; 0.423946; 2.08685; -12.0084; 691.304; 0; 0
518903.545012; 1.06923; 0.434121; 2.08714; -4.73358; 919.794; 0; 0
518904.545012; 1.05782; 0.43119; 2.08743; -5.11685; 1149.2; 0; 0
518905.545012; 1.05269; 0.418504; 2.08772; -5.57379; -0.0583317; 0; 0
518906.545012; 1.03794; 0.414884; 2.08801; 3.49443; 229.338; 0; 0
518907.545012; 1.01125; 0.415005; 2.0883; 6.05415; 459.38; 0; 0
518908.545012; 1.00334; 0.41633; 2.08858; 2.83066; 688.96; 0; 0
518909.545012; 0.999067; 0.416749; 2.08887; 2.04381; 920.098; 0; 0
518910.545012; 1.02378; 0.414313; 2.08916; 5.41758; 1150.75; 0; 0
518911.545012; 1.02837; 0.430781; 2.08945; -4.36677; -0.0456997; 0; 0
518912.545012; 1.04417; 0.425963; 2.08974; -3.439; 230.783; 0; 0
518913.545012; 1.03964; 0.424129; 2.09003; -3.54805; 458.485; 0; 0
518914.545012; 1.03093; 0.416258; 2.09032; 3.11143; 689.32; 0; 0
518915.545012; 1.03695; 0.413509; 2.09061; 4.7773; 919.321; 0; 0
518916.545012; 1.04222; 0.411613; 2.09089; -2.14731; 1149.12; 0; 0
518917.545012; 1.05859; 0.403332; 2.09118; -4.41206; -0.0461737; 0; 0
518918.545012; 1.05942; 0.39546; 2.09147; 4.43867; 230.974; 0; 0
518919.545012; 1.07846; 0.38889; 2.09176; -6.19965; 460.219; 0; 0
518920.545012; 1.07568; 0.392821; 2.09205; 4.3664; 689.956; 0; 0
518921.545012; 1.07787; 0.39204; 2.09234; -3.66739; 919.384; 0; 0
518922.545013; 1.07063; 0.388781; 2.09263; -3.56609; 1149.45; 0; 0
518923.545013; 1.07435; 0.390633; 2.09292; -2.50274; -0.0261921; 0; 0
518924.545013; 1.08338; 0.390519; 2.09321; 2.73503; 232.143; 0; 0
518925.545013; 1.07774; 0.38106; 2.09349; -4.54118; 461.249; 0; 0
518926.545013; 1.09425; 0.38238; 2.09378; -4.65217; 692.996; 0; 0
518927.545013; 1.10601; 0.379646; 2.09407; 3.88816; 921.129; 0; 0
518928.545013; 1.1187; 0.379021; 2.09436; -4.42058; 1152.34; 0; 0
518929.545013; 1.13368; 0.371077; 2.09465; -8.60639; -0.0900689; 0; 0
518930.545013; 1.13765; 0.366593; 2.09494; 4.38027; 229.912; 0; 0
518931.545013; 1.14631; 0.372186; 2.09523; 5.00018; 460.439; 0; 0
518932.545013; 1.14346; 0.364707; 2.09552; -4.28947; 689.552; 0; 0
518933.545013; 1.14393; 0.355772; 2.09581; -4.30405; 920.83; 0; 0
518934.545013; 1.14825; 0.337789; 2.0961; 4.87978; 1150.06; 0; 0
518935.545013; 1.18366; 0.334638; 2.09639; -9.14515; -0.0957072; 0; 0
518936.545013; 1.19495; 0.331686; 2.09668; 3.11428; 228.394; 0; 0
518937.545013; 1.18141; 0.326543; 2.09696; 4.46652; 458.286; 0; 0
518938.545013; 1.17023; 0.329381; 2.09725; 3.52207; 686.463; 0; 0
518939.545013; 1.15149; 0.335468; 2.09754; 3.94763; 917.326; 0; 0
518940.545013; 1.1597; 0.326334; 2.09783; 4.52988; 1148.45; 0; 0
518941.545013; 1.16541; 0.327624; 2.09812; -3.5708; -0.0373697; 0; 0
518942.545013; 1.14831; 0.327253; 2.09841; 5.6147; 229.292; 0; 0
518943.545013; 1.16256; 0.31577; 2.0987; -7.33281; 460.171; 0; 0
518944.545013; 1.1574; 0.314736; 2.09899; 5.70123; 689.846; 0; 0
518945.545013; 1.16453; 0.305768; 2.09928; -3.60817; 921.048; 0; 0
518946.545013; 1.15284; 0.30952; 2.09957; 4.50785; 1150.03; 0; 0
518947.545013; 1.16551; 0.31437; 2.09986; 5.24118; 0.0548506; 0; 0
518948.545013; 1.13909; 0.314607; 2.10015; 6.15763; 227.517; 0; 0
518949.545013; 1.14629; 0.316208; 2.10044; 3.92759; 460.907; 0; 0
518950.545013; 1.15301; 0.31803; 2.10073; 5.8675; 688.89; 0; 0
518951.545013; 1.14632; 0.322821; 2.10101; 5.33641; 918.247; 0; 0
518952.545013; 1.13316; 0.325625; 2.1013; 3.53155; 1148.7; 0; 0
518953.545013; 1.14328; 0.330007; 2.10159; 5.9935; 0.0627239; 0; 0
518954.545013; 1.13847; 0.336758; 2.10188; 4.26222; 230.426; 0; 0
518955.545013; 1.14672; 0.334782; 2.10217; 3.67816; 459.945; 0; 0
518956.545013; 1.14648; 0.33109; 2.10246; 4.84907; 690.69; 0; 0
518957.545013; 1.14499; 0.329611; 2.10275; 2.11802; 919.742; 0; 0
518958.545013; 1.15839; 0.320449; 2.10304; 6.37587; 1150.83; 0; 0
518959.545013; 1.16131; 0.318618; 2.10333; 5.98504; 0.0626354; 0; 0
518960.545013; 1.16282; 0.314574; 2.10362; -3.40437; 229.905; 0; 0
518961.545013; 1.1549; 0.31216; 2.10391; 4.39826; 459.559; 0; 0
518962.545014; 1.16988; 0.306219; 2.1042; 3.28114; 688.798; 0; 0
518963.545014; 1.16457; 0.308818; 2.10449; -5.27462; 919.422; 0; 0
518964.545014; 1.14366; 0.307854; 2.10478; 4.05366; 1149.21; 0; 0
518965.545014; 1.15388; 0.313218; 2.10507; -4.52217; -0.0473261; 0; 0
518966.545014; 1.15451; 0.313096; 2.10536; -4.68378; 230.145; 0; 0
518967.545014; 1.15085; 0.313; 2.10565; -1.79973; 459.075; 0; 0
518968.545014; 1.14492; 0.311656; 2.10594; 3.38992; 689.471; 0; 0
518969.545014; 1.14323; 0.302891; 2.10623; 3.03883; 919.58; 0; 0
518970.545014; 1.12969; 0.306763; 2.10652; -4.07856; 1148.27; 0; 0
518971.545014; 1.13385; 0.309028; 2.10681; -4.09475; -0.0428529; 0; 0
518972.545014; 1.1418; 0.317439; 2.1071; -6.23559; 229.577; 0; 0
518973.545014; 1.11657; 0.316273; 2.10739; 6.49946; 459.142; 0; 0
518974.545014; 1.10432; 0.309711; 2.10768; -3.04786; 690.457; 0; 0
518975.545014; 1.09949; 0.306552; 2.10797; -3.27921; 919.457; 0; 0
518976.545014; 1.09965; 0.302419; 2.10826; 2.9389; 1150.69; 0; 0
518977.545014; 1.10234; 0.302411; 2.10855; 3.54762; 0.037127; 0; 0
518978.545014; 1.11046; 0.30285; 2.10884; 4.47739; 229.979; 0; 0
518979.545014; 1.12056; 0.298849; 2.10913; 5.1576; 460.568; 0; 0
518980.545014; 1.10704; 0.301472; 2.10942; 4.8639; 688.916; 0; 0
518981.545014; 1.10582; 0.299246; 2.10971; -3.43009; 918.98; 0; 0
518982.545014; 1.09238; 0.291781; 2.11; 4.27656; 1147.97; 0; 0
518983.545014; 1.09586; 0.294397; 2.11029; 2.20909; 0.0231188; 0; 0
518984.545014; 1.09396; 0.304504; 2.11058; -5.9216; 230.321; 0; 0
518985.545014; 1.09314; 0.302094; 2.11087; 5.08976; 460.249; 0; 0
518986.545014; 1.08996; 0.300856; 2.11116; 1.72528; 689.397; 0; 0
518987.545014; 1.07872; 0.293803; 2.11144; 4.7793; 919.423; 0; 0
518988.545014; 1.06688; 0.291168; 2.11173; 4.26455; 1148.58; 0; 0
518989.545014; 1.06641; 0.287901; 2.11203; 2.98397; 0.0312283; 0; 0
518990.545014; 1.06472; 0.279461; 2.11232; 3.47433; 232.054; 0; 0
518991.545014; 1.05489; 0.279331; 2.1126; 2.16376; 460.567; 0; 0
518992.545014; 1.05927; 0.275234; 2.1129; 3.20618; 690.164; 0; 0
518993.545014; 1.07807; 0.279727; 2.11319; -6.62299; 920.491; 0; 0
518994.545014; 1.08377; 0.279204; 2.11348; 1.61453; 1150.21; 0; 0
518995.545014; 1.08411; 0.275359; 2.11377; -3.84866; -0.0402776; 0; 0
518996.545014; 1.07886; 0.269116; 2.11406; -3.41597; 230.211; 0; 0
518997.545014; 1.07991; 0.261956; 2.11435; 2.85175; 459.368; 0; 0
518998.545014; 1.07373; 0.260895; 2.11464; 3.51201; 689.145; 0; 0
518999.545014; 1.07708; 0.262152; 2.11493; -3.02225; 918.176; 0; 0
519000.545014; 1.08172; 0.253854; 2.11522; 2.49343; 1149.11; 0; 0
519001.545014; 1.08209; 0.24909; 2.11551; 3.30322; 0.0345692; 0; 0
519002.545015; 1.08681; 0.248851; 2.1158; -2.64333; 231.18; 0; 0
519003.545015; 1.09138; 0.247026; 2.11609; 3.22453; 460.333; 0; 0
519004.545015; 1.09479; 0.244818; 2.11638; 6.75545; 688.732; 0; 0
519005.545015; 1.10007; 0.248911; 2.11667; 3.91304; 919.587; 0; 0
519006.545015; 1.1044; 0.243491; 2.11696; 4.22181; 1148.63; 0; 0
519007.545015; 1.10808; 0.242078; 2.11725; -4.79335; -0.0501641; 0; 0
519008.545015; 1.10442; 0.245224; 2.11754; 4.67293; 230.038; 0; 0
519009.545015; 1.09495; 0.240624; 2.11783; 4.35976; 458.534; 0; 0
519010.545015; 1.09208; 0.242564; 2.11812; 2.46331; 690.377; 0; 0
519011.545015; 1.07485; 0.241206; 2.11841; 4.12424; 919.525; 0; 0
519012.545015; 1.09268; 0.242453; 2.1187; 4.86777; 1148.8; 0; 0
519013.545015; 1.07105; 0.240404; 2.11899; -5.28557; -0.0553152; 0; 0
519014.545015; 1.06735; 0.238325; 2.11928; -2.45726; 229.947; 0; 0
519015.545015; 1.07238; 0.246573; 2.11957; 6.03805; 460.164; 0; 0
519016.545015; 1.06312; 0.243655; 2.11986; 5.21027; 690.197; 0; 0
519017.545015; 1.06048; 0.245275; 2.12015; -5.8716; 918.658; 0; 0
519018.545015; 1.05656; 0.246635; 2.12044; -2.15492; 1148.42; 0; 0
519019.545015; 1.04317; 0.245233; 2.12073; 3.5721; 0.0373832; 0; 0
519020.545015; 1.03631; 0.246793; 2.12102; -2.40724; 229.315; 0; 0
519021.545015; 1.03849; 0.24181; 2.12131; 2.86069; 459.137; 0; 0
519022.545015; 1.0355; 0.24053; 2.1216; 2.97437; 688.319; 0; 0
519023.545015; 1.03543; 0.238691; 2.12189; 3.94262; 918.48; 0; 0
519024.545015; 1.04015; 0.238432; 2.12218; 3.13051; 1148.36; 0; 0
519025.545015; 1.04057; 0.242597; 2.12247; 3.84803; 0.0402709; 0; 0
519026.545015; 1.04542; 0.24454; 2.12276; 4.43503; 229.669; 0; 0
519027.545015; 1.0521; 0.241603; 2.12305; -3.5226; 459.909; 0; 0
519028.545015; 1.04063; 0.242517; 2.12334; 4.14336; 688.604; 0; 0
519029.545015; 1.04192; 0.244053; 2.12363; 3.2268; 919.244; 0; 0
519030.545015; 1.03991; 0.245314; 2.12392; 4.45432; 1148.16; 0; 0
519031.545015; 1.04294; 0.251717; 2.12421; -4.98722; -0.052193; 0; 0
519032.545015; 1.05102; 0.248693; 2.1245; 3.763; 230.128; 0; 0
519033.545015; 1.06745; 0.253592; 2.12479; -7.53929; 459.36; 0; 0
519034.545015; 1.06523; 0.25241; 2.12508; -2.43402; 689.71; 0; 0
519035.545015; 1.06509; 0.255844; 2.12537; -4.68868; 919.073; 0; 0
519036.545015; 1.06536; 0.255915; 2.12566; 2.64002; 1147.62; 0; 0
519037.545015; 1.06319; 0.254161; 2.12595; -2.78129; -0.0291071; 0; 0
519038.545015; 1.06509; 0.249146; 2.12624; -4.48853; 228.622; 0; 0
519039.545015; 1.07378; 0.250103; 2.12653; 5.94323; 460.223; 0; 0
519040.545015; 1.09582; 0.245607; 2.12682; -5.70073; 689.386; 0; 0
519041.545015; 1.089; 0.251025; 2.12711; 3.70917; 918.118; 0; 0
519042.545016; 1.09039; 0.249239; 2.1274; 4.14141; 1147.75; 0; 0
519043.545016; 1.0825; 0.250791; 2.12769; -4.19352; -0.0438865; 0; 0
519044.545016; 1.07327; 0.252577; 2.12798; 3.22626; 229.842; 0; 0
519045.545016; 1.06294; 0.257565; 2.12827; -2.83168; 458.799; 0; 0
519046.545016; 1.07566; 0.25925; 2.12857; -4.25326; 690.259; 0; 0
519047.545016; 1.05836; 0.253927; 2.12885; 7.5185; 917.935; 0; 0
519048.545016; 1.04339; 0.252422; 2.12915; -5.95165; 1148.41; 0; 0
519049.545016; 1.03477; 0.256191; 2.12944; 4.06253; 0.0425157; 0; 0
519050.545016; 1.03772; 0.255242; 2.12973; 2.53415; 230.728; 0; 0
519051.545016; 1.04501; 0.253714; 2.13002; -4.52203; 461.726; 0; 0
519052.545016; 1.05134; 0.252319; 2.13031; -3.413; 690.633; 0; 0
519053.545016; 1.03944; 0.249132; 2.1306; 5.97387; 920.674; 0; 0
519054.545016; 1.03109; 0.245569; 2.13089; 7.08148; 1150.14; 0; 0
519055.545016; 1.03654; 0.251083; 2.13118; 5.113; 0.0535091; 0; 0
519056.545016; 1.04329; 0.246092; 2.13147; 4.08855; 229.209; 0; 0
519057.545016; 1.03489; 0.246438; 2.13176; -4.92343; 458.634; 0; 0
519058.545016; 1.04126; 0.243612; 2.13205; 3.73469; 689.251; 0; 0
519059.545016; 1.04226; 0.241246; 2.13234; 2.96934; 918.926; 0; 0
519060.545016; 1.0486; 0.243519; 2.13263; 4.06102; 1147.75; 0; 0
519061.545016; 1.04804; 0.242786; 2.13292; 2.14938; 0.022494; 0; 0
519062.545016; 1.06376; 0.241686; 2.13321; -5.45098; 230.825; 0; 0
519063.545016; 1.0693; 0.251535; 2.1335; 6.68029; 459.382; 0; 0
519064.545016; 1.07588; 0.252594; 2.13379; -2.52802; 688.151; 0; 0
519065.545016; 1.07449; 0.253025; 2.13408; 5.67262; 919.536; 0; 0
519066.545016; 1.07745; 0.253202; 2.13437; -3.24885; 1149.99; 0; 0
519067.545016; 1.07781; 0.250277; 2.13466; 2.04603; 0.0214123; 0; 0
519068.545016; 1.08248; 0.24682; 2.13495; -4.33489; 230.26; 0; 0
519069.545016; 1.08552; 0.247185; 2.13524; 1.94318; 461.047; 0; 0
519070.545016; 1.0831; 0.24777; 2.13553; 3.69652; 690.101; 0; 0
519071.545016; 1.07434; 0.24603; 2.13582; -3.99029; 919.314; 0; 0
519072.545016; 1.05661; 0.249394; 2.13611; 9.32243; 1149.44; 0; 0
519073.545016; 1.06485; 0.246742; 2.1364; -3.89667; -0.04078; 0; 0
519074.545016; 1.06152; 0.241408; 2.13669; 3.17163; 228.487; 0; 0
519075.545016; 1.07715; 0.243191; 2.13698; -8.28505; 459.969; 0; 0
519076.545016; 1.10072; 0.250537; 2.13727; -7.25594; 690.416; 0; 0
519077.545016; 1.09929; 0.249859; 2.13756; -4.20017; 919.768; 0; 0
519078.545016; 1.09381; 0.247986; 2.13785; 4.02397; 1148.9; 0; 0
519079.545016; 1.11439; 0.241425; 2.13814; -9.89936; -0.1036; 0; 0
519080.545016; 1.12934; 0.238557; 2.13843; 5.92221; 230.841; 0; 0
519081.545016; 1.14032; 0.246098; 2.13872; -8.48743; 460.796; 0; 0
519082.545017; 1.13632; 0.246036; 2.13901; -2.90369; 689.362; 0; 0
519083.545017; 1.13655; 0.245216; 2.1393; 4.38677; 920.334; 0; 0
519084.545017; 1.15067; 0.251811; 2.1396; -8.63696; 1149.5; 0; 0
519085.545017; 1.14516; 0.25114; 2.13988; 3.06981; 0.0321266; 0; 0
519086.545017; 1.13867; 0.252389; 2.14017; -3.59653; 229.349; 0; 0
519087.545017; 1.13755; 0.258633; 2.14046; -4.64477; 459.34; 0; 0
519088.545017; 1.13035; 0.255341; 2.14075; 9.50353; 688.088; 0; 0
519089.545017; 1.13781; 0.254492; 2.14105; -3.83767; 918.971; 0; 0
519090.545017; 1.13855; 0.255179; 2.14134; 5.03316; 1147.6; 0; 0
519091.545017; 1.13765; 0.252805; 2.14163; -2.4259; -0.0253878; 0; 0
519092.545017; 1.13204; 0.251177; 2.14192; 3.42296; 228.418; 0; 0
519093.545017; 1.13038; 0.254904; 2.14221; 2.91883; 459.812; 0; 0
519094.545017; 1.12239; 0.250069; 2.1425; -3.62901; 688.33; 0; 0
519095.545017; 1.12964; 0.25096; 2.14279; 3.65956; 918.569; 0; 0
519096.545017; 1.12963; 0.246129; 2.14308; -2.80156; 1148.29; 0; 0
519097.545017; 1.13217; 0.245556; 2.14337; -5.66409; -0.0592765; 0; 0
519098.545017; 1.12738; 0.239274; 2.14366; 3.90694; 228.889; 0; 0
519099.545017; 1.12563; 0.238377; 2.14395; -1.7617; 460.611; 0; 0
519100.545017; 1.12714; 0.239172; 2.14424; -3.75122; 689.133; 0; 0
519101.545017; 1.1347; 0.243134; 2.14453; -5.46821; 919.455; 0; 0
519102.545017; 1.1206; 0.243474; 2.14482; 6.42445; 1147.03; 0; 0
519103.545017; 1.11525; 0.239109; 2.14511; -4.03027; -0.0421781; 0; 0
519104.545017; 1.12945; 0.240981; 2.1454; -5.5007; 231.315; 0; 0
519105.545017; 1.13016; 0.238753; 2.14569; -3.15807; 460.742; 0; 0
519106.545017; 1.12564; 0.235242; 2.14598; 4.34814; 689.617; 0; 0
519107.545017; 1.13677; 0.236368; 2.14627; -8.21237; 920.445; 0; 0
519108.545017; 1.12629; 0.239381; 2.14656; 3.21984; 1148.9; 0; 0
519109.545017; 1.12048; 0.241157; 2.14685; -2.69195; -0.0281721; 0; 0
519110.545017; 1.12259; 0.244357; 2.14714; 2.91152; 230.144; 0; 0
519111.545017; 1.12534; 0.244884; 2.14743; -3.5578; 458.883; 0; 0
519112.545017; 1.12565; 0.243778; 2.14772; -4.75707; 689.824; 0; 0
519113.545017; 1.12881; 0.239296; 2.14801; -3.95187; 919.364; 0; 0
519114.545017; 1.12251; 0.237809; 2.1483; 2.69046; 1148.94; 0; 0
519115.545017; 1.11012; 0.233162; 2.14858; 4.96062; 0.0519146; 0; 0
519116.545017; 1.11674; 0.233367; 2.14888; -3.7702; 229.724; 0; 0
519117.545017; 1.12838; 0.232406; 2.14917; -5.19758; 460.913; 0; 0
519118.545017; 1.12771; 0.235858; 2.14945; 5.04821; 689.842; 0; 0
